Symbol,Name,LastSale,NetChange,Change,MarketCap,Volume,Sector,Industry,
A,Agilent Technologies Inc. Common Stock,$130.28,2.7,2.116%,39098770756,1649205,Capital Goods,Electrical Products,
AAIC,Arlington Asset Investment Corp Class A (new),$3.50,-0.06,-1.685%,106360037,75741,Consumer Services,Real Estate Investment Trusts,
AAIC^B,Arlington Asset Investment Corp 7.00% ,$22.82,-0.33,-1.425%,,1487,,,
AAIC^C,Arlington Asset Investment Corp 8.250% Seies C Fixed-to-Floating Rate Cumulative Redeemable Preferred Stock   ,$24.7201,0.0201,0.081%,,1164,,,
AAIN,Arlington Asset Investment Corp 6.000% Senior Notes Due 2026,$24.81,0,0.00%,0,1190,,,
AAM^A,Apollo Asset Management Inc. 6.375% Series A Preferred Stock,$24.90,0.11,0.444%,,16914,,,
AAM^B,Apollo Asset Management Inc. 6.375% Series B Preferred Stock,$25.19,0.17,0.679%,,72634,,,
AAN,Aarons Holdings Company Inc. Common Stock ,$22.00,0.22,1.01%,681523128,235882,Miscellaneous,Diversified Commercial Services,
AAP,Advance Auto Parts Inc.,$204.27,5.1,2.561%,12480402462,814695,Consumer Services,Other Specialty Stores,
AAT,American Assets Trust Inc. Common Stock,$36.07,-0.06,-0.166%,2183094584,329656,Consumer Services,Real Estate Investment Trusts,
AB,AllianceBernstein Holding L.P.  Units,$42.85,0.41,0.966%,4253793502,397092,Finance,Investment Managers,
ABBV,AbbVie Inc. Common Stock,$155.88,3.78,2.485%,275713346865,8383562,Health Care,Other Pharmaceuticals,
ABC,AmerisourceBergen Corporation Common Stock,$151.39,5.24,3.585%,31661315376,1843023,Health Care,Other Pharmaceuticals,
ABG,Asbury Automotive Group Inc Common Stock,$185.50,3.91,2.153%,4301340054,254969,Consumer Services,Other Specialty Stores,
ABM,ABM Industries Incorporated Common Stock,$44.62,-1.4,-3.042%,2983697323,403481,Technology,Diversified Commercial Services,
ABR,Arbor Realty Trust Common Stock,$17.26,-0.01,-0.058%,2625469189,2755298,Consumer Services,Real Estate Investment Trusts,
ABR^D,Arbor Realty Trust 6.375% Series D Cumulative Redeemable Preferred Stock Liquidation Preference $25.00 per Share,$21.50,0.53,2.527%,,36480,,,
ABR^E,Arbor Realty Trust 6.25% Series E Cumulative Redeemable Preferred Stock,$21.60,0.35,1.647%,,3509,,,
ABR^F,Arbor Realty Trust 6.25% Series F Fixed-to-Floating Rate Cumulative Redeemable Preferred Stock Liquidation Preference $25.00 per share,$23.75,-0.02,-0.084%,,119131,,,
ABT,Abbott Laboratories Common Stock,$117.48,1.96,1.697%,207173896727,5040913,Health Care,Medical/Dental Instruments,
AC,Associated Capital Group Inc. Common Stock,$40.90,0.67,1.665%,902175758,38602,Finance,Investment Bankers/Brokers/Service,
ACC,American Campus Communities Inc Common Stock,$54.46,0.66,1.227%,7578485482,687505,Consumer Services,Real Estate Investment Trusts,
ACCO,Acco Brands Corporation Common Stock,$8.26,-0.01,-0.121%,791731647,348494,Consumer Services,Advertising,
ACEL,Accel Entertainment Inc. ,$13.04,0.33,2.596%,1218073742,150571,Consumer Services,Recreational Products/Toys,
ACHR,Archer Aviation Inc. Class A Common Stock,$3.33,0.42,14.433%,790311544,2934713,Capital Goods,Aerospace,
ACI,Albertsons Companies Inc. Class A Common Stock,$35.58,0.31,0.879%,17371580374,1386685,Consumer Services,Food Chains,
ACM,AECOM Common Stock,$75.65,0.52,0.692%,10692581080,918517,Consumer Services,Military/Government/Technical,
ACP,Aberdeen Income Credit Strategies Fund Common Shares,$9.51,0.17,1.82%,221246527,114311,Finance,Investment Managers,
ACP^A,Aberdeen Income Credit Strategies Fund 5.250% Series A Perpetual Preferred Stock,$25.37,0.272,1.084%,,1957,,,
ACR,ACRES Commercial Realty Corp. Common Stock,$12.24,0.34,2.857%,108814151,23789,Consumer Services,Real Estate Investment Trusts,
ACR^C,ACRES Commercial Realty Corp. 8.625% Fixed-to-Floating Series C Cumulative Redeemable Preferred Stock ,$24.73,0.81,3.386%,,3636,,,
ACR^D,ACRES Commercial Realty Corp. 7.875% Series D Cumulative Redeemable Preferred Stock,$24.30,0.07,0.289%,,537,,,
ACRE,Ares Commercial Real Estate Corporation Common Stock,$14.78,-0.04,-0.27%,697942150,305379,Consumer Services,Real Estate Investment Trusts,
ACV,Virtus AllianzGI Diversified Income & Convertible Fund Common Shares of Beneficial Interest,$23.435,0.025,0.107%,242644115,50887,Finance,Finance/Investors Services,
ADC,Agree Realty Corporation Common Stock,$63.51,0.56,0.89%,4527330102,318812,Consumer Services,Real Estate Investment Trusts,
ADC^A,Agree Realty Corporation Depositary Shares each representing 1/1000th of a 4.250% Series A Cumulative Redeemable Preferred Stock,$19.52,0.17,0.879%,,2210,,,
ADM,Archer-Daniels-Midland Company Common Stock,$82.81,0.24,0.291%,46553013827,3693002,,,
ADS,Alliance Data Systems Corporation Common Stock,$58.30,2.47,4.424%,2911976912,1197537,Finance,Diversified Financial Services,
ADT,ADT Inc. Common Stock,$7.46,0.13,1.774%,6796511173,2377426,Consumer Services,Diversified Commercial Services,
ADX,Adams Diversified Equity Fund Inc.,$17.33,0.37,2.182%,2041981873,201958,Finance,Investment Managers,
AEE,Ameren Corporation Common Stock,$88.46,1.08,1.236%,22798334304,1262057,Public Utilities,Power Generation,
AEL,American Equity Investment Life Holding Company Common Stock,$38.20,-0.12,-0.313%,3703458447,501283,Finance,Life Insurance,
AEL^A,American Equity Investment Life Holding Company Depositary Shares each representing a 1/1000th interest in a share of 5.95% Fixed-Rate Reset Non-Cumulative Preferred Stock Series A,$25.09,-0.0028,-0.011%,,22276,,,
AEL^B,American Equity Investment Life Holding Company Depositary Shares each representing a 1/1000th interest in a share of 6.625% Fixed-Rate Reset Non-Cumulative Preferred Stock Series B,$25.68,-0.0371,-0.144%,,10598,,,
AEO,American Eagle Outfitters Inc. Common Stock,$18.06,0.25,1.404%,3045307198,5300209,Consumer Services,Clothing/Shoe/Accessory Stores,
AES,The AES Corporation Common Stock,$22.34,0.62,2.855%,14909607472,4247699,Public Utilities,Electric Utilities: Central,
AESC,The AES Corporation Corporate Units,$88.91,1.14,1.299%,0,14098,Public Utilities,Electric Utilities: Central,
AFB,AllianceBernstein National Municipal Income Fund Inc,$12.61,0.06,0.478%,362473643,75456,Finance,Trusts Except Educational Religious and Charitable,
AFG,American Financial Group Inc. Common Stock,$139.31,2.27,1.656%,11831897956,398469,Finance,Property-Casualty Insurers,
AFGB,American Financial Group Inc. 5.875% Subordinated Debentures due 2059,$25.33,0.0743,0.294%,0,6970,Finance,Property-Casualty Insurers,
AFGC,American Financial Group Inc. 5.125% Subordinated Debentures due 2059,$25.31,0.27,1.078%,25260899,10355,Finance,Real Estate,
AFGD,American Financial Group Inc. 5.625% Subordinated Debentures due 2060,$25.14,0.22,0.883%,0,2966,,,
AFGE,American Financial Group Inc. 4.500% Subordinated Debentures due 2060,$21.70,-0.16,-0.732%,0,1970,,,
AFL,AFLAC Incorporated Common Stock,$61.26,0.42,0.69%,39810477203,2168096,Finance,Accident &Health Insurance,
AGCO,AGCO Corporation Common Stock,$126.94,-1.81,-1.406%,9461701900,1143372,Capital Goods,Industrial Machinery/Components,
AGD,Aberdeen Global Dynamic Dividend Fund,$10.43,0.09,0.87%,130892140,37159,Finance,Trusts Except Educational Religious and Charitable,
AGM,Federal Agricultural Mortgage Corporation Common Stock,$128.50,-0.23,-0.179%,1383515682,50973,Finance,Finance Companies,
AGM^C,Federal Agricultural Mortgage Corporation Preferred Series C Fixed to Fltg,$25.82,0,0.00%,,50,,,
AGM^D,Federal Agricultural Mortgage Corporation 5.700% Non-Cumulative Preferred Stock Series D,$24.90,0.0546,0.22%,,8408,,,
AGM^E,Federal Agricultural Mortgage Corporation 5.750% Non-Cumulative Preferred Stock Series E,$25.00,0.08,0.321%,,8609,,,
AGM^F,Federal Agricultural Mortgage Corporation 5.250% Non-Cumulative Preferred Stock Series F,$23.67,0.26,1.111%,,13148,,,
AGM^G,Federal Agricultural Mortgage Corporation 4.875% Non-Cumulative Preferred Stock Series G,$22.80,-0.5,-2.146%,,10309,,,
AGR,Avangrid Inc. Common Stock,$44.73,0.38,0.857%,17291611307,478636,Public Utilities,Electric Utilities: Central,
AGS,PlayAGS Inc. Common Stock,$7.00,0.14,2.041%,258775370,365055,Consumer Services,Recreational Products/Toys,
AGX,Argan Inc. Common Stock,$40.44,0.06,0.149%,635504288,92683,Capital Goods,Oilfield Services/Equipment,
AHH,Armada Hoffler Properties Inc. Common Stock,$14.83,0,0.00%,998419562,383561,Consumer Services,Real Estate Investment Trusts,
AHH^A,Armada Hoffler Properties Inc. 6.75% Series A Cumulative Redeemable Perpetual Preferred Stock,$25.90,0.1,0.388%,,1051,,,
AHT,Ashford Hospitality Trust Inc Common Stock,$8.45,0.37,4.579%,291469475,837931,Consumer Services,Real Estate Investment Trusts,
AHT^D,Ashford Hospitality Trust Inc 8.45% Series D Cumulative Preferred Stock,$23.7501,0.0409,0.173%,,3056,,,
AHT^F,Ashford Hospitality Trust Inc 7.375% Series F Cumulative Preferred Stock,$22.375,-0.505,-2.207%,,424,,,
AHT^G,Ashford Hospitality Trust Inc 7.375% Series G Cumulative Preferred Stock,$21.6736,-0.8266,-3.674%,,800,,,
AHT^H,Ashford Hospitality Trust Inc 7.50% Series H Cumulative Preferred Stock,$21.30,0,0.00%,,32,,,
AHT^I,Ashford Hospitality Trust Inc 7.50% Series I Cumulative Preferred Stock,$21.97,0,0.00%,,3,,,
AIC,Arlington Asset Investment Corp 6.750% Notes due 2025,$25.04,-0.04,-0.159%,0,2924,Consumer Services,Real Estate Investment Trusts,
AIG,American International Group Inc. New Common Stock,$58.55,1.04,1.808%,50442331726,3901258,Finance,Life Insurance,
AIG^A,American International Group Inc. Depositary Shares Each Representing a 1/1000th Interest in a Share of Series A 5.85% Non-Cumulative Perpetual Preferred Stock,$25.27,0.37,1.486%,,133825,,,
AIN,Albany International Corporation Common Stock,$85.35,0.31,0.365%,2719259876,108864,Basic Industries,Textiles,
AIR,AAR Corp. Common Stock,$43.92,-0.42,-0.947%,1557792814,322169,Capital Goods,Aerospace,
AIT,Applied Industrial Technologies Inc. Common Stock,$101.76,0.61,0.603%,3913335373,121981,Capital Goods,Industrial Machinery/Components,
AIV,Apartment Investment and Management Company Common Stock,$7.27,0.28,4.006%,1109084090,2193151,Consumer Services,Real Estate Investment Trusts,
AIZ,Assurant Inc. Common Stock,$173.51,2.87,1.682%,9571094248,332485,Finance,Specialty Insurers,
AIZN,Assurant Inc. 5.25% Subordinated Notes due 2061,$22.86,-0.0137,-0.06%,0,30607,Finance,Accident &Health Insurance,
AJG,Arthur J. Gallagher & Co. Common Stock,$158.56,3.82,2.469%,33066419520,1034073,Finance,Specialty Insurers,
AJRD,Aerojet Rocketdyne Holdings Inc. Common Stock,$37.78,-0.35,-0.918%,3042959763,752792,Capital Goods,Military/Government/Technical,
AJX,Great Ajax Corp. Common Stock,$11.25,0.14,1.26%,260429423,75508,Consumer Services,Real Estate Investment Trusts,
AJXA,Great Ajax Corp. 7.25% Convertible Senior Notes due 2024,$24.99,0.14,0.563%,0,3784,Consumer Services,Real Estate Investment Trusts,
AKR,Acadia Realty Trust Common Stock,$21.56,0.04,0.186%,2017950091,739955,Consumer Services,Real Estate Investment Trusts,
AL,Air Lease Corporation Class A Common Stock,$39.89,1.47,3.826%,4549354177,1529018,Technology,Diversified Commercial Services,
AL^A,Air Lease Corporation 6.150% Fixed-to-Floating Rate Non-Cumulative Perpetual Preferred Stock Series A,$23.40,0.14,0.602%,,40245,,,
ALB,Albemarle Corporation Common Stock,$181.95,5.66,3.211%,21294812099,834372,Basic Industries,Industrial Specialties,
ALE,Allete Inc.,$66.46,1.12,1.714%,3538574375,201906,Public Utilities,Power Generation,
ALEX,Alexander & Baldwin Inc. Common Stock REIT Holding Company,$23.45,0.28,1.208%,1704354536,477541,Consumer Services,Real Estate Investment Trusts,
ALG,Alamo Group Inc. Common Stock,$146.50,1.11,0.763%,1748419193,33872,Capital Goods,Industrial Machinery/Components,
ALK,Alaska Air Group Inc. Common Stock,$51.74,2.14,4.315%,6514708921,2710633,Transportation,Air Freight/Delivery Services,
ALL,Allstate Corporation (The) Common Stock,$127.13,1.25,0.993%,35386134608,1699597,Finance,Property-Casualty Insurers,
ALL^B,Allstate Corporation (The) 5.100% Fixed-to-Floating Rate Subordinated Debentures due 2053,$25.14,0.08,0.319%,,41932,,,
ALL^G,Allstate Corporation (The) Depositary Shares each representing a 1/1000th interest in a share of Fixed Rate Noncumulative Perpetual Preferred Stock Series G,$25.40,0.06,0.237%,,17832,,,
ALL^H,Allstate Corporation (The) Depositary Shares each representing a 1/1000th interest in a share of Fixed Rate Noncumulative Perpetual Preferred Stock Series H,$24.00,0.04,0.167%,,228228,,,
ALL^I,Allstate Corporation (The) Depositary Shares each representing a 1/1000th interest in a share of Fixed Rate Noncumulative Perpetual Preferred Stock Series I,$23.545,0.135,0.577%,,37662,,,
ALLE,Allegion plc Ordinary Shares,$114.47,2.52,2.251%,10099738696,611490,Consumer Services,Diversified Commercial Services,
ALLY,Ally Financial Inc. Common Stock,$41.44,-0.21,-0.504%,13807621727,5807566,Finance,Diversified Financial Services,
ALP^Q,Alabama Power Company 5.00% Class A Preferred Stock Cumulative Par Value $1 Per Share (Stated Capital $25 Per Share),$25.10,0.03,0.12%,,14169,,,
ALSN,Allison Transmission Holdings Inc. Common Stock,$38.59,-0.92,-2.329%,3774841153,1530458,Capital Goods,Auto Parts:O.E.M.,
ALX,Alexander's Inc. Common Stock,$249.91,0.07,0.028%,1276362844,7297,Consumer Services,Real Estate Investment Trusts,
AM,Antero Midstream Corporation Common Stock,$9.67,-0.07,-0.719%,4619192193,3539016,Public Utilities,Natural Gas Distribution,
AMBC,Ambac Financial Group Inc. Common Stock,$12.38,0.27,2.23%,573652134,750172,Finance,Property-Casualty Insurers,
AME,AMETEK Inc.,$129.38,2.29,1.802%,29977461536,1228427,Consumer Durables,Metal Fabrications,
AMG,Affiliated Managers Group Inc. Common Stock,$130.26,2.18,1.702%,5181553011,189732,Finance,Investment Managers,
AMK,AssetMark Financial Holdings Inc. Common Stock,$21.13,0.07,0.332%,1554396776,46750,Finance,Finance/Investors Services,
AMN,AMN Healthcare Services Inc AMN Healthcare Services Inc,$101.44,5.83,6.098%,4731293472,896216,Health Care,Assisted Living Services,
AMP,Ameriprise Financial Inc. Common Stock,$279.59,5.99,2.189%,30964856713,578258,Finance,Investment Managers,
AMPY,Amplify Energy Corp. Common Stock,$5.40,-0.23,-4.085%,205546756,1263970,Energy,Oil & Gas Production,
AMR,Alpha Metallurgical Resources Inc. Common Stock,$113.44,0.09,0.079%,2102382612,892474,Energy,Coal Mining,
AMRC,Ameresco Inc. Class A Common Stock,$70.39,1.72,2.505%,3640874111,249256,Basic Industries,Water Sewer Pipeline Comm & Power Line Construction,
AMT,American Tower Corporation (REIT) Common Stock,$236.21,1.28,0.545%,107684550025,1422042,Consumer Services,Real Estate Investment Trusts,
AMWL,American Well Corporation Class A Common Stock,$3.29,0.23,7.516%,866305873,3633267,Technology,Retail: Computer Software & Peripheral Equipment,
AN,AutoNation Inc. Common Stock,$115.24,2.18,1.928%,7072458459,643177,Consumer Services,Other Specialty Stores,
ANF,Abercrombie & Fitch Company Common Stock,$30.00,0.59,2.006%,1589550000,1632399,Consumer Services,Clothing/Shoe/Accessory Stores,
ANTM,Anthem Inc. Common Stock,$467.69,9.36,2.042%,112855640338,1303878,Health Care,Medical Specialities,
ANVS,Annovis Bio Inc. Common Stock,$12.58,0.18,1.452%,102702151,29313,Consumer Durables,Specialty Chemicals,
AOD,Aberdeen Total Dynamic Dividend Fund Common Stock,$9.00,0.16,1.81%,948878991,463969,Finance,Investment Managers,
AON,Aon plc Class A Ordinary Shares (Ireland),$307.62,10.36,3.485%,65813594785,1600471,Finance,Specialty Insurers,
AORT,Artivion Inc. Common Stock,$19.52,0.27,1.403%,783054970,99670,Health Care,Medical/Dental Instruments,
AOS,A.O. Smith Corporation Common Stock,$66.14,0.26,0.395%,10385483230,759261,Capital Goods,Industrial Machinery/Components,
AP,Ampco-Pittsburgh Corporation Common Stock,$6.40,0,0.00%,122200205,20976,Capital Goods,Metal Fabrications,
APAM,Artisan Partners Asset Management Inc. Class A Common Stock,$36.39,0.05,0.138%,2420484016,707836,Finance,Investment Managers,
APD,Air Products and Chemicals Inc. Common Stock,$222.63,4.36,1.998%,49360941868,2133518,Basic Industries,Specialty Chemicals,
APH,Amphenol Corporation Common Stock,$73.43,1.94,2.714%,43980147531,3795837,Capital Goods,Electrical Products,
APLE,Apple Hospitality REIT Inc. Common Shares,$17.91,0.07,0.392%,4088058548,1734130,Consumer Services,Real Estate Investment Trusts,
APRN,Blue Apron Holdings Inc. Class A Common Stock,$4.45,0.04,0.907%,144802426,701639,Consumer Services,Catalog/Specialty Distribution,
APSG,Apollo Strategic Growth Capital Class A Ordinary Shares,$9.89,0,0.00%,1009781363,29881,Finance,Business Services,
APTS,Preferred Apartment Communities Inc. Common Stock,$25.10,0.04,0.16%,1398941572,1734610,Consumer Services,Real Estate Investment Trusts,
AQUA,Evoqua Water Technologies Corp. Common Stock,$43.34,1.9,4.585%,5237640994,592305,Capital Goods,Office Equipment/Supplies/Services,
ARC,ARC Document Solutions Inc. Common Stock,$3.76,0.04,1.075%,162443746,139131,Miscellaneous,Business Services,
ARCH,Arch Resources Inc. Class A Common Stock,$141.47,3.31,2.396%,2177655208,919097,Energy,Coal Mining,
ARDC,Ares Dynamic Credit Allocation Fund Inc. Common Shares,$13.80,0.19,1.396%,316227000,126007,Finance,Investment Managers,
ARE,Alexandria Real Estate Equities Inc. Common Stock,$190.76,2.33,1.237%,30510789822,703056,Consumer Services,Real Estate Investment Trusts,
ARI,Apollo Commercial Real Estate Finance Inc,$13.50,0.06,0.446%,1897309022,711484,Consumer Services,Real Estate Investment Trusts,
ARL,American Realty Investors Inc. Common Stock,$13.55,0,0.00%,218860183,170,Consumer Services,Building operators,
ARLO,Arlo Technologies Inc. Common Stock,$9.33,0.21,2.303%,791142472,746970,Miscellaneous,Diversified Manufacture,
AROC,Archrock Inc. Common Stock,$8.39,-0.39,-4.442%,1302389080,926700,Energy,Oil & Gas Production,
ARR,ARMOUR Residential REIT Inc.,$8.43,0.01,0.119%,809329391,2657432,Consumer Services,Real Estate Investment Trusts,
ARR^C,ARMOUR Residential REIT Inc. 7% Series C Cumulative Redeemable Preferred Stock (liquidation preference $25.00 per share),$23.62,-0.03,-0.127%,,24881,,,
ARW,Arrow Electronics Inc. Common Stock,$122.29,2.31,1.925%,8278186019,431309,Technology,Electronic Components,
ASA,ASA  Gold and Precious Metals Limited,$21.50,-0.22,-1.013%,414732958,78691,Basic Industries,Precious Metals,
ASAQ,Atlantic Street Acquisition Corp Class A Common Stock,$9.85,0,0.00%,307812500,23498,,,
ASB,Associated Banc-Corp Common Stock,$23.12,-0.31,-1.323%,3458863415,1477695,Finance,Major Banks,
ASB^E,Associated Banc-Corp Depositary Shares each representing a 1/40th interest in a share of 5.875% Non-Cumulative Perpetual Preferred Stock Series E,$25.27,-0.0799,-0.315%,,2495,,,
ASB^F,Associated Banc-Corp Depositary Shares each representing a 1/40th interest in a share of Associated Banc-Corp 5.625% Non-Cumulative Perpetual Preferred Stock Series F,$24.47,0.11,0.452%,,7271,,,
ASG,Liberty All-Star Growth Fund Inc.,$6.67,0.18,2.773%,368691213,192024,Finance,Investment Managers,
ASGN,ASGN Incorporated Common Stock,$110.41,2.41,2.231%,5697156000,301704,Technology,EDP Services,
ASH,Ashland Global Holdings Inc. Common Stock,$90.51,2.2,2.491%,5088813151,696745,Basic Industries,Specialty Chemicals,
ASIX,AdvanSix Inc. Common Stock ,$49.42,0.29,0.59%,1390738252,395098,Basic Industries,Major Chemicals,
ASPN,Aspen Aerogels Inc. Common Stock,$28.15,1.83,6.953%,935545995,705848,Capital Goods,Wholesale Distributors,
ATGE,Adtalem Global Education Inc. Common Stock,$26.85,1.37,5.377%,1337322300,532155,Miscellaneous,Other Consumer Services,
ATI,Allegheny Technologies Incorporated Common Stock,$26.37,0.63,2.448%,3360794821,1972608,Basic Industries,Steel/Iron Ore,
ATKR,Atkore Inc. Common Stock,$101.55,1.13,1.125%,4555133198,297309,Technology,Electrical Products,
ATO,Atmos Energy Corporation Common Stock,$114.11,1.25,1.108%,15454177128,1193652,Public Utilities,Oil/Gas Transmission,
ATR,AptarGroup Inc. Common Stock,$116.81,2.29,2.00%,7658311821,199537,Health Care,Medical/Dental Instruments,
ATUS,Altice USA Inc. Class A Common Stock,$11.03,0.18,1.659%,5014837525,3453091,Public Utilities,Telecommunications Equipment,
AUD,Audacy Common Stock,$2.91,0.05,1.748%,419321944,349956,Consumer Services,Broadcasting,
AVA,Avista Corporation Common Stock,$45.45,-0.08,-0.176%,3252973307,436742,Public Utilities,Power Generation,
AVB,AvalonBay Communities Inc. Common Stock,$240.22,0.9,0.376%,33571342187,533589,Consumer Services,Real Estate Investment Trusts,
AVD,American Vanguard Corporation Common Stock ($0.10 Par Value),$17.28,-0.37,-2.096%,534531174,242298,Basic Industries,Agricultural Chemicals,
AVK,Advent Convertible and Income Fund,$14.64,0.19,1.315%,505449250,131054,Finance,Trusts Except Educational Religious and Charitable,
AVLR,Avalara Inc. Common Stock,$77.68,1.84,2.426%,6795956991,1510029,Technology,EDP Services,
AVNS,Avanos Medical Inc. Common Stock,$31.75,0.45,1.438%,1502343833,322467,Health Care,Industrial Specialties,
AVNT,Avient Corporation Common Stock,$48.60,0.18,0.372%,4451998772,419367,Basic Industries,Major Chemicals,
AVY,Avery Dennison Corporation Common Stock,$167.13,1.2,0.723%,13764046804,479559,Miscellaneous,Office Equipment/Supplies/Services,
AWF,Alliancebernstein Global High Income Fund,$10.41,0.08,0.774%,897650938,188971,Finance,Trusts Except Educational Religious and Charitable,
AWI,Armstrong World Industries Inc Common Stock,$90.87,1.05,1.169%,4278534620,360038,,,
AWK,American Water Works Company Inc. Common Stock,$155.95,3.33,2.182%,28340012346,677090,Public Utilities,Water Supply,
AWP,Aberdeen Global Premier Properties Fund Common Shares of Beneficial Interest,$6.06,0.11,1.849%,517572183,589005,Finance,Trusts Except Educational Religious and Charitable,
AWR,American States Water Company Common Stock,$85.97,1.96,2.333%,3176198961,215944,Public Utilities,Water Supply,
AX,Axos Financial Inc. Common Stock,$47.63,0.28,0.591%,2834075449,426387,Finance,Savings Institutions,
AXL,American Axle & Manufacturing Holdings Inc. Common Stock,$8.05,-0.01,-0.124%,918327393,2060691,Capital Goods,Auto Parts:O.E.M.,
AXP,American Express Company Common Stock,$176.04,3.25,1.881%,133676853144,3825288,Finance,Finance: Consumer Services,
AXR,AMREP Corporation Common Stock,$10.41,-0.04,-0.383%,76371612,29439,Consumer Services,Homebuilding,
AXTA,Axalta Coating Systems Ltd. Common Shares,$23.75,0.08,0.338%,5332657800,2240987,Basic Industries,Paints/Coatings,
AYI,Acuity Brands Inc. ,$184.39,2.88,1.587%,6457008295,232346,Consumer Durables,Building Products,
AYX,Alteryx Inc. Class A Common Stock,$57.27,3.03,5.586%,3873551633,1666244,Technology,Computer Software: Prepackaged Software,
AZEK,The AZEK Company Inc. Class A Common Stock,$25.42,1.04,4.266%,3941135789,1935417,,,
AZO,AutoZone Inc. Common Stock,$1923.94,54.71,2.927%,38415309980,181200,,,
AZZ,AZZ Inc.,$48.26,-0.34,-0.70%,1191669605,114377,Capital Goods,Industrial Machinery/Components,
B,Barnes Group Inc. Common Stock,$40.38,-0.61,-1.488%,2046958991,390385,Capital Goods,Office Equipment/Supplies/Services,
BA,Boeing Company (The) Common Stock,$179.89,4.37,2.49%,104875827726,8038826,Capital Goods,Aerospace,
BAC,Bank of America Corporation Common Stock,$41.50,0.3,0.728%,358030980908,41373255,Finance,Major Banks,
BAC^B,Bank of America Corporation Depositary Shares each representing a 1/1000th interest in a share of 6.000% Non-Cumulative Preferred Stock Series GG,$25.61,0.12,0.471%,,57544,,,
BAC^E,Bank of America Corporation Depositary Sh repstg 1/1000th Perp Pfd Ser E,$21.68,0.18,0.837%,,31124,,,
BAC^K,Bank of America Corporation Depositary Shares each representing a 1/1000th interest in a share of 5.875% Non- Cumulative Preferred Stock Series HH,$25.45,0.1,0.394%,,69184,,,
BAC^L,Bank of America Corporation Non Cumulative Perpetual Conv Pfd Ser L,$1293.00,4.86,0.377%,,35608,,,
BAC^M,Bank of America Corporation Depositary Shares each representing a 1/1000th interest in a share of 5.375% Non-Cumulative Preferred Stock Series KK,$24.99,0.24,0.97%,,124981,,,
BAC^N,Bank of America Corporation Depositary shares each representing 1/1000th interest in a share of 5.000% Non-Cumulative Preferred Stock Series LL,$23.56,0.15,0.641%,,172396,,,
BAC^O,Bank of America Corporation Depositary shares each representing 1/1000th interest in a share of 4.375% Non-Cumulative Preferred Stock Series NN,$20.80,0,0.00%,,153550,,,
BAC^P,Bank of America Corporation Depositary Shares each representing a 1/1000th interest in a share of 4.125% Non-Cumulative Preferred Stock Series PP,$20.10,0.18,0.904%,,122226,,,
BAC^Q,Bank of America Corporation Depositary shares each representing 1/1000th interest in a share of 4.250% Non-Cumulative Preferred Stock Series QQ,$20.3892,0.0792,0.39%,,128149,,,
BAC^S,Bank of America Corporation Depositary shares each representing 1/1000th interest in a share of 4.750% Non-Cumulative Preferred Stock Series SS,$23.02,-0.275,-1.181%,,170050,,,
BAH,Booz Allen Hamilton Holding Corporation Common Stock,$84.95,1.46,1.749%,11320240596,688685,Consumer Services,Professional Services,
BANC,Banc of California Inc. Common Stock,$19.14,-0.09,-0.468%,1199459548,213394,Finance,Major Banks,
BAX,Baxter International Inc. Common Stock,$78.67,0.68,0.872%,39515439400,1720681,Health Care,Medical/Dental Instruments,
BBDC,Barings BDC Inc. Common Stock,$10.12,-0.02,-0.197%,1126488268,862670,Finance,Investment Managers,
BBLN,Babylon Holdings Limited Class A Ordinary Shares,$4.54,0.02,0.442%,1877573119,323170,,,
BBN,BlackRock Taxable Municipal Bond Trust Common Shares of Beneficial Interest,$21.12,0.04,0.19%,1260466458,306976,Finance,Finance Companies,
BBW,Build-A-Bear Workshop Inc. Common Stock,$16.84,0.88,5.514%,274960977,557205,Consumer Services,Recreational Products/Toys,
BBWI,Bath & Body Works Inc.,$47.12,0.7,1.508%,11501942618,4364546,Miscellaneous,Diversified Commercial Services,
BBY,Best Buy Co. Inc. Common Stock,$99.06,4.42,4.67%,23829962556,2970937,Consumer Services,Consumer Electronics/Video Chains,
BC,Brunswick Corporation Common Stock,$88.01,2.31,2.695%,6738333393,871777,Basic Industries,Homebuilding,
BC^A,Brunswick Corporation 6.500% Senior Notes due 2048,$26.6575,0.2475,0.937%,,11010,,,
BC^B,Brunswick Corporation 6.625% Senior Notes due 2049,$25.7696,0.2064,0.807%,,5627,,,
BC^C,Brunswick Corporation 6.375% Notes due 2049,$25.94,-0.0272,-0.105%,,3521,,,
BCAT,BlackRock Capital Allocation Trust Common Shares of Beneficial Interest,$15.96,0.18,1.141%,1781733830,508873,Finance,Finance/Investors Services,
BCC,Boise Cascade L.L.C. Common Stock,$77.78,2.37,3.143%,3059150168,328339,,,
BCO,Brinks Company (The) Common Stock,$64.68,0.15,0.232%,3075425208,348634,Miscellaneous,Diversified Manufacture,
BCSF,Bain Capital Specialty Finance Inc. Common Stock,$15.78,-0.01,-0.063%,1018792542,145485,Finance,Finance/Investors Services,
BCX,BlackRock Resources Common Shares of Beneficial Interest,$9.83,-0.31,-3.057%,868146221,593646,Finance,Finance/Investors Services,
BDC,Belden Inc Common Stock,$56.49,1.6,2.915%,2541587403,261249,Capital Goods,Telecommunications Equipment,
BDJ,Blackrock Enhanced Equity Dividend Trust,$9.33,0.17,1.856%,1735412039,577155,Finance,Finance Companies,
BDN,Brandywine Realty Trust Common Stock,$13.22,-0.06,-0.452%,2265695317,1219754,Consumer Services,Real Estate Investment Trusts,
BDX,Becton Dickinson and Company Common Stock,$258.69,1.89,0.736%,73667429909,1160509,Health Care,Medical/Dental Instruments,
BDXB,Becton Dickinson and Company Depositary Shares each Representing a 1/20th Interest in a Share of 6.00% Mandatory Convertible Preferred Stock Series B,$52.35,0.41,0.789%,0,609619,Health Care,Medical/Dental Instruments,
BEN,Franklin Resources Inc. Common Stock,$26.97,0.14,0.522%,13542294690,4022137,Finance,Investment Managers,
BERY,Berry Global Group Inc. Common Stock,$58.40,0.13,0.223%,7901520000,1228662,Consumer Non-Durables,Plastic Products,
BF/A,Brown Forman Corporation,$59.57,1.28,2.196%,,29877,,,
BF/B,Brown Forman Corporation,$63.56,1.2,1.924%,,1409829,,,
BFAM,Bright Horizons Family Solutions Inc. Common Stock,$132.93,5.96,4.694%,7880263475,395326,Miscellaneous,Other Consumer Services,
BFK,BlackRock Municipal Income Trust,$12.74,-0.12,-0.933%,573164166,92352,Finance,Finance Companies,
BFS,Saul Centers Inc. Common Stock,$48.16,1.68,3.614%,1146208000,60620,Consumer Services,Real Estate Investment Trusts,
BFS^D,Saul Centers Inc. Depositary Shares each representing 1/100th of a share of 6.125% Series D Cumulative Redeemable Preferred Stock,$25.40,0.41,1.641%,,6460,,,
BFS^E,Saul Centers Inc. Depositary shares each representing a 1/100th fractional interest in a share of 6.000% Series E Cumulative Redeemable Preferred Stock,$25.19,0.44,1.778%,,1028,,,
BFZ,BlackRock California Municipal Income Trust,$12.44,0,0.00%,389890537,51007,Finance,Finance Companies,
BG,Bunge Limited Bunge Limited,$108.06,-0.09,-0.083%,15269114003,1474842,Basic Industries,Agricultural Chemicals,
BGH,Barings Global Short Duration High Yield Fund Common Shares of Beneficial Interests,$15.04,0.11,0.737%,301767268,44036,Finance,Investment Managers,
BGR,BlackRock Energy and Resources Trust,$10.45,-0.22,-2.062%,304183522,305545,Finance,Trusts Except Educational Religious and Charitable,
BGS,B&G Foods Inc. B&G Foods Inc. Common Stock,$26.07,0.33,1.282%,1786359442,1039939,Consumer Non-Durables,Packaged Foods,
BGSF,BGSF Inc. Common Stock,$13.65,-0.08,-0.583%,142304117,21292,Technology,Diversified Commercial Services,
BGT,BlackRock Floating Rate Income Trust,$11.88,0.06,0.508%,265735083,85774,Finance,Trusts Except Educational Religious and Charitable,
BGY,Blackrock Enhanced International Dividend Trust,$5.46,0.15,2.825%,569139322,316429,Finance,Trusts Except Educational Religious and Charitable,
BH,Biglari Holdings Inc. Class B Common Stock,$156.15,0.9,0.58%,484527204,3452,Consumer Services,Restaurants,
BHE,Benchmark Electronics Inc. Common Stock,$25.69,0.13,0.509%,904244764,132379,Technology,Electrical Products,
BHK,Blackrock Core Bond Trust Blackrock Core Bond Trust,$12.78,-0.04,-0.312%,690256772,234501,Finance,Finance Companies,
BHLB,Berkshire Hills Bancorp Inc. Common Stock,$30.05,0.2,0.67%,1453785675,256065,Finance,Savings Institutions,
BHR,Braemar Hotels & Resorts Inc. Common Stock,$5.89,0.13,2.257%,384904715,365437,Consumer Services,Real Estate Investment Trusts,
BHR^B,Braemar Hotels & Resorts Inc. 5.50% Series B Cumulative Convertible Preferred Stock par value $0.01 per share,$17.97,0.21,1.182%,,577,,,
BHR^D,Braemar Hotels & Resorts Inc. 8.25% Series D Cumulative Preferred Stock  par value $0.01 per share,$25.2717,-0.7083,-2.726%,,755,,,
BHV,BlackRock Virginia Municipal Bond Trust,$18.60,-0.35,-1.847%,29948548,1744,Finance,Finance/Investors Services,
BHVN,Biohaven Pharmaceutical Holding Company Ltd. Common Shares,$116.74,-1.83,-1.543%,8232918176,591757,Health Care,Biotechnology: Pharmaceutical Preparations,
BIF,Boulder Growth & Income Fund Inc.,$14.16,0.24,1.724%,1380511160,64418,Finance,Investment Managers,
BIG,Big Lots Inc. Common Stock,$36.93,4.94,15.442%,1127852171,9232217,Consumer Services,Department/Specialty Retail Stores,
BIO,Bio-Rad Laboratories Inc. Class A Common Stock,$548.74,7.68,1.419%,16425125479,206222,Capital Goods,Biotechnology: Laboratory Analytical Instruments,
BIO/B,Bio-Rad Laboratories Inc.,$559.65,0,0.00%,,52,,,
BJ,BJ's Wholesale Club Holdings Inc. Common Stock,$63.46,0.04,0.063%,8590836134,1538937,Consumer Services,Department/Specialty Retail Stores,
BK,The Bank of New York Mellon Corporation Common Stock,$50.55,0.02,0.04%,40799220129,5743707,Finance,Investment Managers,
BKD,Brookdale Senior Living Inc. Common Stock,$6.94,0.04,0.58%,1287929010,1416334,Health Care,Hospital/Nursing Management,
BKE,Buckle Inc. (The) Common Stock,$36.10,0.33,0.923%,1797180054,720873,Consumer Services,Clothing/Shoe/Accessory Stores,
BKH,Black Hills Corporation Common Stock,$72.46,1.29,1.813%,4690968014,367707,Public Utilities,Electric Utilities: Central,
BKKT,Bakkt Holdings Inc. Class A Common Stock,$4.96,0.37,8.061%,283534844,3391399,Technology,Computer Software: Prepackaged Software,
BKN,BlackRock Investment Quality Municipal Trust Inc. (The),$15.04,0.02,0.133%,258956238,36551,Finance,Trusts Except Educational Religious and Charitable,
BKT,BlackRock Income Trust Inc. (The),$4.99,-0.03,-0.598%,318925042,816409,Finance,Trusts Except Educational Religious and Charitable,
BKU,BankUnited Inc. Common Stock,$42.05,-0.11,-0.261%,3560560875,614354,Finance,Savings Institutions,
BLD,TopBuild Corp. Common Stock,$217.28,11.18,5.425%,7154418757,168084,Capital Goods,Engineering & Construction,
BLDR,Builders FirstSource Inc. Common Stock,$73.36,3.35,4.785%,12968033608,2493160,Consumer Services,RETAIL: Building Materials,
BLE,BlackRock Municipal Income Trust II,$12.345,-0.125,-1.002%,600819027,221851,Finance,Finance/Investors Services,
BLK,BlackRock Inc. Common Stock,$707.67,10.14,1.454%,107595845916,639431,Finance,Investment Bankers/Brokers/Service,
BLL,Ball Corporation Common Stock,$90.75,2.31,2.612%,29175738133,1440639,Consumer Durables,Containers/Packaging,
BLW,Blackrock Limited Duration Income Trust,$13.75,0.1,0.733%,491029729,76536,Finance,Trusts Except Educational Religious and Charitable,
BME,Blackrock Health Sciences Trust,$42.15,0.58,1.395%,549942388,38841,Finance,Trusts Except Educational Religious and Charitable,
BMI,Badger Meter Inc. Common Stock,$94.98,1.17,1.247%,2778112571,92519,Capital Goods,Industrial Machinery/Components,
BML^G,Bank of America Corporation Bank of America Corporation Depositary Shares (Each representing a 1/1200th interest in a share of Floating Rate Non-Cumulative Preferred Stock  Series 1),$19.62,0.275,1.422%,,27208,,,
BML^H,Bank of America Corporation Bank of America Corporation Depositary Shares (Each representing a 1/1200th interest in a Share of Floating Rate Non-Cumulative Preferred Stock Series 2),$19.66,0.34,1.76%,,12824,,,
BML^J,Bank of America Corporation Bank of America Corporation Depositary Shares (Each representing a 1/1200th interest in a Share of Floating Rate Non-Cumulative Preferred Stock Series 4),$21.32,0.04,0.188%,,69052,,,
BML^L,Bank of America Corporation Bank of America Corporation Depositary Shares (Each representing a 1/1200th Interest in a Share of Floating Rate Non-Cumulative Preferred Stock Series 5),$21.40,0.04,0.187%,,22947,,,
BMY,Bristol-Myers Squibb Company Common Stock,$69.75,0.51,0.737%,152034969195,15976554,Health Care,Biotechnology: Pharmaceutical Preparations,
BNED,Barnes & Noble Education Inc Common Stock,$4.10,0.45,12.329%,213388399,766770,Consumer Services,Other Specialty Stores,
BNL,Broadstone Net Lease Inc. Common Stock,$20.88,0.01,0.048%,3412733563,469416,Consumer Services,Real Estate Investment Trusts,
BNY,BlackRock New York Municipal Income Trust,$12.04,0.0102,0.085%,296357159,64440,Finance,Trusts Except Educational Religious and Charitable,
BOAC,Bluescape Opportunities Acquisition Corp. Class A Ordinary Shares,$9.87,0.03,0.305%,749503125,316414,Finance,Business Services,
BOC,Boston Omaha Corporation Class A Common Stock,$27.24,0.99,3.771%,807652707,58632,Technology,Advertising,
BODY,The Beachbody Company Inc. Class A Common Stock,$1.97,0.02,1.026%,611186736,738840,Capital Goods,Industrial Machinery/Components,
BOE,Blackrock Enhanced Global Dividend Trust Common Shares of Beneficial Interest,$10.70,0.23,2.197%,685070881,225627,Finance,Trusts Except Educational Religious and Charitable,
BOH,Bank of Hawaii Corporation Common Stock,$83.73,0.17,0.203%,3373283176,115358,Finance,Major Banks,
BOH^A,Bank of Hawaii Corporation Depositary Shares Each Representing a 1/40th Interest in a Share of 4.375% Fixed Rate Non-Cumulative Perpetual Preferred Stock Series A,$22.30,0.11,0.496%,,16337,,,
BOOT,Boot Barn Holdings Inc. Common Stock,$89.26,2.89,3.346%,2648355090,340601,Consumer Services,Clothing/Shoe/Accessory Stores,
BOX,Box Inc. Class A Common Stock,$25.61,0.39,1.546%,3797950630,1431113,Technology,Computer Software: Prepackaged Software,
BPMP,BP Midstream Partners LP Common Units representing Limited Partner Interests,$16.07,0.11,0.689%,1684048258,599024,Energy,Oil & Gas Production,
BPT,BP Prudhoe Bay Royalty Trust Common Stock,$9.06,-1.21,-11.782%,193884000,1107004,Energy,Integrated oil Companies,
BR,Broadridge Financial Solutions Inc. Common Stock,$146.28,2.97,2.072%,17081491978,392367,Miscellaneous,Business Services,
BRBR,BellRing Brands Inc. Common Stock ,$25.07,0.02,0.08%,974918425,10989786,Consumer Non-Durables,Beverages (Production/Distribution),
BRC,Brady Corporation Common Stock,$43.68,1.01,2.367%,2254088622,289381,Miscellaneous,Diversified Manufacture,
BRK/A,Berkshire Hathaway Inc.,$498160.00,4375,0.886%,,2613,,,
BRK/B,Berkshire Hathaway Inc.,$332.55,2.57,0.779%,,6928815,,,
BRMK,Broadmark Realty Capital Inc. Common Stock,$8.21,0.06,0.736%,1090165523,939433,Consumer Services,Real Estate Investment Trusts,
BRO,Brown & Brown Inc. Common Stock,$65.98,2.42,3.807%,18620586212,2258056,Finance,Specialty Insurers,
BRT,BRT Apartments Corp. (MD) Common Stock,$22.96,-0.19,-0.821%,418706986,39473,Consumer Services,Real Estate Investment Trusts,
BRW,Saba Capital Income & Opportunities Fund SBI,$4.29,0.04,0.941%,364903050,108129,Finance,Trusts Except Educational Religious and Charitable,
BSL,Blackstone Senior Floating Rate Term Fund Common Shares of Beneficial Interest,$14.44,0.02,0.139%,195462511,49013,Finance,Trusts Except Educational Religious and Charitable,
BSM,Black Stone Minerals L.P. Common units representing limited partner interests,$11.59,-0.22,-1.863%,2423678559,941429,Energy,Oil & Gas Production,
BST,BlackRock Science and Technology Trust Common Shares of Beneficial Interest,$40.46,0.62,1.556%,1298093191,117779,Finance,Finance Companies,
BSX,Boston Scientific Corporation Common Stock,$42.66,0.76,1.814%,60864076214,6925941,Health Care,Medical/Dental Instruments,
BSX^A,Boston Scientific Corporation 5.50% Mandatory Convertible Preferred Stock Series A,$113.38,1.39,1.241%,,20723,,,
BTA,BlackRock Long-Term Municipal Advantage Trust BlackRock Long-Term Municipal Advantage Trust Common Shares of Beneficial Interest,$11.84,0.12,1.024%,159041487,38090,Finance,Trusts Except Educational Religious and Charitable,
BTO,John Hancock Financial Opportunities Fund Common Stock,$43.56,1.27,3.003%,828263692,21621,Finance,Investment Managers,
BTT,BlackRock Municipal 2030 Target Term Trust,$24.51,0.08,0.327%,1728091545,69062,Finance,Investment Managers,
BTU,Peabody Energy Corporation Common Stock ,$21.12,1.26,6.344%,2821782712,12429339,Energy,Coal Mining,
BTZ,BlackRock Credit Allocation Income Trust,$12.05,0.01,0.083%,1126760591,327236,Finance,Finance Companies,
BUI,BlackRock Utility Infrastructure & Power Opportunities Trust,$24.00,0.4,1.695%,528621792,21505,Finance,Trusts Except Educational Religious and Charitable,
BV,BrightView Holdings Inc. Common Stock,$13.48,0.23,1.736%,1338564000,197048,Miscellaneous,Business Services,
BVH,Bluegreen Vacations Holding Corporation Class A Common Stock,$31.06,0.42,1.371%,666525175,68533,Consumer Services,Hotels/Resorts,
BW,Babcock & Wilcox Enterprises Inc. Common Stock,$8.65,0.86,11.04%,746789809,1073105,Technology,Industrial Machinery/Components,
BW^A,Babcock & Wilcox Enterprises Inc. 7.75% Series A Cumulative Perpetual Preferred Stock,$24.91,0.6821,2.815%,,6657,,,
BWA,BorgWarner Inc. Common Stock,$36.52,0.21,0.578%,8763758048,1559326,Capital Goods,Auto Parts:O.E.M.,
BWG,BrandywineGLOBAL Global Income Opportunities Fund Inc.,$9.72,-0.22,-2.213%,163216646,249524,Finance,Finance/Investors Services,
BWNB,Babcock & Wilcox Enterprises Inc. 6.50% Senior Notes due 2026,$23.83,-0.032,-0.134%,0,20417,Capital Goods,Building Products,
BWSN,Babcock & Wilcox Enterprises Inc. 8.125% Senior Notes due 2026,$25.80,0.2,0.781%,0,11075,Capital Goods,Building Products,
BWXT,BWX Technologies Inc. Common Stock,$52.95,0.99,1.905%,4839600772,1183234,,,
BX,Blackstone Inc. Common Stock,$109.72,0.96,0.883%,76846494775,4358066,Finance,Investment Managers,
BXC,Bluelinx Holdings Inc. Common Stock,$88.03,6.25,7.642%,856660336,139110,Capital Goods,Wholesale Distributors,
BXMT,Blackstone Mortgage Trust Inc. Common Stock,$31.20,-0.14,-0.447%,5260571815,1474460,Consumer Services,Real Estate Investment Trusts,
BXMX,Nuveen S&P 500 Buy-Write Income Fund Common Shares of Beneficial Interest,$13.05,0.27,2.113%,1358333223,141433,Finance,Investment Managers,
BXP,Boston Properties Inc. Common Stock,$122.66,-0.14,-0.114%,19217912137,673963,Consumer Services,Real Estate Investment Trusts,
BY,Byline Bancorp Inc. Common Stock,$26.81,-0.69,-2.509%,1014215249,141819,Finance,Major Banks,
BYD,Boyd Gaming Corporation Common Stock,$66.02,3.42,5.463%,7262596384,1049144,Consumer Services,Movies/Entertainment,
BYM,Blackrock Municipal Income Quality Trust Common Shares of Beneficial Interest,$13.25,-0.01,-0.075%,349943922,33410,Finance,Investment Managers,
BZH,Beazer Homes USA Inc. Common Stock,$16.35,0.6,3.81%,514366226,250269,Capital Goods,Homebuilding,
C,Citigroup Inc. Common Stock,$55.11,0.88,1.623%,109167102122,20738099,Finance,Major Banks,
C^J,Citigroup Inc. Dep Shs Repstg 1/1000 Pfd Ser J Fixed/Fltg,$26.536,0.096,0.363%,,29045,,,
C^K,Citigroup Inc. Dep Shs Repstg 1/1000th Pfd Ser K,$25.87,-0.0599,-0.231%,,117690,,,
C^N,Citigroup Capital XIII 7.875% Fixed rate Floating Rate trust Preferred Securities (TruPS),$26.64,0.0072,0.027%,,67081,,,
CABO,Cable One Inc. Common Stock,$1473.64,-5.61,-0.379%,8929800098,38551,Consumer Services,Telecommunications Equipment,
CACI,CACI International Inc. Class A Common Stock,$299.69,3.45,1.165%,7014421267,215394,Technology,EDP Services,
CADE,Cadence Bank Common Stock,$29.70,0.03,0.101%,5498006946,1318343,Finance,Major Banks,
CADE^A,Cadence Bank 5.50% Series A ,$25.13,0.28,1.127%,,22526,,,
CAF,Morgan Stanley China A Share Fund Inc. Common Stock,$15.45,-0.49,-3.074%,338068634,142138,Finance,Investment Managers,
CAG,ConAgra Brands Inc. Common Stock,$31.83,0.26,0.824%,15268778778,5912096,Consumer Non-Durables,Packaged Foods,
CAH,Cardinal Health Inc. Common Stock,$53.93,1.32,2.509%,14941920871,2442418,Health Care,Other Pharmaceuticals,
CAL,Caleres Inc. Common Stock,$19.73,0.29,1.492%,751514003,736093,Consumer Non-Durables,Shoe Manufacturing,
CALX,Calix Inc Common Stock,$42.20,1.19,2.902%,2719317149,668867,Technology,Computer Software: Prepackaged Software,
CAPL,CrossAmerica Partners LP Common Units representing limited partner interests,$19.14,-0.2,-1.034%,725340082,53482,,,
CAT,Caterpillar Inc. Common Stock,$216.46,1.02,0.473%,115998327519,4363858,Capital Goods,Construction/Ag Equipment/Trucks,
CATO,Cato Corporation (The) Class A Common Stock,$16.60,0.03,0.181%,365613340,57595,,,
CBH,Virtus AllianzGI Convertible & Income 2024 Target Term Fund Common Shares of Beneficial Interest,$9.2401,0.0001,0.001%,168710514,16647,Finance,Trusts Except Educational Religious and Charitable,
CBL,CBL & Associates Properties Inc. Common Stock,$27.74,-0.19,-0.68%,877223823,34520,Consumer Services,Real Estate Investment Trusts,
CBRE,CBRE Group Inc Common Stock Class A,$87.57,0.17,0.195%,29101488243,2664031,Finance,Real Estate,
CBT,Cabot Corporation Common Stock,$69.90,-0.79,-1.118%,3955418089,323539,Basic Industries,Specialty Chemicals,
CBU,Community Bank System Inc. Common Stock,$71.78,-0.73,-1.007%,3866393810,179334,Finance,Major Banks,
CBZ,CBIZ Inc. Common Stock,$40.24,0.71,1.796%,2099548236,181998,Miscellaneous,Business Services,
CC,Chemours Company (The) Common Stock,$27.66,0.09,0.326%,4426106510,2341382,Basic Industries,Major Chemicals,
CCCS,CCC Intelligent Solutions Holdings Inc. Common Stock,$9.96,-0.22,-2.161%,6096923105,1487172,Technology,Computer Software: Prepackaged Software,
CCI,Crown Castle International Corp. (REIT) Common Stock,$172.76,-0.01,-0.006%,74669388768,1855840,Consumer Services,Real Estate Investment Trusts,
CCK,Crown Holdings Inc.,$127.08,2.79,2.245%,15830643055,1178728,Consumer Durables,Containers/Packaging,
CCL,Carnival Corporation Common Stock,$18.04,0.92,5.374%,21131548246,40861277,Consumer Services,Marine Transportation,
CCO,Clear Channel Outdoor Holdings Inc. Common Stock,$3.56,0.06,1.714%,1677997039,1522028,Technology,Advertising,
CCRD,CoreCard Corporation Common Stock,$30.58,0.55,1.832%,264756197,40655,Technology,Retail: Computer Software & Peripheral Equipment,
CCS,Century Communities Inc. Common Stock,$60.94,2.71,4.654%,2057626973,320602,Capital Goods,Homebuilding,
CCZ,Comcast Holdings ZONES,$61.76,-0.68,-1.089%,0,1229,Consumer Services,Television Services,
CDAY,Ceridian HCM Holding Inc. Common Stock,$61.82,2.4,4.039%,9399710847,2398428,Technology,EDP Services,
CDE,Coeur Mining Inc. Common Stock,$4.32,-0.01,-0.231%,1109455328,10138648,Basic Industries,Precious Metals,
CDR,Cedar Realty Trust Inc. Common Stock,$28.31,0.12,0.426%,386065876,421894,Consumer Services,Real Estate Investment Trusts,
CDR^B,Cedar Realty Trust Inc. 7.25% Series B Cumulative Redeemable Preferred Stock,$11.49,-0.66,-5.432%,,19800,,,
CDR^C,Cedar Realty Trust Inc. 6.50% Series C Cumulative Redeemable Preferred Stock,$9.40,-0.115,-1.209%,,51203,,,
CE,Celanese Corporation Celanese Corporation Common Stock,$138.54,-1.27,-0.908%,14966374650,1556316,Basic Industries,Major Chemicals,
CEE,The Central and Eastern Europe Fund Inc. (The) Common Stock,$7.43,-0.28,-3.632%,46788196,136880,Finance,Finance Companies,
CEM,ClearBridge MLP and Midstream Fund Inc. Common Stock,$29.63,-0.52,-1.725%,417279053,52855,Finance,Investment Managers,
CEN,Center Coast Brookfield MLP & Energy Infrastructure Fund,$16.15,-0.55,-3.293%,79618612,37721,Finance,Finance Companies,
CEQP,Crestwood Equity Partners LP,$29.11,-0.39,-1.322%,2852141734,995141,Energy,Oilfield Services/Equipment,
CEQP^,Crestwood Equity Partners LP Preferred Units representing limited partner interests,$9.65,0.025,0.26%,,54977,,,
CF,CF Industries Holdings Inc. Common Stock,$94.86,-0.07,-0.074%,19664941107,5287792,Basic Industries,Agricultural Chemicals,
CFG,Citizens Financial Group Inc. Common Stock,$48.69,-0.08,-0.164%,20554131228,4708281,Finance,Major Banks,
CFG^D,Citizens Financial Group Inc. Depositary Shares each representing a 1/40th Interest in a Share of 6.350% Fixed-to-Floating Rate Non-Cumulative Perpetual Preferred Stock Series D,$25.97,0.17,0.659%,,33737,,,
CFG^E,Citizens Financial Group Inc. Depositary Shares Each Representing 1/40th Interest in a Share of 5.000% Fixed-Rate Non-Cumulative Perpetual Preferred Stock Series E,$23.06,0.12,0.523%,,48201,,,
CFR,Cullen/Frost Bankers Inc. Common Stock,$138.90,0.45,0.325%,8892874012,282141,Finance,Major Banks,
CFR^B,Cullen/Frost Bankers Inc. Depositary Shares each representing a 1/40th ownership interest in a share of 4.450% non-cumulative perpetual preferred stock Series B,$21.64,-0.01,-0.046%,,19375,,,
CFX,Colfax Corporation Common Stock,$37.41,1.35,3.744%,6035369965,1553949,Capital Goods,Fluid Controls,
CHCT,Community Healthcare Trust Incorporated Common Stock,$39.90,0.2,0.504%,1000421079,76491,Consumer Services,Real Estate Investment Trusts,
CHD,Church & Dwight Company Inc. Common Stock,$98.95,2.32,2.401%,24014338669,1298368,Consumer Non-Durables,Package Goods/Cosmetics,
CHE,Chemed Corp,$477.26,3.34,0.705%,7153443486,63681,Health Care,Medical/Nursing Services,
CHH,Choice Hotels International Inc. Common Stock,$138.10,3.16,2.342%,7673338270,194138,Consumer Services,Hotels/Resorts,
CHN,China Fund Inc. (The) Common Stock,$12.93,0.45,3.606%,134042827,75869,Finance,Investment Managers,
CHPT,ChargePoint Holdings Inc. Common Stock,$15.50,0.55,3.679%,5190264094,8507229,Miscellaneous,Diversified Commercial Services,
CHRA,Charah Solutions Inc. Common Stock,$4.96,0.1,2.058%,165702718,153379,Public Utilities,Medical Specialities,
CHRB,Charah Solutions Inc. 8.50% Senior Notes due 2026,$23.40,0.01,0.043%,0,4479,,,
CHS,Chico's FAS Inc. Common Stock,$4.27,0.12,2.892%,523254733,1791598,Consumer Services,Clothing/Shoe/Accessory Stores,
CI,Cigna Corporation Common Stock,$233.08,6.88,3.042%,74807782345,1683922,Health Care,Medical Specialities,
CIA,Citizens Inc. Class A Common Stock ($1.00 Par),$4.25,-0.01,-0.235%,211604691,74794,Finance,Life Insurance,
CIEN,Ciena Corporation Common Stock,$56.61,2.91,5.419%,8611877825,2130460,Public Utilities,Telecommunications Equipment,
CIF,MFS Intermediate High Income Fund Common Stock,$2.32,-0.01,-0.429%,44873753,22567,Finance,Trusts Except Educational Religious and Charitable,
CII,Blackrock Capital and Income Fund Inc.,$19.62,0.2,1.03%,865871822,77641,Finance,Finance Companies,
CIM,Chimera Investment Corporation Common Stock,$12.28,0.14,1.153%,2909788992,1187714,Consumer Services,Real Estate Investment Trusts,
CIM^A,Chimera Investment Corporation 8.00% Series A Cumulative Redeemable Preferred Stock,$24.97,0.21,0.848%,,8069,,,
CIM^B,Chimera Investment Corporation 8.00% Series B Fixed-to-Floating Rate Cumulative Redeemable Preferred Stock,$24.08,0.28,1.176%,,12762,,,
CIM^C,Chimera Investment Corporation 7.75% Series C Fixed-to-Floating Rate  Cumulative Redeemable  Preferred Stock,$23.2861,0.1061,0.458%,,16908,,,
CIM^D,Chimera Investment Corporation 8.00% Series D Fixed-to-Floating Rate Cumulative Redeemable Preferred Stock,$23.89,0.21,0.887%,,11169,,,
CIR,CIRCOR International Inc. Common Stock,$27.63,4.07,17.275%,559728402,416223,Capital Goods,Fluid Controls,
CIVI,Civitas Resources Inc. Common Stock,$55.58,0.69,1.257%,4720807019,1155770,Energy,Oil & Gas Production,
CL,Colgate-Palmolive Company Common Stock,$75.49,1.53,2.069%,63448380389,4319373,Consumer Non-Durables,Package Goods/Cosmetics,
CLDT,Chatham Lodging Trust (REIT) Common Shares of Beneficial Interest,$13.68,-0.19,-1.37%,667639883,315942,Consumer Services,Real Estate Investment Trusts,
CLDT^A,Chatham Lodging Trust (REIT) 6.625% Series A Cumulative Redeemable Preferred Shares of Beneficial Interest,$23.96,0.46,1.957%,,1494,,,
CLF,Cleveland-Cliffs Inc. Common Stock,$25.34,0.23,0.916%,13313881925,21461456,,,
CLH,Clean Harbors Inc. Common Stock,$105.77,-1.21,-1.131%,5754419071,485463,,,
CLPR,Clipper Realty Inc. Common Stock,$9.53,0.02,0.21%,153082563,59925,Consumer Services,Real Estate Investment Trusts,
CLR,Continental Resources Inc. Common Stock,$56.74,-0.35,-0.613%,20743058848,2205062,Energy,Oil & Gas Production,
CLW,Clearwater Paper Corporation Common Stock,$29.13,-0.28,-0.952%,486253690,60252,Basic Industries,Paper,
CLX,Clorox Company (The) Common Stock,$130.63,3.01,2.359%,16075047860,1532925,Consumer Durables,Specialty Chemicals,
CMA,Comerica Incorporated Common Stock,$91.80,1,1.101%,12033028607,1675366,Finance,Major Banks,
CMC,Commercial Metals Company Common Stock,$41.04,-0.03,-0.073%,4985589843,1499007,Basic Industries,Steel/Iron Ore,
CMG,Chipotle Mexican Grill Inc. Common Stock,$1493.65,21.68,1.473%,41869919130,313446,Consumer Services,Restaurants,
CMI,Cummins Inc. Common Stock,$198.47,0.7,0.354%,28267434095,940378,Capital Goods,Construction/Ag Equipment/Trucks,
CMP,Compass Minerals Intl Inc Common Stock,$61.51,0.87,1.435%,2097461537,227317,Basic Industries,Precious Metals,
CMS,CMS Energy Corporation Common Stock,$67.25,1.08,1.632%,19486377821,2657009,Public Utilities,Power Generation,
CMS^B,CMS Energy Corporation Preferred Stock,$107.48,2.83,2.704%,,1784,,,
CMS^C,CMS Energy Corporation Depositary Shares each representing a 1/1000th interest in a share of 4.200% Cumulative Redeemable Perpetual Preferred Stock Series C,$20.10,-0.12,-0.593%,,86091,,,
CMSA,CMS Energy Corporation 5.625% Junior Subordinated Notes due 2078,$24.90,0.06,0.242%,0,9653,Public Utilities,Power Generation,
CMSC,CMS Energy Corporation 5.875% Junior Subordinated Notes due 2078,$25.44,0.26,1.033%,0,15044,Public Utilities,Power Generation,
CMSD,CMS Energy Corporation 5.875% Junior Subordinated Notes due 2079,$25.04,0.11,0.441%,0,31634,Public Utilities,Power Generation,
CMU,MFS Municipal Income Trust Common Stock,$3.88,-0.22,-5.366%,109902218,59116,Finance,Investment Managers,
CNA,CNA Financial Corporation Common Stock,$46.68,0.01,0.021%,12667328516,173441,Finance,Property-Casualty Insurers,
CNC,Centene Corporation Common Stock,$85.61,1.28,1.518%,49899931746,2186635,Health Care,Medical Specialities,
CNK,Cinemark Holdings Inc Cinemark Holdings Inc. Common Stock,$16.00,0.69,4.507%,1915896208,2384478,Consumer Services,Movies/Entertainment,
CNMD,CONMED Corporation Common Stock,$138.42,2.38,1.749%,4071104671,209915,Health Care,Biotechnology: Electromedical & Electrotherapeutic Apparatus,
CNO,CNO Financial Group Inc. Common Stock,$23.79,0.26,1.105%,2818309042,731890,Finance,Life Insurance,
CNO^A,CNO Financial Group Inc. 5.125% Subordinated Debentures due 2060,$22.34,-0.16,-0.711%,,1460,,,
CNP,CenterPoint Energy Inc (Holding Co) Common Stock,$28.88,0.47,1.654%,18163673615,5337405,Public Utilities,Electric Utilities: Central,
CNR,Cornerstone Building Brands Inc. Common Stock,$24.27,0.02,0.082%,3082522094,3781231,Capital Goods,Metal Fabrications,
CNS,Cohen & Steers Inc Common Stock,$77.84,0.39,0.504%,3788855617,44846,Finance,Investment Managers,
CNX,CNX Resources Corporation Common Stock,$17.84,0.32,1.826%,3612415945,4055883,Energy,Oil & Gas Production,
CODI,D/B/A Compass Diversified Holdings Shares of Beneficial Interest,$22.74,0.83,3.788%,1579300231,204577,,,
CODI^A,Compass Diversified Holdings 7.250% Series A Preferred Shares representing beneficial interest in Compass Diversified Holdings,$24.1101,0.6101,2.596%,,4452,,,
CODI^B,Compass Diversified Holdings 7.875% Series B Fixed-to-Floating Rate Cumulative Preferred Shares representing beneficial interests in Compass Diversified Holdings,$25.75,0.3426,1.348%,,3961,,,
CODI^C,Compass Diversified Holdings 7.875% Series C Cumulative Preferred Shares,$25.40,0.29,1.155%,,2841,,,
COF,Capital One Financial Corporation Common Stock,$134.27,0.6,0.449%,55542275628,2853297,Finance,Finance Companies,
COF^I,Capital One Financial Corporation Depositary shares each representing a 1/40th interest in a share of Fixed Rate Non-Cumulative Perpetual Preferred Stock Series I of the Issuer,$22.3212,0.0412,0.185%,,192238,,,
COF^J,Capital One Financial Corporation Depositary Shares Each Representing a 1/40th Interest in a Share of Fixed Rate Non- Cumulative Perpetual Preferred Stock Series J,$21.47,0.03,0.14%,,100614,,,
COF^K,Capital One Financial Corporation Depositary Shares Each Representing a 1/40th Ownership Interest in a Share of Fixed Rate Non-Cumulative Perpetual Preferred Stock Series K,$21.11,0.09,0.428%,,8362,,,
COF^L,Capital One Financial Corporation Depositary Shares Each Representing a 1/40th Interest in a Share of Fixed Rate Non-Cumulative Perpetual Preferred Stock Series L,$19.61,-0.03,-0.153%,,158941,,,
COF^N,Capital One Financial Corporation Depositary Shares Each Representing a 1/40th Ownership Interest in a Share of Fixed Rate Non-Cumulative Perpetual Preferred Stock Series N,$19.56,0,0.00%,,26441,,,
COLD,Americold Realty Trust Common Shares,$25.50,0.38,1.513%,6846443924,1434761,Finance,Real Estate,
COO,The Cooper Companies Inc. Common Stock,$390.47,8.66,2.268%,19250776229,238085,Health Care,Ophthalmic Goods,
COP,ConocoPhillips Common Stock,$95.05,-1.5,-1.554%,123520033366,8862714,Energy,Integrated oil Companies,
CORR,CorEnergy Infrastructure Trust Inc. Common Stock,$2.74,-0.01,-0.364%,40735029,86645,Consumer Services,Real Estate Investment Trusts,
CORR^A,CorEnergy Infrastructure Trust Inc. Depositary Shares each representing a 1/100th fractional interest of a share of 7.375% Series A Cumulative Redeemable Preferred Stock,$18.75,0.29,1.571%,,3434,,,
COTY,Coty Inc. Class A Common Stock,$8.46,0.48,6.015%,7096058775,7755482,Consumer Non-Durables,Package Goods/Cosmetics,
CPB,Campbell Soup Company Common Stock,$43.47,0.66,1.542%,13115051667,2423708,Consumer Non-Durables,Packaged Foods,
CPE,Callon Petroleum Company Common Stock,$54.39,-0.48,-0.875%,3344645226,1806766,Energy,Oil & Gas Production,
CPF,Central Pacific Financial Corp New,$27.85,-0.02,-0.072%,769651850,125195,Finance,Major Banks,
CPK,Chesapeake Utilities Corporation Common Stock,$137.50,-0.01,-0.007%,2427911338,76014,Public Utilities,Oil & Gas Production,
CPS,Cooper-Standard Holdings Inc. Common Stock,$8.93,0.26,2.999%,151757509,766590,Capital Goods,Auto Parts:O.E.M.,
CPT,Camden Property Trust Common Stock,$165.75,1.16,0.705%,17143432664,525234,Consumer Services,Real Estate Investment Trusts,
CR,Crane Co. Common Stock,$103.61,0.05,0.048%,5893305510,210789,Capital Goods,Office Equipment/Supplies/Services,
CRD/A,Crawford & Company,$7.08,-0.02,-0.282%,,23957,,,
CRD/B,Crawford & Company,$6.72,-0.19,-2.75%,,29124,,,
CRHC,Cohn Robbins Holdings Corp. Class A Ordinary Shares,$9.93,0.06,0.608%,1027755000,958150,Finance,Business Services,
CRI,Carter's Inc. Common Stock,$93.00,1.59,1.739%,3780344910,401641,Consumer Services,Department/Specialty Retail Stores,
CRK,Comstock Resources Inc. Common Stock,$8.91,0.31,3.605%,2075340544,3219204,Energy,Oil & Gas Production,
CRL,Charles River Laboratories International Inc. Common Stock,$259.23,3.72,1.456%,13087497964,599898,Consumer Services,EDP Services,
CRM,Salesforce.com Inc Common Stock,$196.14,3.02,1.564%,193197900000,5275335,Technology,Computer Software: Prepackaged Software,
CRS,Carpenter Technology Corporation Common Stock,$37.01,1.19,3.322%,1786453085,597989,Basic Industries,Steel/Iron Ore,
CRT,Cross Timbers Royalty Trust Common Stock,$13.00,-2.42,-15.694%,78000000,156734,Energy,Oil & Gas Production,
CSL,Carlisle Companies Incorporated Common Stock,$238.58,4.83,2.066%,12425225405,371834,,,
CSR,D/B/A Centerspace Common Stock,$97.29,-0.52,-0.532%,1463386270,75209,Consumer Services,Real Estate Investment Trusts,
CSR^C,D/B/A Centerspace 6.625% Series C ,$25.79,0.5899,2.341%,,16634,,,
CSV,Carriage Services Inc. Common Stock,$53.36,0.75,1.426%,817834740,137360,Miscellaneous,Other Consumer Services,
CTA^A,E.I. du Pont de Nemours and Company Preferred Stock,$81.00,-0.05,-0.062%,,412,,,
CTA^B,E.I. du Pont de Nemours and Company Preferred Stock,$94.12,-1.63,-1.702%,,1051,,,
CTBB,Qwest Corporation 6.5% Notes due 2056,$24.41,0.1301,0.536%,0,44678,,,
CTDD,Qwest Corporation 6.75% Notes due 2057,$24.53,0.23,0.947%,0,42702,,,
CTLT,Catalent Inc. Common Stock,$96.57,0.92,0.962%,17298401969,1024557,Health Care,Biotechnology: Pharmaceutical Preparations,
CTO,CTO Realty Growth Inc. Common Stock,$63.45,0.22,0.348%,378707036,19901,Consumer Services,Real Estate Investment Trusts,
CTO^A,CTO Realty Growth Inc. 6.375% Series A Cumulative Redeemable Preferred Stock,$25.00,0,0.00%,,1,,,
CTR,ClearBridge MLP and Midstream Total Return Fund Inc. Common Stock,$26.03,-0.41,-1.551%,184021688,48428,Finance,Investment Managers,
CTRA,Coterra Energy Inc. Common Stock,$23.43,0.3,1.297%,19066348722,13020605,Energy,Oil & Gas Production,
CTS,CTS Corporation Common Stock,$35.18,-0.26,-0.734%,1131120271,91495,Capital Goods,Industrial Machinery/Components,
CTT,CatchMark Timber Trust Inc. Class A Common Stock,$8.10,0.05,0.621%,397069606,126100,Consumer Services,Real Estate Investment Trusts,
CUBB,Customers Bancorp Inc 5.375% Subordinated Notes Due 2034,$25.1637,0.1637,0.655%,0,600,Finance,Major Banks,
CUBE,CubeSmart Common Shares,$49.14,0.36,0.738%,11007496364,2132796,Consumer Services,Real Estate Investment Trusts,
CUBI,Customers Bancorp Inc Common Stock,$56.68,0.21,0.372%,1867444292,333547,Finance,Major Banks,
CUBI^E,Customers Bancorp Inc Fixed-to-Floating Rate Non-Cumulative Perpetual Preferred Stock Series E,$24.60,0.2,0.82%,,3388,,,
CUBI^F,Customers Bancorp Inc Fixed-to-Floating Rate Non-Cumulative Perpetual Preferred Stock Series F,$24.4699,0.9699,4.127%,,7726,,,
CUK,Carnival Plc ADS ADS,$16.79,0.84,5.266%,19673253616,3500978,,,
CULP,Culp Inc. Common Stock,$7.87,-0.02,-0.253%,96155660,14692,Basic Industries,Textiles,
CUZ,Cousins Properties Incorporated Common Stock,$39.38,0.12,0.306%,5855334858,1267016,Consumer Services,Real Estate Investment Trusts,
CVI,CVR Energy Inc. Common Stock,$21.06,-2.73,-11.475%,2117174415,1394614,Energy,Integrated oil Companies,
CVNA,Carvana Co. Class A Common Stock,$120.44,14.96,14.183%,10851762152,4912992,Consumer Services,Other Specialty Stores,
CVS,CVS Health Corporation Common Stock,$106.98,2.49,2.383%,140412365373,6842976,Health Care,Managed Health Care,
CVX,Chevron Corporation Common Stock,$158.28,-8.44,-5.062%,308258743605,28521398,Energy,Integrated oil Companies,
CW,Curtiss-Wright Corporation Common Stock,$149.24,4.39,3.031%,5736820821,385162,Capital Goods,Industrial Machinery/Components,
CWEN,Clearway Energy Inc. Class C Common Stock,$37.10,1.01,2.799%,4321020379,547146,Public Utilities,Electric Utilities: Central,
CWH,Camping World Holdings Inc. Class A Commom Stock,$29.85,0.33,1.118%,1319782706,1791254,Consumer Services,Other Specialty Stores,
CWT,California Water Service Group Common Stock,$57.61,0.57,0.999%,3094433295,228223,Public Utilities,Water Supply,
CXE,MFS High Income Municipal Trust Common Stock,$4.28,-0.09,-2.059%,134930308,84479,Finance,Investment Managers,
CXH,MFS Investment Grade Municipal Trust Common Stock,$8.58,-0.11,-1.266%,78165902,43114,Finance,Investment Managers,
CXW,CoreCivic Inc. Common Stock,$9.43,0.58,6.554%,1134285334,995365,Consumer Services,Real Estate Investment Trusts,
CYH,Community Health Systems Inc. Common Stock,$11.47,0.16,1.415%,1515374661,753166,Health Care,Hospital/Nursing Management,
D,Dominion Energy Inc. Common Stock,$81.02,-0.3,-0.369%,65663751879,5470187,Public Utilities,Electric Utilities: Central,
DAL,Delta Air Lines Inc. Common Stock,$34.86,2.79,8.70%,22307951434,27276312,Transportation,Air Freight/Delivery Services,
DAN,Dana Incorporated Common Stock ,$16.89,0.17,1.017%,2445954519,1257305,Capital Goods,Auto Parts:O.E.M.,
DAR,Darling Ingredients Inc. Common Stock,$70.75,-2.76,-3.755%,11397871907,1526648,Consumer Non-Durables,Farming/Seeds/Milling,
DAVA,Endava plc American Depositary Shares (each representing one Class A Ordinary Share),$114.42,4.86,4.436%,6406844579,181362,Technology,EDP Services,
DBD,Diebold Nixdorf Incorporated Common Stock,$7.11,0,0.00%,557105849,792688,Technology,EDP Services,
DBI,Designer Brands Inc. Class A Common Stock,$12.51,0.18,1.46%,917656951,1031848,Consumer Services,Clothing/Shoe/Accessory Stores,
DBL,DoubleLine Opportunistic Credit Fund Common Shares of Beneficial Interest,$16.99,0.24,1.433%,264924543,29519,,,
DBRG,DigitalBridge Group Inc.,$6.84,0.26,3.951%,4070823387,3626966,Consumer Services,Real Estate Investment Trusts,
DBRG^H,DigitalBridge Group Inc. 7.125% Series H ,$24.20,-0.11,-0.452%,,10839,,,
DBRG^I,DigitalBridge Group Inc. 7.15% Series I ,$24.2649,-0.1851,-0.757%,,13776,,,
DBRG^J,DigitalBridge Group Inc. 7.125% Series J ,$24.00,-0.27,-1.112%,,34742,,,
DCI,Donaldson Company Inc. Common Stock,$51.83,0.83,1.627%,6404009585,479462,Capital Goods,Pollution Control Equipment,
DCO,Ducommun Incorporated Common Stock,$51.73,0.96,1.891%,619330597,31142,Capital Goods,Military/Government/Technical,
DCP,DCP Midstream  LP Common Units ,$29.27,-1.04,-3.431%,6099245691,815737,Public Utilities,Natural Gas Distribution,
DCP^B,DCP Midstream LP 7.875% Series B Fixed-to-Floating Rate Cumulative Redeemable Perpetual Preferred Units,$24.50,0.3,1.24%,,19093,,,
DCP^C,DCP Midstream LP 7.95% Series C Fixed-to-Floating Rate Cumulative Redeemable Perpetual Preferred Units,$24.484,0.3266,1.352%,,10077,,,
DCUE,Dominion Energy Inc. 2019 Series A Corporate Units,$100.21,0.17,0.17%,0,56040,Public Utilities,Electric Utilities: Central,
DDD,3D Systems Corporation Common Stock,$13.96,0.31,2.271%,1791206762,1025330,Technology,Computer peripheral equipment,
DDF,Delaware Investments Dividend & Income Fund Inc. Common Stock,$10.35,-0.1,-0.957%,78775485,18435,Finance,Finance/Investors Services,
DDS,Dillard's Inc. Common Stock,$265.85,5.87,2.258%,5848700000,199409,Consumer Services,Department/Specialty Retail Stores,
DDT,Dillard's Capital Trust I,$25.98,0.08,0.309%,0,18660,Consumer Services,Department/Specialty Retail Stores,
DE,Deere & Company Common Stock,$388.47,-5.39,-1.369%,119176507510,2197363,Capital Goods,Industrial Machinery/Components,
DEA,Easterly Government Properties Inc. Common Stock,$20.68,-0.18,-0.863%,1864402670,664874,Consumer Services,Real Estate Investment Trusts,
DECK,Deckers Outdoor Corporation Common Stock,$259.97,9.2,3.669%,7081916342,358069,Consumer Non-Durables,Shoe Manufacturing,
DEI,Douglas Emmett Inc. Common Stock,$32.53,-0.23,-0.702%,5716205594,923917,Consumer Services,Real Estate Investment Trusts,
DEX,Delaware Enhanced Global Dividend Common Shares of Beneficial Interest,$8.41,0.07,0.839%,94334154,42526,Finance,Finance Companies,
DFS,Discover Financial Services Common Stock,$110.29,1.53,1.407%,31422027639,1977324,Finance,Finance: Consumer Services,
DG,Dollar General Corporation Common Stock,$214.25,5.56,2.664%,49643118482,2793293,Consumer Services,Department/Specialty Retail Stores,
DGX,Quest Diagnostics Incorporated Common Stock,$141.65,3.54,2.563%,16920769729,1272266,Health Care,Medical Specialities,
DHF,BNY Mellon High Yield Strategies Fund Common Stock,$2.64,0.03,1.149%,192004882,135211,Finance,Finance Companies,
DHI,D.R. Horton Inc. Common Stock,$80.41,3.03,3.916%,28493940048,2853810,,,
DHR,Danaher Corporation Common Stock,$270.89,4.04,1.514%,193781862022,2700051,Health Care,Medical Specialities,
DHR^A,Danaher Corporation 4.75% Mandatory Convertible Preferred Stock Series A,$1800.73,17.73,0.994%,,376,,,
DHR^B,Danaher Corporation 5.00% Mandatory Convertible Preferred Stock Series B,$1484.66,3.19,0.215%,,804,,,
DHX,DHI Group Inc. Common Stock,$5.80,0,0.00%,289504297,156770,Technology,Diversified Commercial Services,
DIN,Dine Brands Global Inc. Common Stock,$72.20,0.48,0.669%,1232279709,217626,Consumer Services,Restaurants,
DINO,HF Sinclair Corporation,$35.42,-0.97,-2.666%,3734691919,2201321,,,
DIS,Walt Disney Company (The) Common Stock,$134.20,5.17,4.007%,244329003354,9831255,Consumer Services,Movies/Entertainment,
DK,Delek US Holdings Inc. Common Stock,$18.48,-2.03,-9.898%,1371154147,1718277,Energy,Integrated oil Companies,
DKL,Delek Logistics Partners L.P. Common Units representing Limited Partner Interests,$39.81,-0.35,-0.872%,1730574658,51488,Energy,Oil & Gas Production,
DKS,Dick's Sporting Goods Inc Common Stock,$111.42,4.64,4.345%,9649632609,1422174,Consumer Services,Other Specialty Stores,
DLB,Dolby Laboratories Common Stock,$70.93,1.22,1.75%,7221974856,376982,Technology,EDP Services,
DLR,Digital Realty Trust Inc. Common Stock,$135.15,2.56,1.931%,38445999270,1302892,Consumer Services,Real Estate Investment Trusts,
DLR^J,Digital Realty Trust Inc. 5.250% Series J Cumulative Redeemable Preferred Stock,$24.48,0.18,0.741%,,18057,,,
DLR^K,Digital Realty Trust Inc. 5.850% Series K Cumulative Redeemable Preferred Stock par value $0.01 per share,$25.15,-0.01,-0.04%,,27648,,,
DLR^L,Digital Realty Trust Inc. 5.200% Series L Cumulative Redeemable Preferred Stock,$24.02,-0.14,-0.579%,,48712,,,
DLX,Deluxe Corporation Common Stock,$31.28,0.37,1.197%,1338477956,206777,Technology,Advertising,
DMO,Western Asset Mortgage Opportunity Fund Inc. Common Stock,$13.39,0.1,0.752%,153519711,10027,Finance,Trusts Except Educational Religious and Charitable,
DMS,Digital Media Solutions Inc. Class A Ordinary Shares,$3.26,0.33,11.263%,201763529,30408,Technology,Advertising,
DNA,Ginkgo Bioworks Holdings Inc. Class A Common Stock,$2.91,0.08,2.827%,4867383273,19230614,Health Care,Biotechnology: Biological Products (No Diagnostic Substances),
DNB,Dun & Bradstreet Holdings Inc. Common Stock,$16.30,0.15,0.929%,7028003958,2701409,Technology,EDP Services,
DNP,DNP Select Income Fund Inc. Common Stock,$11.26,-0.07,-0.618%,3886896454,487882,Finance,Investment Managers,
DOC,Physicians Realty Trust Common Shares of Beneficial Interest,$16.49,0.04,0.243%,3709265563,1919486,Consumer Services,Real Estate Investment Trusts,
DOCN,DigitalOcean Holdings Inc. Common Stock,$47.76,3,6.702%,5139608916,1588295,Technology,Retail: Computer Software & Peripheral Equipment,
DOV,Dover Corporation Common Stock,$152.19,0.77,0.509%,21923670639,669455,Capital Goods,Industrial Machinery/Components,
DPG,Duff & Phelps Utility and Infrastructure Fund Inc.,$14.22,-0.23,-1.592%,540251544,146182,Finance,Trusts Except Educational Religious and Charitable,
DPZ,Domino's Pizza Inc Common Stock,$389.91,3.73,0.966%,14050868503,311129,Consumer Non-Durables,Food Distributors,
DRE,Duke Realty Corporation Common Stock,$54.10,-0.2,-0.368%,20707733219,1508027,Consumer Services,Real Estate Investment Trusts,
DRH,Diamondrock Hospitality Company Common Stock,$9.71,0.27,2.86%,2046352350,1884585,Consumer Services,Real Estate Investment Trusts,
DRH^A,Diamondrock Hospitality Company 8.250% Series A Cumulative Redeemable Preferred Stock,$26.13,-0.08,-0.305%,,5263,,,
DRI,Darden Restaurants Inc. Common Stock,$124.38,0.19,0.153%,15886270945,2093213,Consumer Services,Restaurants,
DRQ,Dril-Quip Inc. Common Stock,$36.31,-1.51,-3.993%,1263315203,453168,Energy,Metal Fabrications,
DS,Drive Shack Inc.,$1.20,-0.04,-3.226%,110512110,1158602,Consumer Services,Movies/Entertainment,
DS^B,Drive Shack Inc. Preferred Series B,$23.9209,0.3909,1.661%,,2348,,,
DS^C,Drive Shack Inc. Preferred Series C,$22.00,0.005,0.023%,,938,,,
DS^D,Drive Shack Inc. Pfd Ser D,$23.50,0.2275,0.978%,,800,,,
DSM,BNY Mellon Strategic Municipal Bond Fund Inc. Common Stock,$7.09,0.03,0.425%,350398513,174911,Finance,Investment Managers,
DSU,Blackrock Debt Strategies Fund Inc. Common Stock,$10.09,-0.04,-0.395%,470260503,153731,Finance,Finance Companies,
DT,Dynatrace Inc. Common Stock,$39.60,0.94,2.431%,11315486635,1947920,Technology,EDP Services,
DTB,DTE Energy Company 2020 Series G 4.375% Junior Subordinated Debentures due 2080,$21.88,0.0883,0.405%,0,18146,Public Utilities,Electric Utilities: Central,
DTE,DTE Energy Company Common Stock,$127.76,1.24,0.98%,24752975034,1200161,Public Utilities,Electric Utilities: Central,
DTF,DTF Tax-Free Income 2028 Term Fund Inc. Common Stock,$13.08,-0.0076,-0.058%,91946736,5990,Finance,Investment Managers,
DTG,DTE Energy Company 2021 Series E 4.375% Junior Subordinated Debentures,$22.50,0.02,0.089%,0,32191,Public Utilities,Electric Utilities: Central,
DTP,DTE Energy Company 6.25% Corporate Units,$52.12,0.22,0.424%,0,107583,Public Utilities,Electric Utilities: Central,
DTW,DTE Energy Company 2017 Series E 5.25% Junior Subordinated Debentures due 2077,$24.70,0.14,0.57%,0,26850,Public Utilities,Electric Utilities: Central,
DUK,Duke Energy Corporation (Holding Company) Common Stock,$106.69,0.39,0.367%,82082841721,2113500,Public Utilities,Power Generation,
DUK^A,Duke Energy Corporation Depositary Shares each representing a 1/1000th interest in a share of 5.75% Series A Cumulative Redeemable Perpetual Preferred Stock,$25.62,-0.12,-0.466%,,56466,,,
DUKB,Duke Energy Corporation 5.625% Junior Subordinated Debentures due 2078,$25.23,0.1,0.398%,0,31852,Public Utilities,Power Generation,
DVA,DaVita Inc. Common Stock,$110.63,1.93,1.776%,10604094923,902671,Health Care,Medical/Nursing Services,
DVN,Devon Energy Corporation Common Stock,$53.01,0.32,0.607%,35209242000,17362136,Energy,Oil & Gas Production,
DX,Dynex Capital Inc. Common Stock,$15.85,0.06,0.38%,581153009,486685,Consumer Services,Real Estate Investment Trusts,
DX^C,Dynex Capital Inc. 6.900% Series C Fixed-to-Floating Rate Cumulative Redeemable Preferred Stock,$24.26,0.01,0.041%,,6048,,,
DY,Dycom Industries Inc. Common Stock,$96.14,1.25,1.317%,2847039679,276962,Basic Industries,Water Sewer Pipeline Comm & Power Line Construction,
EAF,GrafTech International Ltd. Common Stock,$9.72,0.16,1.674%,2558845482,1107985,Consumer Durables,Metal Fabrications,
EAI,Entergy Arkansas LLC First Mortgage Bonds 4.875% Series Due September 1 2066,$24.90,0.15,0.606%,0,9781,,,
EARN,Ellington Residential Mortgage REIT Common Shares of Beneficial Interest,$9.36,-0.17,-1.784%,122708907,111759,Consumer Services,Real Estate Investment Trusts,
EAT,Brinker International Inc. Common Stock,$33.79,-0.14,-0.413%,1507005752,760373,Consumer Services,Restaurants,
EB,Eventbrite Inc. Class A Common Stock,$14.04,0.57,4.232%,1369697809,681882,Technology,EDP Services,
EBF,Ennis Inc. Common Stock,$18.22,0.03,0.165%,474060823,98138,Consumer Services,Office Equipment/Supplies/Services,
EBS,Emergent Biosolutions Inc. Common Stock,$38.21,1.18,3.187%,1929659296,624377,Health Care,Biotechnology: Pharmaceutical Preparations,
ECC           ,Eagle Point Credit Company Inc. Common Stock,$13.39,0.22,1.67%,511649789,239792,Finance,Trusts Except Educational Religious and Charitable,
ECC^D,Eagle Point Credit Company Inc. 6.75% Series D Preferred Stock,$24.6498,0.0448,0.182%,,2823,,,
ECCC,Eagle Point Credit Company Inc. 6.50% Series C Term Preferred Stock due 2031,$25.00,0.05,0.20%,0,650,Finance,Trusts Except Educational Religious and Charitable,
ECCV,Eagle Point Credit Company Inc. 5.375% Notes due 2029,$23.84,0.05,0.21%,0,11914,Finance,Trusts Except Educational Religious and Charitable,
ECCW,Eagle Point Credit Company Inc. 6.75% Notes due 2031,$25.85,0.05,0.194%,0,7000,Finance,Trusts Except Educational Religious and Charitable,
ECCX,Eagle Point Credit Company Inc. 6.6875% Notes due 2028,$25.3899,0.1834,0.728%,0,2497,Finance,Trusts Except Educational Religious and Charitable,
ECL,Ecolab Inc. Common Stock,$167.82,2.79,1.691%,48122641932,2501929,Consumer Non-Durables,Package Goods/Cosmetics,
ECOM          ,ChannelAdvisor Corporation Common Stock,$15.88,0.08,0.506%,479394889,192335,Technology,Computer Software: Prepackaged Software,
ECVT,Ecovyst Inc. Common Stock,$10.85,0.08,0.743%,1499532746,257670,Basic Industries,Major Chemicals,
ED,Consolidated Edison Inc. Common Stock,$90.40,0.88,0.983%,32009772341,1544897,Public Utilities,Power Generation,
EDD,Morgan Stanley Emerging Markets Domestic Debt Fund Inc. Morgan Stanley Emerging Markets Domestic Debt Fund Inc. Common Stock,$4.71,0.06,1.29%,311293909,361491,Finance,Finance Companies,
EDF,Stone Harbor Emerging Markets Income Fund Common Shares of Beneficial Interest,$5.61,0.1,1.815%,94589060,60140,Finance,Investment Managers,
EDI,Stone Harbor Emerging Markets Total Income Fund Common Shares of Beneficial Interests,$6.63,0.18,2.791%,65912762,47124,Finance,Finance Companies,
EEA,The European Equity Fund Inc. Common Stock,$8.57,0,0.00%,58174805,9481,Finance,Trusts Except Educational Religious and Charitable,
EEX,Emerald Holding Inc. Common Stock,$3.50,0.04,1.156%,246219883,72642,Technology,Advertising,
EFC,Ellington Financial Inc. Common Stock ,$17.67,0.05,0.284%,1015623237,467178,Consumer Services,Real Estate Investment Trusts,
EFC^A,Ellington Financial Inc. 6.750% Series A Fixed-to-Floating Rate Cumulative Redeemable Preferred Stock,$24.50,0.23,0.948%,,6852,,,
EFC^B,Ellington Financial Inc. 6.250% Series B Fixed-Rate Reset Cumulative Redeemable Preferred Stock,$22.75,0,0.00%,,36,,,
EFL,Eaton Vance Floating-Rate 2022 Target Term Trust Common Shares of Beneficial Interest,$8.90,-0.02,-0.224%,210662947,40446,Finance,Trusts Except Educational Religious and Charitable,
EFR,Eaton Vance Senior Floating-Rate Fund Common Shares of Beneficial Interest,$12.91,0.04,0.311%,384223650,122170,Finance,Trusts Except Educational Religious and Charitable,
EFT,Eaton Vance Floating Rate Income Trust Common Shares of Beneficial Interest,$12.91,0.1,0.781%,373287589,148811,Finance,Finance Companies,
EFX,Equifax Inc. Common Stock,$230.79,2.36,1.033%,28175905526,724134,Technology,Advertising,
EGF,Blackrock Enhanced Government Fund Inc. Common Stock,$11.195,-0.065,-0.577%,46373351,5080,Finance,Trusts Except Educational Religious and Charitable,
EGHT,8x8 Inc Common Stock,$10.55,0.3,2.927%,1248392936,2030550,Technology,EDP Services,
EGP,EastGroup Properties Inc. Common Stock,$190.47,0.47,0.247%,7856781789,224441,Consumer Services,Real Estate Investment Trusts,
EGY,VAALCO Energy Inc.  Common Stock,$5.12,-0.43,-7.748%,300152069,1981710,Energy,Oil & Gas Production,
EHC,Encompass Health Corporation Common Stock,$68.02,1.49,2.24%,6763787384,537359,Health Care,Medical Specialities,
EHI,Western Asset Global High Income Fund Inc Common Stock,$8.13,0.04,0.494%,184529025,57445,Finance,Investment Managers,
EIG,Employers Holdings Inc Common Stock,$40.54,-0.4,-0.977%,1124152430,138810,Finance,Property-Casualty Insurers,
EIX,Edison International Common Stock,$66.13,1.51,2.337%,25175488973,1374951,Public Utilities,Electric Utilities: Central,
EL,Estee Lauder Companies Inc. (The) Common Stock,$258.90,8.52,3.403%,92858762028,2173990,Consumer Non-Durables,Package Goods/Cosmetics,
ELAN,Elanco Animal Health Incorporated Common Stock,$25.47,0.27,1.071%,12052066573,4639886,Health Care,Biotechnology: Pharmaceutical Preparations,
ELAT,Elanco Animal Health Incorporated 5.00% Tangible Equity Units,$40.05,-0.03,-0.075%,0,6484,Health Care,Biotechnology: Pharmaceutical Preparations,
ELC,Entergy Louisiana Inc. Collateral Trust Mortgage Bonds 4.875 % Series due September 1 2066,$24.94,0.12,0.483%,0,12542,,,
ELF,e.l.f. Beauty Inc. Common Stock,$23.93,0.74,3.191%,1247247944,373193,Consumer Non-Durables,Package Goods/Cosmetics,
ELS,Equity Lifestyle Properties Inc. Common Stock,$73.70,0.66,0.904%,13703436327,746330,Consumer Services,Real Estate Investment Trusts,
ELVT,Elevate Credit Inc. Common Stock,$3.05,0,0.00%,94427527,59223,Finance,Finance Companies,
ELY,Callaway Golf Company Common Stock,$21.82,0.13,0.599%,4040781540,1799797,Consumer Non-Durables,Recreational Products/Toys,
EMD,Western Asset Emerging Markets Debt Fund Inc Common Stock,$9.76,0.17,1.773%,592881077,893281,Finance,Finance/Investors Services,
EME,EMCOR Group Inc. Common Stock,$117.62,1.95,1.686%,6194592445,243891,Capital Goods,Engineering & Construction,
EMF,Templeton Emerging Markets Fund Common Stock,$12.50,-0.19,-1.497%,200852363,44277,Finance,Finance/Investors Services,
EMN,Eastman Chemical Company Common Stock,$106.00,-0.08,-0.075%,13670595068,1208879,Basic Industries,Major Chemicals,
EMO,ClearBridge Energy Midstream Opportunity Fund Inc. Common Stock,$24.35,-0.67,-2.678%,319159273,118781,Finance,Investment Managers,
EMP,Entergy Mississippi LLC First Mortgage Bonds 4.90% Series Due October 1 2066,$24.85,0.08,0.323%,0,8936,,,
EMR,Emerson Electric Company Common Stock,$92.65,0.33,0.357%,55034100000,3984075,Capital Goods,Industrial Machinery/Components,
ENJ,Entergy New Orleans LLC First Mortgage Bonds 5.0% Series due December 1 2052,$24.96,0.04,0.161%,0,366,Public Utilities,Power Generation,
ENO,Entergy New Orleans LLC First Mortgage Bonds 5.50% Series due April 1 2066,$25.17,0.13,0.519%,0,9722,,,
ENR,Energizer Holdings Inc. Common Stock,$29.89,0.27,0.912%,2129666296,715350,Basic Industries,Metal Fabrications,
ENS,EnerSys Common Stock,$72.46,0.81,1.13%,2988989637,154584,Consumer Non-Durables,Telecommunications Equipment,
ENV,Envestnet Inc Common Stock,$72.45,0.53,0.737%,3971687627,195484,Technology,EDP Services,
ENVA,Enova International Inc. Common Stock,$35.10,-0.64,-1.791%,1174514024,299534,Finance,Finance: Consumer Services,
ENZ,Enzo Biochem Inc. Common Stock ($0.01 Par Value),$3.04,0.03,0.997%,147354184,67127,Health Care,Medical Specialities,
EOD,Allspring Global Dividend Opportunity Fund Common Shares of Beneficial Interest,$4.92,0.03,0.613%,212757966,242797,Finance,Investment Managers,
EOG,EOG Resources Inc. Common Stock,$113.82,-2.02,-1.744%,66629027768,5414772,Energy,Oil & Gas Production,
EOI,Eaton Vance Enhance Equity Income Fund Eaton Vance Enhanced Equity Income Fund Shares of Beneficial Interest,$18.05,0.18,1.007%,714932252,71629,Consumer Services,Real Estate Investment Trusts,
EOT,Eaton Vance Municipal Income Trust EATON VANCE NATIONAL MUNICIPAL OPPORTUNITIES TRUST,$19.05,-0.03,-0.157%,295998119,19556,Finance,Trusts Except Educational Religious and Charitable,
EP^C,El Paso Corporation Preferred Stock,$47.51,-0.33,-0.69%,,832,,,
EPAC,Enerpac Tool Group Corp. Common Stock,$19.61,0.3,1.554%,1182856492,233233,Capital Goods,Industrial Machinery/Components,
EPAM,EPAM Systems Inc. Common Stock,$225.04,5.04,2.291%,12799946417,2450614,Technology,EDP Services,
EPD,Enterprise Products Partners L.P. Common Stock,$24.18,-0.4,-1.627%,52624858414,8032579,Public Utilities,Natural Gas Distribution,
EPR,EPR Properties Common Stock,$51.68,-0.03,-0.058%,3874347015,528215,Consumer Services,Real Estate Investment Trusts,
EPR^C,EPR Properties 5.75% Series C Cumulative Convertible Preferred Shares,$24.89,0.1,0.403%,,5332,,,
EPR^E,EPR Properties Series E Cumulative Conv Pfd Shs Ser E,$32.63,-0.095,-0.29%,,472,,,
EPR^G,EPR Properties 5.750% Series G Cumulative Redeemable Preferred Shares,$23.53,1.26,5.658%,,39132,,,
EPRT,Essential Properties Realty Trust Inc. Common Stock,$24.81,0.14,0.567%,3116264987,1373592,Consumer Services,Real Estate Investment Trusts,
EQC,Equity Commonwealth Common Shares of Beneficial Interest,$27.05,0.09,0.334%,3059233951,821606,Consumer Services,Real Estate Investment Trusts,
EQC^D,Equity Commonwealth 6.50% Pfd Conv Shs Ser D,$27.3201,-0.0499,-0.182%,,352,,,
EQD,Equity Distribution Acquisition Corp. Class A Common Stock,$9.865,-0.0036,-0.036%,510513750,126941,,,
EQH,Equitable Holdings Inc. Common Stock,$30.49,0.24,0.793%,11877619151,2338721,,,
EQH^A,Equitable Holdings Inc. Depositary Shares,$22.78,-0.04,-0.175%,,69762,,,
EQH^C,Equitable Holdings Inc. Depositary Shares each representing a 1/1000th interest in a share of Fixed Rate Noncumulative Perpetual Preferred Stock Series C,$19.39,0.03,0.155%,,33692,,,
EQR,Equity Residential Common Shares of Beneficial Interest,$87.39,1.01,1.169%,32851407778,1291786,Consumer Services,Real Estate Investment Trusts,
EQS,Equus Total Return Inc. Common Stock,$2.57,-0.01,-0.388%,34741635,1165,Finance,Finance/Investors Services,
EQT,EQT Corporation Common Stock,$25.64,0.22,0.865%,9641236130,7513849,Energy,Oil & Gas Production,
ES,Eversource Energy (D/B/A) Common Stock,$84.17,0.95,1.142%,28991506804,3722481,Public Utilities,Electric Utilities: Central,
ESE,ESCO Technologies Inc. Common Stock,$71.46,1.96,2.82%,1857439485,105436,Capital Goods,Telecommunications Equipment,
ESI,Element Solutions Inc. Common Stock,$21.46,0.23,1.083%,5325588367,2016258,Basic Industries,Industrial Specialties,
ESRT,Empire State Realty Trust Inc. Class A Common Stock,$9.52,0.29,3.142%,1619623872,2016526,Consumer Services,Real Estate Investment Trusts,
ESS,Essex Property Trust Inc. Common Stock,$335.27,1.27,0.38%,21875828721,258059,Consumer Services,Real Estate Investment Trusts,
ESTC,Elastic N.V. Ordinary Shares,$70.07,3,4.473%,6549372199,1895927,Technology,Computer Software: Prepackaged Software,
ESTE,Earthstone Energy Inc. Class A Common Stock,$12.27,0.27,2.25%,1320298503,604386,Energy,Oil & Gas Production,
ET,Energy Transfer LP Common Units ,$9.75,-0.07,-0.713%,30057578021,23108959,Public Utilities,Natural Gas Distribution,
ET^C,Energy Transfer L.P. 7.375% Series C Fixed-to-Floating Rate Cumulative Redeemable Perpetual Preferred Unit,$23.04,0.04,0.174%,,48762,,,
ET^D,Energy Transfer L.P. 7.625% Series D Fixed-to-Floating Rate Cumulative Redeemable Perpetual Preferred Unit,$23.96,-0.0407,-0.17%,,29156,,,
ET^E,Energy Transfer L.P. 7.600% Series E Fixed-to-Floating Rate Cumulative Redeemable Perpetual Preferred Unit,$23.99,0.04,0.167%,,21993,,,
ETB,Eaton Vance Tax-Managed Buy-Write Income Fund Eaton Vance Tax-Managed Buy-Write Income Fund Common Shares of Beneficial Interest,$16.41,0.19,1.171%,466731251,34603,Finance,Trusts Except Educational Religious and Charitable,
ETD,Ethan Allen Interiors Inc. Common Stock,$26.11,-0.26,-0.986%,660611486,304761,Consumer Durables,Home Furnishings,
ETG,Eaton Vance Tax-Advantaged Global Dividend Income Fund Common Shares of Beneficial Interest,$18.38,0.37,2.054%,1402397933,79271,Finance,Investment Managers,
ETI^,Entergy Texas Inc 5.375% Series A Preferred Stock Cumulative No Par Value,$25.23,-0.12,-0.473%,,2205,,,
ETJ,Eaton Vance Risk-Managed Diversified Equity Income Fund Common Shares of Beneficial Interest,$9.30,0.11,1.197%,606808111,212877,Finance,Finance Companies,
ETO,Eaton Vance Tax-Advantage Global Dividend Opp Common Stock,$26.92,0.69,2.631%,436880157,30630,Finance,Investment Managers,
ETR,Entergy Corporation Common Stock,$111.25,0.98,0.889%,22586827398,1181443,Public Utilities,Electric Utilities: Central,
ETV,Eaton Vance Corporation Eaton Vance Tax-Managed Buy-Write Opportunities Fund Common Shares of Beneficial Interest,$15.16,0.22,1.473%,1601214299,362305,Finance,Trusts Except Educational Religious and Charitable,
ETW,Eaton Vance Corporation Eaton Vance Tax-Managed Global Buy-Write Opportunites Fund Common Shares of Beneficial Interest,$9.74,0.16,1.67%,1064109649,170708,Finance,Investment Managers,
ETY,Eaton Vance Tax-Managed Diversified Equity Income Fund Common Shares of Beneficial Interest,$13.33,0.19,1.446%,2077225217,102362,Finance,Finance Companies,
EVA,Enviva Inc. Common Stock,$77.97,1.46,1.908%,4757957930,401391,,,
EVC,Entravision Communications Corporation Common Stock,$6.22,0.15,2.471%,531352021,305042,Consumer Services,Broadcasting,
EVF,Eaton Vance Senior Income Trust Common Stock,$6.09,0.02,0.329%,106811645,95375,Finance,Trusts Except Educational Religious and Charitable,
EVG,Eaton Vance Short Diversified Income Fund Eaton Vance Short Duration Diversified Income Fund Common Shares of Beneficial Interest,$11.32,0.05,0.444%,151952877,52720,Finance,Investment Managers,
EVH,Evolent Health Inc Class A Common Stock,$28.97,1.13,4.059%,2631267055,716444,Health Care,Managed Health Care,
EVN,Eaton Vance Municipal Income Trust Common Stock,$11.98,0.05,0.419%,475212613,64039,Finance,Investment Managers,
EVR,Evercore Inc. Class A Common Stock,$112.44,1.54,1.389%,4604326699,333878,Finance,Investment Managers,
EVRI,Everi Holdings Inc. Common Stock,$21.24,0.69,3.358%,1941531259,666255,Finance,Investment Bankers/Brokers/Service,
EVT,Eaton Vance Tax Advantaged Dividend Income Fund Common Shares of Beneficial Interest,$25.86,0.51,2.012%,1904685070,84356,Finance,Finance Companies,
EW,Edwards Lifesciences Corporation Common Stock,$106.15,3.9,3.814%,66153469438,2251135,Health Care,Industrial Specialties,
EXD,Eaton Vance Tax-Managed Buy-Write Strategy Fund Common Shares of Beneficial Interest,$11.06,0.31,2.884%,107748146,18800,Finance,Trusts Except Educational Religious and Charitable,
EXG,Eaton Vance Tax-Managed Global Diversified Equity Income Fund Eaton Vance Tax-Managed Global Diversified Equity Income Fund Common Shares of Beneficial Interest,$9.01,0.22,2.503%,2743421302,502194,Finance,Finance Companies,
EXP,Eagle Materials Inc Common Stock,$134.10,0.03,0.022%,5297668240,468316,Capital Goods,Building Materials,
EXPR,Express Inc. Common Stock,$3.36,0.01,0.299%,225308758,2295876,,,
EXR,Extra Space Storage Inc Common Stock,$189.69,-1.66,-0.868%,25447395313,998383,Consumer Services,Real Estate Investment Trusts,
EXTN,Exterran Corporation Common Stock,$5.70,-0.19,-3.226%,189907128,332730,Technology,Diversified Commercial Services,
F,Ford Motor Company Common Stock,$16.06,0.32,2.033%,64308215685,65194397,Capital Goods,Auto Manufacturing,
F^B,Ford Motor Company 6.20% Notes due June 1 2059,$25.20,0.2,0.80%,,46594,,,
F^C,Ford Motor Company 6% Notes due December 1 2059,$25.16,0.16,0.64%,,42040,,,
FAF,First American Corporation (New) Common Stock,$67.59,1.08,1.624%,7390080328,651787,Finance,Specialty Insurers,
FAM,First Trust/Aberdeen Global Opportunity Income Fund First Trust/Aberdeen Global Opportunity Income Fund Common Shares of Beneficial Interest,$7.10,-0.02,-0.281%,72017054,40633,Finance,Finance/Investors Services,
FBC,Flagstar Bancorp Inc. Common Stock,$43.59,0.51,1.184%,2320069250,603979,Finance,Savings Institutions,
FBHS,Fortune Brands Home & Security Inc. Common Stock,$84.32,1.79,2.169%,11313577313,1207754,Consumer Durables,Building Products,
FBK,FB Financial Corporation Common Stock,$46.08,1.38,3.087%,2191743360,414884,Finance,Major Banks,
FC,Franklin Covey Company Common Stock,$42.93,0.65,1.537%,613776692,45440,Consumer Services,Professional Services,
FCF,First Commonwealth Financial Corporation Common Stock,$15.71,-0.09,-0.57%,1481438767,386714,Finance,Major Banks,
FCN,FTI Consulting Inc. Common Stock,$152.17,4.36,2.95%,5226606729,213918,Consumer Services,Professional Services,
FCPT,Four Corners Property Trust Inc. Common Stock,$26.62,0.02,0.075%,2139282706,574147,Consumer Services,Real Estate Investment Trusts,
FCRX,First Eagle Alternative Capital BDC Inc. 5.000% Notes due 2026,$24.80,-0.1,-0.402%,0,136,,,
FCT,First Trust Senior Floating Rate Income Fund II Common Shares of Beneficial Interest,$11.70,0.03,0.257%,303819481,101050,Finance,Finance Companies,
FCX,Freeport-McMoRan Inc. Common Stock,$44.28,-0.24,-0.539%,64417705115,18553886,Basic Industries,Precious Metals,
FDX,FedEx Corporation Common Stock,$216.23,5.1,2.416%,57294320821,1856431,Transportation,Air Freight/Delivery Services,
FE,FirstEnergy Corp. Common Stock,$44.19,-0.06,-0.136%,25203518550,3182049,Public Utilities,Electric Utilities: Central,
FEO,First Trust/Aberdeen Emerging Opportunity Fund Common Shares of Beneficial Interest,$9.61,-0.13,-1.335%,47971217,123653,Finance,Investment Managers,
FET,Forum Energy Technologies Inc. Common Stock,$23.30,0.19,0.822%,131708446,124044,Energy,Metal Fabrications,
FF,FutureFuel Corp.  Common shares,$8.45,0.16,1.93%,369799403,383886,Basic Industries,Major Chemicals,
FFA,First Trust Enhanced Equity Income Fund,$19.19,0.27,1.427%,383470661,33686,Finance,Investment Managers,
FGB,First Trust Specialty Finance and Financial Opportunities Fund,$3.93,-0.0037,-0.094%,56464633,10486,Finance,Finance/Investors Services,
FHI,Federated Hermes Inc. Common Stock,$32.79,0.49,1.517%,3017190475,714683,Finance,Investment Managers,
FHN,First Horizon Corporation Common Stock,$23.16,-0.14,-0.601%,12358955751,12615234,Finance,Major Banks,
FHN^B,First Horizon Corporation Depositary Shares each representing a 1/400th interest in a share of Non-Cumulative Perpetual Preferred Stock Series B,$26.20,0.47,1.827%,,794,,,
FHN^C,First Horizon Corporation Depositary Shares each representing a 1/400th interest in a share of Non-Cumulative Perpetual Preferred Stock Series C,$26.17,0.05,0.191%,,403,,,
FHN^D,First Horizon Corporation Depositary Shares each representing a 1/400th interest in a share of Non-Cumulative Perpetual Preferred Stock Series D,$26.20,0.2,0.769%,,20391,,,
FHN^E,First Horizon Corporation Depositary Shares each representing a 1/4000th interest in a share of Non-Cumulative Perpetual Preferred Stock Series E,$26.1529,0.1829,0.704%,,6802,,,
FHN^F,First Horizon Corporation Depositary Shares each representing 1/4000th Interest in a Share of Non-Cumulative Perpetual Preferred Stock Series F,$22.07,0.04,0.182%,,23257,,,
FICO,Fair Isaac Corproation Common Stock,$478.68,12.65,2.714%,12579525630,225922,Technology,Computer Software: Prepackaged Software,
FIF,First Trust Energy Infrastructure Fund Common Shares of Beneficial Interest,$14.40,0.12,0.84%,237669149,86759,Finance,Finance/Investors Services,
FINV,FinVolution Group American Depositary Shares,$3.20,0.26,8.844%,906804339,1591728,Finance,Finance: Consumer Services,
FIS,Fidelity National Information Services Inc. Common Stock,$92.60,3.54,3.975%,56448099468,5435467,Miscellaneous,Business Services,
FIX,Comfort Systems USA Inc. Common Stock,$91.12,0.44,0.485%,3276387170,174608,Capital Goods,Engineering & Construction,
FL,Foot Locker Inc.,$31.27,1.33,4.442%,3035310982,3274217,Consumer Services,Clothing/Shoe/Accessory Stores,
FLC,Flaherty & Crumrine Total Return Fund Inc Common Stock,$19.70,0.29,1.494%,205048928,34010,Finance,Trusts Except Educational Religious and Charitable,
FLO,Flowers Foods Inc. Common Stock,$24.81,0.28,1.141%,5248223592,1303045,Consumer Non-Durables,Farming/Seeds/Milling,
FLOW,SPX FLOW Inc. Common Stock,$85.68,-0.12,-0.14%,3603536723,820163,Capital Goods,Industrial Machinery/Components,
FLR,Fluor Corporation Common Stock,$28.00,-0.31,-1.095%,3960173588,1903122,Capital Goods,Oilfield Services/Equipment,
FLS,Flowserve Corporation Common Stock,$33.09,-0.33,-0.987%,4315000559,1285475,Capital Goods,Fluid Controls,
FLT,FleetCor Technologies Inc. Common Stock,$229.41,2.94,1.298%,17867963759,407586,Technology,EDP Services,
FMAC,FirstMark Horizon Acquisition Corp. Class A Common Stock,$8.85,-0.6,-6.349%,457987500,560920,Finance,Business Services,
FMC,FMC Corporation Common Stock,$127.68,1.67,1.325%,16074030753,1746553,Basic Industries,Agricultural Chemicals,
FMN,Federated Hermes Premier Municipal Income Fund,$12.90,-0.09,-0.693%,148325374,15662,Finance,Finance Companies,
FMY,First Trust Motgage Income Fund Common Shares of Beneficial Interest,$12.83,0.31,2.476%,54054265,6326,Finance,Finance/Investors Services,
FNB,F.N.B. Corporation Common Stock,$12.82,-0.03,-0.233%,4526682400,2586567,Finance,Major Banks,
FNB^E,F.N.B. Corporation Depositary Shares each representing a 1/40th interest in a share of Fixed-to-Floating Rate Non-Cumulative Perpetual Preferred  Stock Series E,$26.50,-0.26,-0.972%,,3009,,,
FNF,FNF Group of Fidelity National Financial Inc. Common Stock,$48.40,0.44,0.917%,13724798745,1527116,Finance,Specialty Insurers,
FOE,Ferro Corporation Common Stock,$21.70,-0.05,-0.23%,1814757958,556974,Basic Industries,Paints/Coatings,
FOF,Cohen & Steers Closed-End Opportunity Fund Inc. Common Stock,$12.00,-0.11,-0.908%,328414368,76028,Finance,Finance/Investors Services,
FOR,Forestar Group Inc Common Stock ,$17.39,0.53,3.144%,863861606,52768,Finance,Real Estate,
FOUR,Shift4 Payments Inc. Class A Common Stock,$51.91,5.92,12.872%,2960045398,1182115,Technology,EDP Services,
FPH,Five Point Holdings LLC Class A Common Shares,$6.32,0.11,1.771%,443229955,65934,Consumer Services,Real Estate,
FR,First Industrial Realty Trust Inc. Common Stock,$58.34,0.53,0.917%,7688107974,808704,Consumer Services,Real Estate Investment Trusts,
FRA,Blackrock Floating Rate Income Strategies Fund Inc  Common Stock,$12.74,0.11,0.871%,448858190,196705,Finance,Trusts Except Educational Religious and Charitable,
FRC,FIRST REPUBLIC BANK Common Stock,$160.99,3.38,2.145%,28914244308,1736412,Finance,Commercial Banks,
FRC^H,FIRST REPUBLIC BANK Depositary Shares each representing a 1/40th interest in a share of 5.125% Noncumulative Perpetual Series H Preferred Stock par value $0.01 per share,$24.07,0.2,0.838%,,7591,,,
FRC^I,FIRST REPUBLIC BANK Depositary Shares each representing a 1/40th interest in a share of 5.50% Noncumulative Perpetual Series I Preferred Stock par value $0.01 per share,$24.46,-0.17,-0.69%,,15168,,,
FRC^J,FIRST REPUBLIC BANK Depositary Shares Each Representing a 1/40th Interest in a Share of 4.70% Noncumulative Perpetual Series J Preferred Stock,$21.16,-0.08,-0.377%,,99966,,,
FRC^K,FIRST REPUBLIC BANK Depositary Shares Each Representing a 1/40th Interest in a Share of 4.125% Noncumulative Perpetual Series K Preferred Stock,$19.69,0.11,0.562%,,615470,,,
FRC^L,FIRST REPUBLIC BANK Depositary Shares Each Representing a 1/40th Interest in a Share of 4.250% Noncumulative Perpetual Series L Preferred Stock,$19.69,0.07,0.357%,,18760,,,
FRC^M,FIRST REPUBLIC BANK Depositary Shares each representing a 1/40th interest in a share of 4.000% Noncumulative Perpetual Series M Preferred Stock,$19.21,0.02,0.104%,,68913,,,
FRC^N,First Republic Bank Depositary Shares Each Representing a 1/40th Interest in a Share of 4.500% Noncumulative Perpetual Series N Preferred Stock,$20.62,0.07,0.341%,,109770,,,
FRT,Federal Realty Investment Trust Common Stock,$116.64,0.3,0.258%,9169865302,566716,Consumer Services,Real Estate Investment Trusts,
FRT^C,Federal Realty Investment Trust Depositary Shares each representing a 1/1000th interest in a 5.000% Series C Cumulative Redeemable Preferred Share,$24.09,0.21,0.879%,,4956,,,
FSS,Federal Signal Corporation Common Stock,$33.71,0.33,0.989%,2054002213,357649,Technology,Industrial Machinery/Components,
FST,FAST Acquisition Corp. Class A Common Stock,$10.08,-0.02,-0.198%,252000000,34144,,,
FT,Franklin Universal Trust Common Stock,$8.19,0.01,0.122%,205830212,31520,Finance,Trusts Except Educational Religious and Charitable,
FTAI,Fortress Transportation and Infrastructure Investors LLC Common Shares,$22.73,0.39,1.746%,2254559060,390616,Technology,Diversified Commercial Services,
FTAI^A,Fortress Transportation and Infrastructure Investors LLC 8.25% Fixed to Floating Rate Series A Cumulative Perpetual Redeemable Preferred Shares,$23.99,0.435,1.847%,,2079,,,
FTAI^B,Fortress Transportation and Infrastructure Investors LLC 8.00% Fixed-to-Floating Rate Series B Cumulative Perpetual Redeemable Preferred Shares,$23.45,0.3,1.296%,,9219,,,
FTAI^C,Fortress Transportation and Infrastructure Investors LLC 8.25% Fixed - Rate Reset Series C Cumulative Perpetual Redeemable Preferred Shares,$23.53,-0.1,-0.423%,,21047,,,
FTHY,First Trust High Yield Opportunities 2027 Term Fund Common Stock,$17.08,0.045,0.264%,628082652,80726,Finance,Investment Managers,
FTK,Flotek Industries Inc. Common Stock,$1.46,-0.04,-2.667%,116435000,957451,Energy,Oilfield Services/Equipment,
FUL,H. B. Fuller Company Common Stock,$65.93,-0.25,-0.378%,3495810873,333751,Basic Industries,Home Furnishings,
FUN,Cedar Fair L.P. Common Stock,$53.76,1.07,2.031%,3057083581,322013,Consumer Services,Movies/Entertainment,
GAB,Gabelli Equity Trust Inc. (The) Common Stock,$7.03,0.05,0.716%,2051326133,535379,Finance,Investment Managers,
GAB^G,Gabelli Equity Trust Inc. (The) Series G Cumulative Preferred Stock,$24.82,-0.03,-0.121%,,5073,,,
GAB^H,Gabelli Equity Trust Inc. (The) Pfd Ser H,$24.9499,0.0799,0.321%,,6873,,,
GAB^K,Gabelli Equity Trust Inc. (The) 5.00% Series K Cumulative Preferred Stock,$25.09,0.26,1.047%,,2738,,,
GAM,General American Investors Inc. Common Stock,$39.85,0.45,1.142%,970898944,39064,Finance,Investment Managers,
GAM^B,General American Investors Company Inc. Cumulative Preferred Stock,$26.76,0.0504,0.189%,,1279,,,
GATO,Gatos Silver Inc. Common Stock,$4.69,0.27,6.109%,324240777,1417155,Basic Industries,Precious Metals,
GATX,GATX Corporation Common Stock,$122.00,0.61,0.503%,4318800000,375615,Technology,Diversified Commercial Services,
GBAB,Guggenheim Taxable Municipal Bond & Investment Grade Debt Trust Common Shares of Beneficial Interest,$19.00,-0.01,-0.053%,412163257,114440,Finance,Investment Managers,
GBCI,Glacier Bancorp Inc. Common Stock,$52.39,-0.09,-0.171%,5799006612,321225,Finance,Major Banks,
GBL,Gamco Investors Inc. Common Stock,$21.20,0.18,0.856%,564236474,22889,Finance,Investment Managers,
GBX,Greenbrier Companies Inc. (The) Common Stock,$49.81,-0.56,-1.112%,1621121889,365017,Capital Goods,Railroads,
GCO,Genesco Inc. Common Stock,$67.22,1.7,2.595%,981893295,192328,,,
GCV,Gabelli Convertible and Income Securities Fund Inc. (The) Common Stock,$6.31,0.14,2.269%,119248147,28594,Finance,Finance/Investors Services,
GD,General Dynamics Corporation Common Stock,$237.62,3.79,1.621%,65986590919,1145812,Capital Goods,Aerospace,
GDDY,GoDaddy Inc. Class A Common Stock,$76.56,-1.75,-2.235%,12798926115,3790641,Technology,EDP Services,
GDL,GDL Fund The Common Shares of Beneficial Interest,$8.5799,0.0797,0.938%,118664796,3015,Finance,Investment Managers,
GDL^C,The GDL Fund Series C Cumulative Puttable and Callable Preferred Shares,$51.14,-0.09,-0.176%,,590,,,
GDO,Western Asset Global Corporate Defined Opportunity Fund Inc. Western Asset Global Corporate Defined Opportunity Fund Inc.,$14.50,0.13,0.905%,216678923,25071,Finance,Finance Companies,
GDOT,Green Dot Corporation Class A Common Stock $0.001 par value,$25.98,0.77,3.054%,1427601987,580511,Technology,Advertising,
GDV,Gabelli Dividend & Income Trust Common Shares of Beneficial Interest,$23.35,0.44,1.921%,2110888545,129470,Finance,Investment Managers,
GDV^H,The Gabelli Dividend & Income Trust 5.375% Series H Cumulative Preferred Shares,$25.37,0.06,0.237%,,2043,,,
GDV^K,The Gabelli Dividend & Income Trust 4.250% Series K Cumulative Preferred Shares,$21.1389,0.1389,0.661%,,9431,,,
GE,General Electric Company Common Stock,$92.35,-0.1,-0.108%,101522375803,5102289,Consumer Durables,Metal Fabrications,
GEF,Greif Inc. Class A Common Stock,$59.40,-0.03,-0.05%,3541097023,116995,,,
GEL,Genesis Energy L.P. Common Units,$11.13,-0.37,-3.217%,1364306696,655421,Energy,Oil Refining/Marketing,
GEO,Geo Group Inc (The) REIT,$5.56,0.31,5.905%,681198006,3513713,Consumer Services,Real Estate Investment Trusts,
GES,Guess? Inc. Common Stock,$18.29,0.92,5.296%,1188386294,1868556,,,
GF,New Germany Fund Inc. (The) Common Stock,$11.23,0.01,0.089%,174409256,70829,Finance,Investment Managers,
GFF,Griffon Corporation Common Stock,$22.19,0.62,2.874%,1249382942,254613,,,
GGG,Graco Inc. Common Stock,$68.97,1.51,2.238%,11749111643,485789,Capital Goods,Fluid Controls,
GGT,Gabelli Multi-Media Trust Inc. (The) Common Stock,$9.18,-0.15,-1.608%,251820068,171382,Finance,Trusts Except Educational Religious and Charitable,
GGT^E,Gabelli Multi-Media Trust Inc. (The) 5.125% Series E Cumulative Preferred Stock,$25.03,0.03,0.12%,,1043,,,
GGT^G,Gabelli Multi-Media Trust Inc. (The) 5.125% Series G Cumulative Preferred Shares,$25.1095,-0.2705,-1.066%,,3954,,,
GHC,Graham Holdings Company Common Stock,$589.04,4.88,0.835%,2888639201,13700,Miscellaneous,Service to the Health Industry,
GHL,Greenhill & Co. Inc. Common Stock,$16.11,-0.02,-0.124%,295190554,101643,Finance,Investment Bankers/Brokers/Service,
GHM,Graham Corporation Common Stock,$7.26,-0.08,-1.09%,77232178,19933,Capital Goods,Metal Fabrications,
GHY,PGIM Global High Yield Fund Inc.,$13.11,0.31,2.422%,536512054,249943,Finance,Trusts Except Educational Religious and Charitable,
GIC,Global Industrial Company Common Stock,$31.46,0.39,1.255%,1189614189,54711,Technology,Industrial Machinery/Components,
GIM,Templeton Global Income Fund Inc. Common Stock,$4.74,0.01,0.211%,487257434,715550,Finance,Finance Companies,
GIS,General Mills Inc. Common Stock,$63.28,0.71,1.135%,38170919976,3143248,Consumer Services,Food Chains,
GJH,Synthetic Fixed-Income Securities Inc 6.375% (STRATS) Cl A-1,$10.00,-0.01,-0.10%,0,4761,,,
GJO,Synthetic Fixed-Income Securities Inc. Synthetic Fixed-Income Securities Inc. on behalf of STRATS(SM) Trust for Wal-Mart Stores Inc. Securities Series 2004-5,$23.95,0.05,0.209%,0,101,,,
GJP,Synthetic Fixed-Income Securities Inc. Synthetic Fixed-Income Securities Inc. on behalf of STRATS (SM) Trust for Dominion Resources Inc. Securities Series 2005-6 Floating Rate Structured Repackaged Asset-Backed Trust Securities (STRATS) Certificates,$23.90,0,0.00%,0,110,,,
GJR,Synthetic Fixed-Income Securities Inc. STRATS Trust for Procter&Gamble Securities Series 2006-1,$23.47,-0.2,-0.845%,0,2002,Finance,Investment Managers,
GJS,Goldman Sachs Group Securities STRATS Trust for Goldman Sachs Group Securities Series 2006-2,$21.01,-0.2151,-1.013%,0,108,Finance,Finance: Consumer Services,
GJT,Synthetic Fixed-Income Securities Inc. Synthetic Fixed-Income Securities Inc. Floating Rate Structured Repackaged Asset-Backed Trust Securities Certificates Series 2006-3,$20.66,0,0.00%,0,59,,,
GKOS,Glaukos Corporation Common Stock,$49.48,0.89,1.832%,2328198175,330394,Health Care,Biotechnology: Electromedical & Electrotherapeutic Apparatus,
GL,Globe Life Inc. Common Stock,$97.72,0.58,0.597%,9707348546,552043,Finance,Life Insurance,
GL^D,Globe Life Inc. 4.25% Junior Subordinated Debentures due 2061,$21.60,0.28,1.313%,,11373,,,
GLP,Global Partners LP Global Partners LP Common Units representing Limited Partner Interests,$25.98,0.69,2.728%,883204727,102760,Energy,Oil Refining/Marketing,
GLP^A,Global Partners LP 9.75% Series A Fixed-to-Floating Rate Cumulative Redeemable Perpetual Preferred Units representing limited partner interests,$26.10,-0.1005,-0.384%,,3566,,,
GLP^B,Global Partners LP 9.50% Series B Fixed Rate Cumulative Redeemable Perpetual Preferred Units representing limited partner interests,$26.4099,0.0599,0.227%,,2906,,,
GLT,Glatfelter Corporation Common Stock,$12.62,-0.36,-2.773%,563201624,244804,Basic Industries,Paper,
GLW,Corning Incorporated Common Stock,$36.59,0.38,1.049%,30949633132,4190414,Capital Goods,Industrial Machinery/Components,
GM,General Motors Company Common Stock,$42.13,1.3,3.184%,61215788928,16043986,Capital Goods,Auto Manufacturing,
GME,GameStop Corporation Common Stock,$82.64,4.53,5.80%,6309628542,3525359,Consumer Services,Electronics Distribution,
GMED,Globus Medical Inc. Class A Common Stock,$65.89,1.45,2.25%,6691664197,1017238,Health Care,Medical/Dental Instruments,
GMS,GMS Inc. Common Stock,$51.44,0.64,1.26%,2214028166,316148,,,
GNE,Genie Energy Ltd. Class B Common Stock Stock,$6.87,0.2,2.999%,189202040,39870,Public Utilities,Power Generation,
GNE^A,Genie Energy Ltd. Series 2012 - A Preferred Stock $0.01 par value,$8.90,0.1,1.136%,,12852,,,
GNK,Genco Shipping & Trading Limited Ordinary Shares New (Marshall Islands),$19.10,-0.41,-2.101%,801392528,1034136,Transportation,Marine Transportation,
GNL,Global Net Lease Inc. Common Stock,$14.72,-0.19,-1.274%,1529414653,631414,Consumer Services,Real Estate Investment Trusts,
GNL^A,Global Net Lease Inc. 7.25% Series A Cumulative Redeemable Preferred Stock $0.01 par value per share,$25.15,0.19,0.761%,,1815,,,
GNL^B,Global Net Lease Inc. 6.875% Series B Cumulative Redeemable Perpetual Preferred Stock,$24.85,0.16,0.648%,,2304,,,
GNRC,Generac Holdlings Inc. Common Stock,$286.98,11.04,4.001%,18304632164,522680,Consumer Durables,Metal Fabrications,
GNT,GAMCO Natural Resources Gold & Income Trust,$5.33,0.04,0.756%,101059406,98424,Finance,Finance/Investors Services,
GNT^A,GAMCO Natural Resources Gold & Income Tust  5.20% Series A Cumulative Preferred Shares (Liquidation Preference $25.00 per share),$25.07,0.09,0.36%,,1206,,,
GNW,Genworth Financial Inc Common Stock,$3.75,0.01,0.267%,1902696878,4209985,Finance,Life Insurance,
GOF,Guggenheim Strategic Opportunities Fund Common Shares of Beneficial Interest,$18.20,0.04,0.22%,1808166269,406586,Finance,Finance/Investors Services,
GOLF,Acushnet Holdings Corp. Common Stock,$42.14,-0.15,-0.355%,3050091683,178861,Consumer Non-Durables,Recreational Products/Toys,
GPC,Genuine Parts Company Common Stock,$124.53,2.43,1.99%,17676604868,727891,Capital Goods,Automotive Aftermarket,
GPI,Group 1 Automotive Inc. Common Stock,$187.53,2.92,1.582%,3195605528,164653,Consumer Services,Other Specialty Stores,
GPJA,Georgia Power Company Series 2017A 5.00% Junior Subordinated Notes due October 1 2077,$24.87,0.16,0.648%,0,13807,,,
GPK,Graphic Packaging Holding Company,$19.39,0.19,0.99%,5954737854,2325140,Basic Industries,Paper,
GPN,Global Payments Inc. Common Stock,$128.50,1.41,1.109%,36232888771,1530567,Miscellaneous,Business Services,
GPOR,Gulfport Energy Corporation Common Shares,$71.95,-2.07,-2.797%,1545270150,181069,Energy,Oil & Gas Production,
GPS,Gap Inc. (The) Common Stock,$14.59,0.66,4.738%,5412890000,7696513,Consumer Services,Clothing/Shoe/Accessory Stores,
GRBK,Green Brick Partners Inc. Common Stock,$21.80,0.71,3.367%,1106567390,382692,Capital Goods,Homebuilding,
GRBK^A,Green Brick Partners Inc. Depositary Shares (each representing a 1/1000th fractional interest in a share of 5.75% Series A Cumulative Perpetual Preferred Stock),$24.50,0.0003,0.001%,,2200,,,
GRC,Gorman-Rupp Company (The) Common Stock,$36.04,1.02,2.913%,939891305,138557,Capital Goods,Fluid Controls,
GRX,The Gabelli Healthcare & Wellness Trust Common Shares of Beneficial Interest,$12.52,0.14,1.131%,215105582,21723,Finance,Finance/Investors Services,
GS,Goldman Sachs Group Inc. (The) Common Stock,$329.16,4.18,1.286%,111230724805,2139691,Finance,Investment Bankers/Brokers/Service,
GS^A,Goldman Sachs Group Inc. (The) Depositary Shares each representing 1/1000th Interest in a Share of Floating Rate Non-Cumulative Preferred Stock Series A,$20.33,0.07,0.346%,,55473,,,
GS^C,Goldman Sachs Group Inc. (The) Depositary Share repstg 1/1000th Preferred Series C,$21.29,0.1371,0.648%,,22356,,,
GS^D,Goldman Sachs Group Inc. (The) Dep Shs repstg 1/1000 Pfd Ser D Fltg,$21.00,0.22,1.059%,,106959,,,
GS^J,Goldman Sachs Group Inc Depositary Shs Repstg 1/1000th Pfd Ser J Fixed to Fltg Rate,$25.30,0.13,0.516%,,74421,,,
GS^K,Goldman Sachs Group Inc. (The) Dep Shs Repstg 1/1000 Int Sh Fxd/Fltg Non Cum Pfd Stk Ser K,$25.75,0.12,0.468%,,52321,,,
GSBD,Goldman Sachs BDC Inc. Common Stock,$19.15,0.09,0.472%,1951105659,375059,Finance,Finance: Consumer Services,
GTLS,Chart Industries Inc. Common Stock,$158.78,-4.9,-2.994%,5811071564,572452,Technology,Electrical Products,
GTN,Gray Television Inc. Common Stock,$23.26,0.56,2.467%,2216763946,438106,Consumer Services,Broadcasting,
GTY,Getty Realty Corporation Common Stock,$27.94,0.22,0.794%,1305252528,156973,Consumer Services,Real Estate Investment Trusts,
GUT,Gabelli Utility Trust (The) Common Stock,$6.98,-0.13,-1.828%,463721326,550710,Finance,Trusts Except Educational Religious and Charitable,
GUT^C,Gabelli Utility Trust (The) 5.375% Series C Cumulative Preferred Shares,$25.637,-0.1029,-0.40%,,396,,,
GVA,Granite Construction Incorporated Common Stock,$31.70,-0.05,-0.157%,1454248754,359377,Capital Goods,Engineering & Construction,
GWH,ESS Tech Inc. Common Stock,$4.25,-0.02,-0.468%,648366120,863204,Capital Goods,Industrial Machinery/Components,
GWRE,Guidewire Software Inc. Common Stock,$84.95,0.54,0.64%,7097380003,458546,Technology,Computer Software: Prepackaged Software,
GWW,W.W. Grainger Inc. Common Stock,$497.75,14.35,2.969%,25438956230,298826,Consumer Non-Durables,Telecommunications Equipment,
H,Hyatt Hotels Corporation Class A Common Stock,$90.70,1.37,1.534%,9975870059,527656,Consumer Services,Hotels/Resorts,
HAE,Haemonetics Corporation Common Stock,$53.88,1.91,3.675%,2753892739,345682,Health Care,Medical/Dental Instruments,
HAL,Halliburton Company Common Stock,$34.80,-1.56,-4.29%,31270288792,13798561,Energy,Oil & Gas Production,
HASI,Hannon Armstrong Sustainable Infrastructure Capital Inc. Common Stock,$45.16,0.37,0.826%,3853357430,579161,Consumer Services,Real Estate Investment Trusts,
HBI,Hanesbrands Inc. Common Stock,$14.89,-0.27,-1.781%,5214111885,5546020,Consumer Non-Durables,Apparel,
HCA,HCA Healthcare Inc. Common Stock,$267.17,5.74,2.196%,81112812000,2014462,Health Care,Hospital/Nursing Management,
HCC,Warrior Met Coal Inc. Common Stock,$38.19,0.91,2.441%,1966888037,891797,,,
HCI,HCI Group Inc. Common Stock,$69.81,2.3,3.407%,720748738,110274,Finance,Property-Casualty Insurers,
HCXY,Hercules Capital Inc. 6.25% Notes due 2033,$26.00,-0.09,-0.345%,0,7331,Finance,Investment Managers,
HD,Home Depot Inc. (The) Common Stock,$328.54,10.18,3.198%,343074339212,3769291,Consumer Services,RETAIL: Building Materials,
HE,Hawaiian Electric Industries Inc. Common Stock,$42.01,0.66,1.596%,4592188088,389971,,,
HEI,Heico Corporation Common Stock,$146.38,3.2,2.235%,19889454958,275309,Capital Goods,Military/Government/Technical,
HEI/A,Heico Corporation,$120.68,1.96,1.651%,,290589,,,
HEP,Holly Energy Partners L.P. Common Stock,$16.46,0.33,2.046%,1735545708,691084,,,
HEQ,John Hancock Hedged Equity & Income Fund Common Shares of Beneficial Interest,$12.51,0.15,1.214%,152919901,30833,Finance,Investment Managers,
HES,Hess Corporation Common Stock,$93.08,-1.13,-1.199%,28831113281,2659830,Energy,Oil & Gas Production,
HESM,Hess Midstream LP Class A Share,$30.90,-0.7,-2.215%,1040466901,1044495,Energy,Oilfield Services/Equipment,
HGH,Hartford Financial Services Group Inc. (The) 7.875% Fixed to Floating Rate Junior Subordinated Debentures due 2042,$25.40,0,0.00%,0,110370,Finance,Property-Casualty Insurers,
HHC,Howard Hughes Corporation (The) Common Stock,$95.90,1.99,2.119%,5186691850,212617,Consumer Services,Real Estate Investment Trusts,
HI,Hillenbrand Inc Common Stock,$44.11,-0.38,-0.854%,3211821791,380007,Miscellaneous,Consumer Specialties,
HIE,Miller/Howard High Income Equity Fund Common Shares of Beneficial Interest,$10.32,0.04,0.389%,192887766,58270,Finance,Trusts Except Educational Religious and Charitable,
HIG,Hartford Financial Services Group Inc. (The) Common Stock,$68.09,0.59,0.874%,22581833063,1669260,Finance,Property-Casualty Insurers,
HIG^G,Hartford Financial Services Group Inc. (The) Depositary Shares each representing a 1/1000th interest in a share of 6.000% Non-Cumulative Preferred Stock Series G $0.01 par value,$25.48,0.03,0.118%,,15895,,,
HIGA,H.I.G. Acquisition Corp. Class A Ordinary Shares,$9.85,0.01,0.102%,448107281,1307357,Finance,Business Services,
HII,Huntington Ingalls Industries Inc. Common Stock,$202.50,0.56,0.277%,8097776955,396185,Capital Goods,Metal Fabrications,
HIL,Hill International Inc. Common Stock,$1.78,-0.06,-3.261%,100886614,213412,Consumer Services,Military/Government/Technical,
HIO,Western Asset High Income Opportunity Fund Inc. Common Stock,$4.38,0.01,0.229%,416534562,202476,Finance,Finance/Investors Services,
HIPO,Hippo Holdings Inc. Common Stock,$1.86,0.03,1.639%,1046553401,2417961,,,
HIW,Highwoods Properties Inc. Common Stock,$43.66,-0.07,-0.16%,4579618775,446239,Consumer Services,Real Estate Investment Trusts,
HIX,Western Asset High Income Fund II Inc. Common Stock,$5.94,0.04,0.678%,349345068,218313,Finance,Finance/Investors Services,
HL,Hecla Mining Company Common Stock,$6.70,0.2,3.077%,3606959144,9307139,Basic Industries,Precious Metals,
HL^B,Hecla Mining Company Preferred Stock,$60.57,0,0.00%,,4,,,
HLI,Houlihan Lokey Inc. Class A Common Stock,$97.61,1.69,1.762%,6575795653,277796,Finance,Investment Managers,
HLIO,Helios Technologies Inc. Common Stock,$72.69,-0.57,-0.778%,2356939522,84618,Capital Goods,Fluid Controls,
HLLY,Holley Inc. Common Stock,$14.10,0.77,5.776%,1663703260,482838,Capital Goods,Auto Parts:O.E.M.,
HLX,Helix Energy Solutions Group Inc. Common Stock,$4.62,-0.2,-4.149%,700561434,1813670,Energy,Oilfield Services/Equipment,
HMN,Horace Mann Educators Corporation Common Stock,$41.04,-0.26,-0.63%,1697063016,147956,Finance,Property-Casualty Insurers,
HNGR,Hanger Inc. Common Stock,$18.93,-0.32,-1.662%,732894637,107769,Health Care,Medical Specialities,
HNI,HNI Corporation Common Stock,$38.20,-0.27,-0.702%,1617341205,260126,Consumer Durables,Office Equipment/Supplies/Services,
HOG,Harley-Davidson Inc. Common Stock,$38.04,0.12,0.316%,5853616883,1147693,Consumer Non-Durables,Motor Vehicles,
HOMB,Home BancShares Inc. Common Stock,$23.06,0.15,0.655%,3779347398,595729,Finance,Major Banks,
HOV,Hovnanian Enterprises Inc. Class A Common Stock,$65.50,2.14,3.378%,412191762,91647,Capital Goods,Homebuilding,
HP,Helmerich & Payne Inc. Common Stock,$39.09,-1.76,-4.308%,4109653583,1735895,Energy,Oil & Gas Production,
HPE,Hewlett Packard Enterprise Company Common Stock,$16.53,0.21,1.287%,21491243782,14245963,Capital Goods,Telecommunications Equipment,
HPF,John Hancock Pfd Income Fund II Pfd Income Fund II,$17.76,0.25,1.428%,380256625,36937,Finance,Finance Companies,
HPI,John Hancock Preferred Income Fund Common Shares of Beneficial Interest,$17.94,0.31,1.758%,471863316,69748,Finance,Trusts Except Educational Religious and Charitable,
HPP,Hudson Pacific Properties Inc. Common Stock,$26.78,-0.01,-0.037%,4049061043,1022631,Consumer Services,Real Estate Investment Trusts,
HPP^C,Hudson Pacific Properties Inc. 4.750% Series C Cumulative Redeemable Preferred Stock,$20.95,0.09,0.431%,,22039,,,
HPQ,HP Inc. Common Stock,$34.86,0.76,2.229%,36720331788,15716579,Technology,Computer Manufacturing,
HPS,John Hancock Preferred Income Fund III Preferred Income Fund III,$16.45,0.12,0.735%,522189507,76504,Finance,Investment Managers,
HPX,HPX Corp. Class A Ordinary Shares,$9.905,-0.005,-0.05%,313047525,5140,Finance,Business Services,
HQH,Tekla Healthcare Investors Common Stock,$19.21,0.28,1.479%,872623240,121881,Finance,Finance Companies,
HQL,TeklaLife Sciences Investors Common Stock,$15.55,0.2,1.303%,383593340,42912,Finance,Investment Managers,
HR,Healthcare Realty Trust Incorporated Common Stock,$26.65,0.17,0.642%,4028445287,3270338,Consumer Services,Real Estate Investment Trusts,
HRB,H&R Block Inc. Common Stock,$25.80,0.33,1.296%,4245085225,2426353,Miscellaneous,Other Consumer Services,
HRL,Hormel Foods Corporation Common Stock,$49.19,-0.85,-1.699%,26808432436,3026886,Consumer Non-Durables,Meat/Poultry/Fish,
HSC,Harsco Corporation Common Stock,$13.40,-0.3,-2.19%,1061620280,414048,Basic Industries,Steel/Iron Ore,
HSY,The Hershey Company Common Stock,$208.82,2.11,1.021%,42858603743,931841,Consumer Non-Durables,Specialty Foods,
HT,Hersha Hospitality Trust Class A Common Shares of Beneficial Interest,$8.81,0.06,0.686%,346716607,166558,Consumer Services,Real Estate Investment Trusts,
HT^C,Hersha Hospitality Trust 6.875% Series C Cumulative Redeemable Preferred Shares of Beneficial Interest,$22.5961,0.6361,2.897%,,1325,,,
HT^D,Hersha Hospitality Trust 6.50% Series D Cumulative Redeemable Preferred Shares of Beneficial Interest $0.01 par value per share,$21.11,0.34,1.637%,,5260,,,
HT^E,Hersha Hospitality Trust 6.50% Series E Cumulative Redeemable Preferred Shares of Beneficial Interest,$20.60,0.1001,0.488%,,9156,,,
HTA,Healthcare Trust of America Inc. Class A Common Stock,$30.42,0.02,0.066%,6966997355,5080419,Consumer Services,Real Estate Investment Trusts,
HTD,John Hancock Tax Advantaged Dividend Income Fund Common Shares of Beneficial Interest,$24.01,0.47,1.997%,850179814,69038,Finance,Finance Companies,
HTFB,Horizon Technology Finance Corporation 4.875% Notes due 2026,$25.20,-0.34,-1.331%,0,11984,Finance,Finance Companies,
HTGC,Hercules Capital Inc. Common Stock,$17.03,0.01,0.059%,2039668437,1045115,Finance,Investment Managers,
HTH,Hilltop Holdings Inc.,$30.33,-0.44,-1.43%,2395042905,480359,Finance,Major Banks,
HTY,John Hancock Tax-Advantaged Global Shareholder Yield Fund Common Shares of Beneficial Interest,$6.18,0.13,2.149%,67473221,29677,Finance,Trusts Except Educational Religious and Charitable,
HUBB,Hubbell Inc Common Stock,$182.37,3.49,1.951%,9922581549,269998,Capital Goods,Industrial Machinery/Components,
HUBS,HubSpot Inc. Common Stock,$403.47,17.8,4.615%,19192821783,746822,Technology,Computer Software: Prepackaged Software,
HUM,Humana Inc. Common Stock,$439.87,7.93,1.836%,55750567453,1144487,Health Care,Medical Specialities,
HUN,Huntsman Corporation Common Stock,$38.48,-0.83,-2.111%,8254966945,2610877,Basic Industries,Major Chemicals,
HUYA,HUYA Inc. American depositary shares each  representing one Class A ordinary share,$3.64,0.26,7.692%,863889506,5633523,Consumer Services,Broadcasting,
HVT,Haverty Furniture Companies Inc. Common Stock,$29.25,-0.33,-1.116%,496223530,228471,Consumer Services,Other Specialty Stores,
HVT/A,Haverty Furniture Companies Inc.,$29.00,-0.99,-3.301%,,310,,,
HWM,Howmet Aerospace Inc. Common Stock,$34.10,0.68,2.035%,14284656272,2826405,Capital Goods,Industrial Machinery/Components,
HXL,Hexcel Corporation Common Stock,$55.50,1.74,3.237%,4661347431,688321,Capital Goods,Industrial Machinery/Components,
HY,Hyster-Yale Materials Handling Inc. Class A Common Stock,$33.00,0.12,0.365%,555570972,78232,Capital Goods,Construction/Ag Equipment/Trucks,
HYB,New America High Income Fund Inc. (The) Common Stock,$7.87,0.03,0.383%,183959235,60639,Finance,Investment Managers,
HYT,Blackrock Corporate High Yield Fund Inc. Common Stock,$10.06,0.08,0.802%,1229932039,534493,Finance,Finance Companies,
HZN,Horizon Global Corporation Common Shares,$4.61,0.16,3.596%,126233473,169063,Capital Goods,Auto Parts:O.E.M.,
HZO,MarineMax Inc.  (FL) Common Stock,$44.83,1.59,3.677%,981062499,322822,Consumer Services,Other Specialty Stores,
HZON,Horizon Acquisition Corporation II Class A Ordinary Shares,$9.83,-0.01,-0.102%,645093750,177815,Finance,Business Services,
IAE,Voya Asia Pacific High Dividend Equity Income Fund ING Asia Pacific High Dividend Equity Income Fund Common Shares of Beneficial Interest,$7.28,-0.04,-0.546%,86623657,82742,Finance,Trusts Except Educational Religious and Charitable,
IBM,International Business Machines Corporation Common Stock,$125.64,1.7,1.372%,112989306641,4016909,Technology,EDP Services,
ICE,Intercontinental Exchange Inc. Common Stock,$130.26,4.04,3.201%,73186881901,2567155,Finance,Investment Bankers/Brokers/Service,
IDA,IDACORP Inc. Common Stock,$111.38,1.79,1.633%,5627341958,257851,Public Utilities,Electric Utilities: Central,
IDE,Voya Infrastructure Industrials and Materials Fund Common Shares of Beneficial Interest,$10.74,0.12,1.13%,177331351,31303,Finance,Finance/Investors Services,
IDT,IDT Corporation Class B Common Stock,$32.98,1.23,3.874%,853071431,146134,Public Utilities,Telecommunications Equipment,
IEX,IDEX Corporation Common Stock,$192.68,3.59,1.899%,14666753237,313686,Capital Goods,Fluid Controls,
IFF,International Flavors & Fragrances Inc. Common Stock,$120.48,3.97,3.407%,30684412536,1609203,Basic Industries,Major Chemicals,
IFN,India Fund Inc. (The) Common Stock,$19.16,0.06,0.314%,515491657,164247,Finance,Finance/Investors Services,
IGA,Voya Global Advantage and Premium Opportunity Fund Common Shares of Beneficial Interest,$9.26,0.24,2.661%,151672568,99569,Finance,Investment Managers,
IGD,Voya Global Equity Dividend and Premium Opportunity Fund,$5.60,0.12,2.19%,452089870,247846,Finance,Trusts Except Educational Religious and Charitable,
IGI,Western Asset Investment Grade Defined Opportunity Trust Inc. Common Stock,$18.39,0.11,0.602%,199495125,25718,Finance,Investment Managers,
IGR,CBRE Global Real Estate Income Fund Common Shares of Beneficial Interest,$8.12,0.02,0.247%,946714811,321886,Finance,Finance Companies,
IGT,International Game Technology Ordinary Shares,$22.20,1.13,5.363%,4524485363,2592064,Consumer Services,Movies/Entertainment,
IH,iHuman Inc. American depositary shares each representing five Class A ordinary shares,$1.38,0.17,14.05%,73587777,121463,Consumer Services,Other Consumer Services,
IHD,Voya Emerging Markets High Income Dividend Equity Fund Common Shares,$6.03,0.02,0.333%,114806913,56372,Finance,Investment Managers,
IHIT,Invesco High Income 2023 Target Term Fund Common Shares of Beneficial Interest,$8.70,0,0.00%,209704061,39562,Finance,Investment Managers,
IIF,Morgan Stanley India Investment Fund Inc. Common Stock,$24.03,0.29,1.222%,265416733,34365,Finance,Trusts Except Educational Religious and Charitable,
IIIN,Insteel Industries Inc. Common Stock,$37.61,0.33,0.885%,730146323,112904,,,
IIM,Invesco Value Municipal Income Trust Common Stock,$13.95,-0.11,-0.782%,656438426,143813,Finance,Investment Managers,
IIPR,Innovative Industrial Properties Inc. Common Stock,$185.51,2,1.09%,4753651454,157091,Consumer Services,Real Estate Investment Trusts,
IIPR^A,Innovative Industrial Properties Inc. 9.00% Series A Cumulative Redeemable Preferred Stock,$30.00,-1.4949,-4.746%,,4598,,,
INGR,Ingredion Incorporated Common Stock,$82.69,-0.26,-0.313%,5516643174,667514,Consumer Non-Durables,Farming/Seeds/Milling,
INN,Summit Hotel Properties Inc. Common Stock,$9.85,-0.03,-0.304%,1047458436,664407,Consumer Services,Real Estate Investment Trusts,
INN^E,Summit Hotel Properties Inc. 6.250% Series E Cumulative Redeemable Preferred Stock,$24.10,0.46,1.946%,,19674,,,
INN^F,Summit Hotel Properties Inc. 5.875% Series F Cumulative Redeemable Preferred Stock $0.01 par value per share,$23.3601,0.0201,0.086%,,3685,,,
INSI,Insight Select Income Fund,$17.58,0.04,0.228%,188282415,16020,Finance,Investment Managers,
INSP,Inspire Medical Systems Inc. Common Stock,$207.41,9.39,4.742%,5709880736,163548,Health Care,Biotechnology: Electromedical & Electrotherapeutic Apparatus,
INT,World Fuel Services Corporation Common Stock,$25.38,-0.9,-3.425%,1610199456,590826,Energy,Oil Refining/Marketing,
INVH,Invitation Homes Inc. Common Stock,$39.50,0.4,1.023%,24002260676,2778214,Consumer Services,Real Estate Investment Trusts,
IO,Ion Geophysical Corporation Common Stock,$0.916,-0.094,-9.307%,27129209,3041418,Energy,Oilfield Services/Equipment,
IONQ,IonQ Inc. Common Stock,$12.49,1.08,9.465%,2404163929,1844344,Capital Goods,Wholesale Distributors,
IP,International Paper Company Common Stock,$43.19,0.65,1.528%,16255179904,3206489,Basic Industries,Containers/Packaging,
IPG,Interpublic Group of Companies Inc. (The) Common Stock,$34.84,0.67,1.961%,13725565006,4201536,Technology,Advertising,
IPI,Intrepid Potash Inc Common Stock,$67.96,-9.68,-12.468%,919400666,712305,Basic Industries,Major Chemicals,
IPOD,Social Capital Hedosophia Holdings Corp. IV Class A Ordinary Shares,$9.92,0.01,0.101%,570400000,370984,Finance,Business Services,
IPOF,Social Capital Hedosophia Holdings Corp. VI Class A Ordinary Shares,$10.05,0,0.00%,1444687500,947479,Finance,Business Services,
IQI,Invesco Quality Municipal Income Trust Common Stock,$11.19,-0.03,-0.267%,591769688,160955,Finance,Finance Companies,
IQV,IQVIA Holdings Inc. Common Stock,$215.01,3.92,1.857%,41048649846,748154,Health Care,Managed Health Care,
IR,Ingersoll Rand Inc. Common Stock,$48.40,0.74,1.553%,19745646796,2128395,Capital Goods,Industrial Machinery/Components,
IRL,New Ireland Fund Inc (The) Common Stock,$9.12,-0.28,-2.979%,33195906,4740,Finance,Trusts Except Educational Religious and Charitable,
IRM,Iron Mountain Incorporated (Delaware)Common Stock REIT,$48.68,0.65,1.353%,14108930193,2239816,Consumer Services,Real Estate Investment Trusts,
IRNT,IronNet Inc. Common Stock,$3.71,-0.33,-8.168%,329146117,3118802,Technology,EDP Services,
IRT,Independence Realty Trust Inc. Common Stock,$25.66,0.56,2.231%,5670108059,5367500,Consumer Services,Real Estate Investment Trusts,
ISD,PGIM High Yield Bond Fund Inc.,$14.01,0.14,1.009%,465926703,126473,Finance,Trusts Except Educational Religious and Charitable,
IT,Gartner Inc. Common Stock,$279.59,5.63,2.055%,23006734725,451779,Finance,Diversified Commercial Services,
ITGR,Integer Holdings Corporation Common Stock,$78.44,1.09,1.409%,2596171038,151539,Health Care,Medical/Dental Instruments,
ITT,ITT Inc. Common Stock ,$76.70,0.86,1.134%,6542510000,1215128,Capital Goods,Fluid Controls,
ITW,Illinois Tool Works Inc. Common Stock,$208.45,2.3,1.116%,65229620435,663057,Capital Goods,Industrial Machinery/Components,
IVC,Invacare Corporation Common Stock,$1.56,0.17,12.23%,54681401,1615705,Health Care,Industrial Specialties,
IVR,INVESCO MORTGAGE CAPITAL INC Common Stock,$2.18,0.01,0.461%,719127020,3265533,Consumer Services,Real Estate Investment Trusts,
IVR^B,Invesco Mortgage Capital Inc. Preferred Series B Cum Fxd to Fltg,$21.20,0.4872,2.352%,,6697,,,
IVR^C,INVESCO MORTGAGE CAPITAL INC 7.5% Fixed-to-Floating Series C Cumulative Redeemable Preferred Stock Liquation Preference $25.00 per Share,$22.19,0.43,1.976%,,4789,,,
IVZ,Invesco Ltd Common Stock,$20.29,-0.02,-0.098%,9348630404,5094457,Finance,Investment Managers,
J,Jacobs Engineering Group Inc. Common Stock,$131.21,4.37,3.445%,16954522551,1377892,Capital Goods,Oilfield Services/Equipment,
JBGS,JBG SMITH Properties Common Shares ,$28.42,0.07,0.247%,3625062967,562163,Consumer Services,Real Estate Investment Trusts,
JBK,Lehman ABS 3.50 3.50% Adjustable Corp Backed Tr Certs GS Cap I,$26.7738,0.2738,1.033%,0,1071,Finance,Trusts Except Educational Religious and Charitable,
JBL,Jabil Inc. Common Stock,$55.81,1.64,3.028%,8007863080,1548652,Technology,Electrical Products,
JBT,John Bean Technologies Corporation Common Stock,$109.99,3.44,3.229%,3494406058,156404,Capital Goods,Diversified Manufacture,
JCE,Nuveen Core Equity Alpha Fund Nuveen Core Equity Alpha Fund Common Shares of Beneficial Interest,$15.25,0.49,3.32%,244818407,25620,Finance,Trusts Except Educational Religious and Charitable,
JCO,Nuveen Credit Opportunities 2022 Target Term Fund Common Shares of Beneficial Interest,$8.025,-0.015,-0.187%,222889608,38067,Finance,Trusts Except Educational Religious and Charitable,
JEF,Jefferies Financial Group Inc. Common Stock,$32.23,0.28,0.876%,7784200010,1490189,Finance,Investment Bankers/Brokers/Service,
JELD,JELD-WEN Holding Inc. Common Stock,$23.07,0.71,3.175%,2074660784,660072,,,
JEQ,Aberdeen Japan Equity Fund Inc.  Common Stock,$6.80,0.1411,2.119%,91178045,32103,Finance,Finance Companies,
JFR,Nuveen Floating Rate Income Fund Common Stock,$9.41,0.02,0.213%,535602784,115779,Finance,Trusts Except Educational Religious and Charitable,
JGH,Nuveen Global High Income Fund Common Shares of Beneficial Interest,$13.06,0.06,0.462%,302696753,43413,Finance,Investment Managers,
JHI,John Hancock Investors Trust Common Stock,$15.46,0.09,0.586%,136730884,10509,Finance,Trusts Except Educational Religious and Charitable,
JHS,John Hancock Income Securities Trust Common Stock,$13.06,0.04,0.307%,152104400,19747,Finance,Finance Companies,
JLL,Jones Lang LaSalle Incorporated Common Stock,$223.68,0.44,0.197%,11158299839,298927,Finance,Real Estate,
JLS,Nuveen Mortgage and Income Fund,$18.30,-0.02,-0.109%,100420152,8930,Finance,Investment Managers,
JMM,Nuveen Multi-Market Income Fund (MA),$6.57,-0.011,-0.167%,62167646,5898,Finance,Trusts Except Educational Religious and Charitable,
JNJ,Johnson & Johnson Common Stock,$176.14,4.45,2.592%,463119293350,10554447,Health Care,Biotechnology: Pharmaceutical Preparations,
JNPR,Juniper Networks Inc. Common Stock,$34.38,1.09,3.274%,11096437402,4647970,Technology,Computer peripheral equipment,
JOBY,Joby Aviation Inc. Common Stock,$4.87,0.61,14.319%,2942637112,6797766,Transportation,Aerospace,
JOE,St. Joe Company (The) Common Stock,$53.31,0.36,0.68%,3139028687,135798,Consumer Services,Homebuilding,
JOF,Japan Smaller Capitalization Fund Inc Common Stock,$7.22,0.14,1.977%,204570707,15208,Finance,Trusts Except Educational Religious and Charitable,
JPC,Nuveen Preferred & Income Opportunities Fund,$8.20,0.12,1.485%,861520962,316274,Finance,Investment Managers,
JPM,JP Morgan Chase & Co. Common Stock,$132.48,2.31,1.775%,391188132346,15092957,Finance,Major Banks,
JPM^C,J P Morgan Chase & Co Depositary Shares each representing a 1/400th interest in a share of 6.00% Non-Cumulative  Preferred Stock Series EE,$25.80,0.2,0.781%,,178490,,,
JPM^D,J P Morgan Chase & Co Depositary Shares each representing a 1/400th  interest in a share of 5.75% Non-Cumulative  Preferred Stock Series DD,$25.44,0.19,0.752%,,184503,,,
JPM^J,J P Morgan Chase & Co Depositary Shares each representing a 1/400th interest in a share of JPMorgan Chase & Co. 4.75% Non-Cumulative Preferred Stock Series GG,$22.80,0.02,0.088%,,208815,,,
JPM^K,J P Morgan Chase & Co Depositary Shares each representing a 1/400th interest in a share of 4.55% Non-Cumulative Preferred Stock Series JJ,$20.88,0.02,0.096%,,520876,,,
JPM^L,J P Morgan Chase & Co Depositary Shares each representing a 1/400th interest in a share of 4.625% Non-Cumulative Preferred Stock Series LL,$21.20,-0.05,-0.235%,,491280,,,
JPM^M,J P Morgan Chase & Co Depositary Shares each representing a 1/400th interest in a share of 4.20% Non-Cumulative Preferred Stock Series MM,$20.03,0.08,0.401%,,322430,,,
JPS,Nuveen Preferred & Income Securities Fund,$7.97,0.09,1.142%,1639477426,828568,Finance,Investment Managers,
JPT,Nuveen Preferred and Income Fund Common Shares of Beneficial Interest,$21.15,0.06,0.284%,144797997,7801,Finance,Trusts Except Educational Religious and Charitable,
JQC,Nuveen Credit Strategies Income Fund Shares of Beneficial Interest,$5.80,0.04,0.694%,786533882,677421,Finance,Finance Companies,
JRI,Nuveen Real Asset Income and Growth Fund Common Shares of Beneficial Interest,$14.16,0.1,0.711%,388744109,124197,Finance,Finance Companies,
JRO,Nuveen Floating Rate Income Opportuntiy Fund Shares of Beneficial Interest,$9.41,0.03,0.32%,381492861,141101,Finance,Investment Managers,
JRS,Nuveen Real Estate Income Fund Common Shares of Beneficial Interest,$10.96,0.01,0.091%,316661482,58489,Finance,Finance/Investors Services,
JSD,Nuveen Short Duration Credit Opportunities Fund Common Shares of Beneficial Interest,$13.48,-0.02,-0.148%,135954535,41324,Finance,Finance Companies,
JW/A,John Wiley & Sons Inc.,$52.30,0.16,0.307%,,134280,,,
JW/B,John Wiley & Sons Inc.,$50.00,0,0.00%,,100,,,
JWN,Nordstrom Inc. Common Stock,$24.71,0.48,1.981%,3938774000,4975699,Consumer Services,Clothing/Shoe/Accessory Stores,
K,Kellogg Company Common Stock,$61.32,1.07,1.776%,20814161068,2824873,Consumer Non-Durables,Packaged Foods,
KAI,Kadant Inc Common Stock,$194.75,0.15,0.077%,2263207667,31686,Technology,Industrial Machinery/Components,
KAMN,Kaman Corporation Common Stock,$42.23,0.61,1.466%,1177406902,163745,Capital Goods,Military/Government/Technical,
KAR,KAR Auction Services Inc Common Stock,$18.29,0.61,3.45%,2216401112,1241636,,,
KBH,KB Home Common Stock,$36.75,1.28,3.609%,3243822062,1137520,,,
KBR,KBR Inc. Common Stock,$52.94,-0.8,-1.489%,7385162770,1277332,Capital Goods,Oilfield Services/Equipment,
KEX,Kirby Corporation Common Stock,$68.09,-0.78,-1.133%,4099086090,812349,Transportation,Marine Transportation,
KEY,KeyCorp Common Stock,$23.84,0.03,0.126%,22117822979,6940391,Finance,Major Banks,
KEY^I,KeyCorp Depositary Shares Each Representing a 1/40th Ownership Interest in a Share of Fixed-to-Floating Rate Perpetual Non-Cumulative Preferred Stock Series E,$26.38,-0.04,-0.151%,,46151,,,
KEY^J,KeyCorp Depositary Shares each representing a 1/40th ownership interest in a share of Fixed Rate Perpetual Non-Cumulative Preferred Stock Series F,$25.12,0.27,1.087%,,32472,,,
KEY^K,KeyCorp Depositary Shares each representing a 1/40th ownership interest in a share of Fixed Rate Perpetual Non-Cumulative Preferred Stock Series G,$25.02,0.15,0.603%,,55134,,,
KEYS,Keysight Technologies Inc. Common Stock,$149.66,5.68,3.945%,27234387180,1182348,Capital Goods,Industrial Machinery/Components,
KF,Korea Fund Inc. (The) New Common Stock,$28.86,0.33,1.157%,144876507,1267,Finance,Investment Managers,
KFY,Korn Ferry Common Stock,$64.79,2.1,3.35%,3512654640,521112,Technology,Diversified Commercial Services,
KIM,Kimco Realty Corporation Common Stock,$23.65,0.4,1.72%,14585405793,4164699,Consumer Services,Real Estate Investment Trusts,
KIM^L,Kimco Realty Corporation Class L Depositary Shares each of which represents a one-one thousandth fractional interest in a share of 5.125% Class L Cumulative Redeemable Preferred Stock liquidation preference $25000.00 per share,$24.66,-0.07,-0.283%,,51744,,,
KIM^M,Kimco Realty Corporation Class M Depositary Shares each of which represents a one-one thousandth fractional interest in a share of 5.25% Class M Cumulative Redeemable Preferred Stock liquidation preference $25000.00 per share,$24.525,0.045,0.184%,,20389,,,
KIND,Nextdoor Holdings Inc. Class A Common Stock,$5.41,0.3,5.871%,2075566317,1715261,Consumer Services,EDP Services,
KKR,KKR & Co. Inc. Common Stock,$52.08,1.23,2.419%,30786852953,3419145,Finance,Investment Managers,
KKR^C,KKR & Co. Inc. 6.00% Series C Mandatory Convertible Preferred Stock,$65.57,0.38,0.583%,,40343,,,
KLR,Kaleyra Inc. Common Stock,$6.00,0.05,0.84%,254170998,299137,Technology,Internet and Information Services,
KMB,Kimberly-Clark Corporation Common Stock,$121.05,1.93,1.62%,40785180520,2267242,Basic Industries,Paper,
KMI,Kinder Morgan Inc. Common Stock,$17.32,-0.22,-1.254%,39222570338,18836717,Public Utilities,Natural Gas Distribution,
KMPB,Kemper Corporation 5.875% Fixed-Rate Reset Junior Subordinated Debentures due 2062,$23.99,0,0.00%,0,22989,,,
KMPR,Kemper Corporation,$52.57,0.6,1.155%,3348107074,216566,Finance,Property-Casualty Insurers,
KMT,Kennametal Inc. Common Stock,$29.14,-0.05,-0.171%,2421263289,718094,Capital Goods,Industrial Machinery/Components,
KMX,CarMax Inc,$100.92,2.37,2.405%,16316732077,1029002,Consumer Services,Other Specialty Stores,
KNSL,Kinsale Capital Group Inc. Common Stock,$217.15,5.94,2.812%,4959724023,89535,Finance,Property-Casualty Insurers,
KNX,Knight-Swift Transportation Holdings Inc.,$52.77,1.13,2.188%,8769903081,1250754,Transportation,Trucking Freight/Courier Services,
KO,Coca-Cola Company (The) Common Stock,$59.62,1.08,1.845%,258480918623,18605779,Consumer Non-Durables,Beverages (Production/Distribution),
KODK,Eastman Kodak Company Common New,$4.20,0.05,1.205%,330339240,973190,Miscellaneous,Business Services,
KOP,Koppers Holdings Inc. Koppers Holdings Inc. Common Stock,$27.57,-0.39,-1.395%,582472300,123573,Basic Industries,Industrial Specialties,
KR,Kroger Company (The) Common Stock,$56.19,0.77,1.389%,40793940000,6127074,Consumer Services,Food Chains,
KRC,Kilroy Realty Corporation Common Stock,$73.38,0.1,0.136%,8564625950,568418,Consumer Services,Real Estate Investment Trusts,
KREF,KKR Real Estate Finance Trust Inc. Common Stock,$19.78,0.1,0.508%,1333954279,373632,Consumer Services,Real Estate Investment Trusts,
KREF^A,KKR Real Estate Finance Trust Inc. 6.50% Series A Cumulative Redeemable Preferred Stock,$24.37,0.37,1.542%,,25966,,,
KRG,Kite Realty Group Trust Common Stock,$21.97,0.01,0.046%,4810240193,1531976,Consumer Services,Real Estate Investment Trusts,
KRO,Kronos Worldwide Inc Common Stock,$14.94,-0.31,-2.033%,1725322833,145951,Basic Industries,Major Chemicals,
KRP,Kimbell Royalty Partners Common Units Representing Limited Partner Interests,$15.48,0.01,0.065%,930071806,298329,Energy,Oil & Gas Production,
KSM,DWS Strategic Municipal Income Trust,$10.42,-0.04,-0.382%,116745065,8844,Finance,Trusts Except Educational Religious and Charitable,
KSS,Kohl's Corporation Common Stock,$53.82,-0.13,-0.241%,7489486951,2108025,Consumer Services,Department/Specialty Retail Stores,
KTF,DWS Municipal Income Trust,$10.30,-0.09,-0.866%,406859661,120354,Finance,Finance Companies,
KTH,Structures Products Cp 8% CorTS Issued by Peco Energy Cap Tr II Preferred Stock,$31.6579,-0.0921,-0.29%,0,613,Finance,Investment Managers,
KTN,Structured Products Corp 8.205% CorTS 8.205% Corporate Backed Trust Securities (CorTS),$29.50,0,0.00%,0,4182,,,
KW,Kennedy-Wilson Holdings Inc. Common Stock,$22.99,-0.16,-0.691%,3169743836,459460,Consumer Services,Real Estate,
KWR,Quaker Houghton Common Stock,$172.80,1.21,0.705%,3093006816,56876,Basic Industries,Automotive Aftermarket,
KYN,Kayne Anderson Energy Infrastructure Fund Inc.,$8.19,-0.08,-0.967%,1035605467,1183383,Finance,Finance/Investors Services,
L,Loews Corporation Common Stock,$62.67,1,1.622%,15554847103,922302,Finance,Property-Casualty Insurers,
LAD,Lithia Motors Inc. Common Stock,$326.07,9.31,2.939%,9615115966,187602,Consumer Services,Other Specialty Stores,
LAW,CS Disco Inc. Common Stock,$28.19,1.35,5.03%,1641396832,277446,Technology,Computer Software: Prepackaged Software,
LBRT,Liberty Oilfield Services Inc. Class A Common Stock,$13.49,-0.56,-3.986%,2510508142,1529269,Energy,Oilfield Services/Equipment,
LC,LendingClub Corporation Common Stock,$14.12,0.55,4.053%,1426740207,1852392,Finance,Finance Companies,
LCI,Lannett Co Inc Common Stock,$0.7526,-0.0104,-1.363%,32324282,361117,Health Care,Biotechnology: Pharmaceutical Preparations,
LCII,LCI Industries,$120.52,5.91,5.157%,3046981337,213584,Capital Goods,Auto Parts:O.E.M.,
LDOS,Leidos Holdings Inc. Common Stock,$103.97,1.52,1.484%,14608352052,894010,Technology,EDP Services,
LDP,Cohen & Steers Limited Duration Preferred and Income Fund Inc.,$21.63,0.21,0.98%,628983550,73972,Finance,Finance Companies,
LEA,Lear Corporation Common Stock,$138.12,1.64,1.202%,8246180570,572971,Capital Goods,Auto Parts:O.E.M.,
LEAP,Ribbit LEAP Ltd. Class A Ordinary Shares,$9.85,0,0.00%,450413137,22431,Finance,Business Services,
LEG,Leggett & Platt Incorporated Common Stock,$36.30,0.49,1.368%,4855007606,1344380,Consumer Durables,Home Furnishings,
LEN,Lennar Corporation Class A Common Stock,$86.27,2.93,3.516%,25387949092,2091380,Consumer Services,Building operators,
LEO,BNY Mellon Strategic Municipals Inc. Common Stock,$7.21,0,0.00%,449011489,92593,Finance,Trusts Except Educational Religious and Charitable,
LEVI,Levi Strauss & Co Class A Common Stock,$18.60,0.38,2.086%,7412425686,1612582,Basic Industries,Industrial Specialties,
LFG,Archaea Energy Inc. Class A Common Stock,$18.64,-0.03,-0.161%,1084351449,460547,,,
LFT,Lument Finance Trust Inc. Common Stock,$3.03,0,0.00%,158242211,98300,Consumer Services,Real Estate Investment Trusts,
LGI,Lazard Global Total Return and Income Fund Common Stock,$16.52,0.2,1.225%,214919600,36103,,,
LH,Laboratory Corporation of America Holdings Common Stock,$271.53,5.87,2.21%,25360902000,571636,Health Care,Medical Specialities,
LHX,L3Harris Technologies Inc. Common Stock,$258.11,8,3.199%,49832239191,1719000,Capital Goods,Industrial Machinery/Components,
LII,Lennox International Inc. Common Stock,$268.49,5.3,2.014%,9836634300,305266,Capital Goods,Industrial Machinery/Components,
LL,LL Flooring Holdings Inc. Common Stock,$15.26,0.24,1.598%,444683557,176452,Consumer Services,RETAIL: Building Materials,
LLY,Eli Lilly and Company Common Stock,$275.46,6.46,2.401%,262333539328,4395214,Health Care,Biotechnology: Pharmaceutical Preparations,
LMND,Lemonade Inc. Common Stock,$18.79,1.49,8.613%,1159092868,2054845,Finance,Property-Casualty Insurers,
LMT,Lockheed Martin Corporation Common Stock,$448.67,4.22,0.949%,122184921440,1778156,Capital Goods,Aerospace,
LNC,Lincoln National Corporation Common Stock,$62.13,0.2,0.323%,10714611505,1219467,Finance,Life Insurance,
LNFA,L&amp,F Acquisition Corp. Class A Ordinary Shares,$10.09,0,0.00%,2021,311,Finance,Business Services
LNN,Lindsay Corporation Common Stock,$143.41,0.3,0.21%,1573550737,33262,Capital Goods,Industrial Machinery/Components,
LOW,Lowe's Companies Inc. Common Stock,$231.07,4.56,2.013%,154816900000,3413581,Consumer Services,RETAIL: Building Materials,
LPI,Laredo Petroleum Inc. Common Stock,$68.29,0.55,0.812%,1181696989,1015796,Energy,Oil & Gas Production,
LPX,Louisiana-Pacific Corporation Common Stock,$68.43,3.57,5.504%,5875197042,981491,,,
LRN,Stride Inc. Common Stock,$32.53,0.52,1.624%,1391885215,402459,Miscellaneous,Other Consumer Services,
LSI,Life Storage Inc. Common Stock,$130.08,-0.24,-0.184%,10886255234,348222,Consumer Services,Real Estate Investment Trusts,
LTC,LTC Properties Inc. Common Stock,$35.82,-0.62,-1.701%,1414779280,249401,Consumer Services,Real Estate Investment Trusts,
LTHM,Livent Corporation Common Stock,$21.59,0.56,2.663%,3490886755,2543638,Basic Industries,Industrial Specialties,
LUB,Luby's Inc. Common Stock,$2.76,-0.01,-0.361%,85613083,17224,Consumer Services,Restaurants,
LUMN,Lumen Technologies Inc. Common Stock,$10.78,0.07,0.654%,11031952575,11723850,Public Utilities,Telecommunications Equipment,
LUV,Southwest Airlines Company Common Stock,$42.06,1.96,4.888%,24913899389,11076782,Transportation,Air Freight/Delivery Services,
LVS,Las Vegas Sands Corp. Common Stock,$32.66,0.57,1.776%,24951905300,10515012,Consumer Services,Hotels/Resorts,
LXP,LXP Industrial Trust Common Stock (Maryland REIT),$15.42,0.07,0.456%,4404769892,2536200,Consumer Services,Real Estate Investment Trusts,
LXP^C,LXP Industrial Trust 6.5% Series C Cumulative Convertible Preferred Stock,$53.22,0.7799,1.487%,,418,,,
LXU,LSB Industries Inc. Common Stock,$18.34,-0.91,-4.727%,1642606731,827686,Basic Industries,Industrial Specialties,
LYV,Live Nation Entertainment Inc. Common Stock,$111.76,3.72,3.443%,25104181755,1811161,Consumer Services,Movies/Entertainment,
LZB,La-Z-Boy Incorporated Common Stock,$28.79,0.29,1.018%,1244371658,864865,Consumer Durables,Home Furnishings,
M,Macy's Inc Common Stock,$24.86,1.07,4.498%,7269064000,11527454,Consumer Services,Department/Specialty Retail Stores,
MA,Mastercard Incorporated Common Stock,$335.00,6.41,1.951%,327454607065,3737764,Miscellaneous,Business Services,
MAA,Mid-America Apartment Communities Inc. Common Stock,$205.58,0.16,0.078%,23711808331,640296,Consumer Services,Real Estate Investment Trusts,
MAA^I,Mid-America Apartment Communities Inc. 8.50% Series I Cumulative Redeemable Preferred Stock,$61.66,1.66,2.767%,,2107,,,
MAC,Macerich Company (The) Common Stock,$14.53,0.38,2.686%,3116967812,2437998,Consumer Services,Real Estate Investment Trusts,
MAIN,Main Street Capital Corporation Common Stock,$40.89,0.95,2.379%,2931501745,263251,Finance,Finance/Investors Services,
MAN,ManpowerGroup Common Stock,$94.66,2.46,2.668%,5065190054,568378,Technology,Professional Services,
MAS,Masco Corporation Common Stock,$55.65,1.54,2.846%,13351896202,2840401,Capital Goods,Building Products,
MATX,Matson Inc. Common Stock,$113.55,-1.33,-1.158%,4641787172,756144,Transportation,Marine Transportation,
MAV,Pioneer Municipal High Income Advantage Fund Inc.,$9.96,-0.01,-0.10%,238187812,69729,Finance,Finance Companies,
MBI,MBIA Inc. Common Stock,$14.74,0.17,1.167%,804876816,371972,Finance,Property-Casualty Insurers,
MCA,Blackrock MuniYield California Quality Fund Inc. Common Stock,$13.14,-0.07,-0.53%,452091121,89398,Finance,Trusts Except Educational Religious and Charitable,
MCD,McDonald's Corporation Common Stock,$232.57,6.39,2.825%,172935497865,5087125,Consumer Services,Restaurants,
MCI,Barings Corporate Investors Common Stock,$14.49,-0.3,-2.028%,293592308,20113,Finance,Trusts Except Educational Religious and Charitable,
MCK,McKesson Corporation Common Stock,$290.63,5.78,2.029%,43535902598,1363823,Health Care,Other Pharmaceuticals,
MCN,Madison Covered Call & Equity Strategy Fund Common Stock,$7.72,-0.12,-1.531%,161977566,40673,,,
MCO,Moody's Corporation Common Stock,$306.71,5.4,1.792%,56802692000,936189,Technology,Advertising,
MCR,MFS Charter Income Trust Common Stock,$6.96,-0.05,-0.713%,309649788,167173,Finance,Trusts Except Educational Religious and Charitable,
MCS,Marcus Corporation (The) Common Stock,$17.02,0.08,0.472%,534914244,184000,Consumer Services,Movies/Entertainment,
MCY,Mercury General Corporation Common Stock,$52.26,-1.3,-2.427%,2893677381,209262,Finance,Property-Casualty Insurers,
MD,Mednax Inc. Common Stock,$23.17,-0.4,-1.697%,2003569794,529358,Health Care,Medical Specialities,
MDC,M.D.C. Holdings Inc. Common Stock,$42.04,1.29,3.166%,2991612140,712938,Capital Goods,Homebuilding,
MDT,Medtronic plc. Ordinary Shares,$105.40,2.18,2.112%,141398229361,5017910,Health Care,Biotechnology: Electromedical & Electrotherapeutic Apparatus,
MDU,MDU Resources Group Inc. Common Stock (Holding Company),$25.75,0.3,1.179%,5236281555,1961428,,,
MED,MEDIFAST INC Common Stock,$169.44,5.85,3.576%,1955783227,96200,Miscellaneous,Other Consumer Services,
MEG,Montrose Environmental Group Inc. Common Stock,$51.32,0.75,1.483%,1522830523,131547,Consumer Services,Professional Services,
MEI,Methode Electronics Inc. Common Stock,$41.90,-0.31,-0.734%,1547381414,211037,Capital Goods,Electrical Products,
MER^K,Bank of America Corporation Income Capital Obligation Notes initially due December 15 2066,$26.16,0.18,0.693%,,65596,,,
MET,MetLife Inc. Common Stock,$65.32,0.63,0.974%,53894110898,3780553,Finance,Life Insurance,
MET^A,MetLife Inc. Preferred Series A Floating Rate,$22.40,0.03,0.134%,,59921,,,
MET^E,MetLife Inc. Depositary shares each representing a 1/1000th interest in a share of the Issuera??s 5.625% Non-Cumulative Preferred Stock Series E.,$25.26,0.07,0.278%,,57099,,,
MET^F,MetLife Inc. Depositary Shares each representing a 1/1000th interest in a share of 4.75% Non-Cumulative Preferred Stock Series F,$22.68,-0.01,-0.044%,,165711,,,
MFA,MFA Financial Inc.,$4.22,0.02,0.476%,1793713131,2438931,Consumer Services,Real Estate Investment Trusts,
MFA^B,MFA Financial Inc. Preferred Series B,$24.5933,0.4249,1.758%,,12846,,,
MFA^C,MFA Financial Inc. 6.50% Series C Fixed-to-Floating Rate Cumulative Redeemable Preferred Stock,$22.43,0.39,1.77%,,19656,,,
MFD,Macquarie First Trust Global Common Stock,$9.49,0.0399,0.422%,81115225,17341,Finance,Trusts Except Educational Religious and Charitable,
MFL,Blackrock MuniHoldings Investment Quality Fund Common Shares of Beneficial Interest,$12.21,-0.08,-0.651%,462712700,41298,Finance,Finance Companies,
MFM,MFS Municipal Income Trust Common Stock,$6.16,-0.05,-0.805%,253715807,64527,Finance,Finance Companies,
MFV,MFS Special Value Trust Common Stock,$5.97,0.12,2.051%,43400903,3025,Finance,Trusts Except Educational Religious and Charitable,
MG,Mistras Group Inc Common Stock,$6.54,0.05,0.77%,193232560,43754,Miscellaneous,Diversified Manufacture,
MGF,MFS Government Markets Income Trust Common Stock,$3.77,-0.04,-1.05%,122850313,124534,Finance,Trusts Except Educational Religious and Charitable,
MGM,MGM Resorts International Common Stock,$40.09,1.29,3.325%,17606416264,5524724,Consumer Services,Hotels/Resorts,
MGP,MGM Growth Properties LLC Class A common shares representing limited liability company interests,$36.64,0.26,0.715%,5743331908,516053,Consumer Services,Real Estate Investment Trusts,
MGR,Affiliated Managers Group Inc. 5.875% Junior Subordinated Notes due 2059,$25.00,0.13,0.523%,0,16629,Finance,Investment Managers,
MGRB,Affiliated Managers Group Inc. 4.750% Junior Subordinated Notes due 2060,$21.33,0.08,0.376%,0,26978,Finance,Investment Managers,
MGRD,Affiliated Managers Group Inc. 4.200% Junior Subordinated Notes due 2061,$18.99,0.19,1.011%,0,21262,Finance,Investment Managers,
MGU,Macquarie Global Infrastructure Total Return Fund Inc. Common Stock,$23.69,0.38,1.63%,293123311,28733,Finance,Trusts Except Educational Religious and Charitable,
MGY,Magnolia Oil & Gas Corporation Class A Common Stock,$21.56,-0.06,-0.278%,4886957337,3048834,Energy,Oil & Gas Production,
MHD,Blackrock MuniHoldings Fund Inc. Common Stock,$14.30,-0.02,-0.14%,763002068,52497,Finance,Trusts Except Educational Religious and Charitable,
MHF,Western Asset Municipal High Income Fund Inc. Common Stock,$6.97,-0.03,-0.429%,150909024,27253,Finance,Finance/Investors Services,
MHI,Pioneer Municipal High Income Fund Inc.,$10.62,0,0.00%,241831726,31094,Finance,Investment Managers,
MHK,Mohawk Industries Inc. Common Stock,$138.30,7.26,5.54%,8999323864,687222,Consumer Durables,Home Furnishings,
MHN,Blackrock MuniHoldings New York Quality Fund Inc. Common Stock,$12.78,-0.03,-0.234%,397867254,56817,Finance,Finance Companies,
MHO,M/I Homes Inc. Common Stock,$48.88,1.6,3.384%,1391106714,277738,Capital Goods,Homebuilding,
MIC,Macquarie Infrastructure Holdings LLC Common Unit,$3.70,-0.01,-0.27%,327139515,357470,Transportation,Aerospace,
MIN,MFS Intermediate Income Trust Common Stock,$3.105,-0.025,-0.799%,360156787,534750,Finance,Trusts Except Educational Religious and Charitable,
MIR,Mirion Technologies Inc. Class A Common Stock,$7.62,0.04,0.528%,1585598800,779288,Technology,Industrial Machinery/Components,
MITT,AG Mortgage Investment Trust Inc. Common Stock,$8.96,0.16,1.818%,214281025,98390,Consumer Services,Real Estate Investment Trusts,
MITT^A,AG Mortgage Investment Trust Inc. 8.25% Preferred Series A,$21.95,-0.2,-0.903%,,24197,,,
MITT^B,AG Mortgage Investment Trust Inc. Preferred Series B,$21.70,-0.1482,-0.678%,,19613,,,
MITT^C,AG Mortgage Investment Trust Inc. 8.00% Series C Fixed-to-Floating Rate Cumulative Redeemable Preferred Stock $0.01 par value per share,$21.90,-0.2381,-1.076%,,11407,,,
MIY,Blackrock MuniYield Michigan Quality Fund Inc. Common Stock,$13.09,0,0.00%,386279813,37425,Finance,Finance Companies,
MKC,McCormick & Company Incorporated Common Stock,$98.28,0.08,0.081%,26302739889,1154693,Consumer Non-Durables,Farming/Seeds/Milling,
MKFG,Markforged Holding Corporation Common Stock,$3.09,0.11,3.691%,574279834,1611974,Technology,Retail: Computer Software & Peripheral Equipment,
MKL,Markel Corporation Common Stock,$1372.79,17.28,1.275%,18679948894,113006,Finance,Property-Casualty Insurers,
ML,MoneyLion Inc. Class A Common Stock,$2.10,0.2,10.526%,481706138,1150204,Technology,Retail: Computer Software & Peripheral Equipment,
MLI,Mueller Industries Inc. Common Stock,$56.58,1.32,2.389%,3242140427,246996,Basic Industries,Metal Fabrications,
MLM,Martin Marietta Materials Inc. Common Stock,$380.47,4.88,1.299%,23739270799,324332,Capital Goods,Building Materials,
MLP,Maui Land & Pineapple Company Inc. Common Stock,$10.67,0.02,0.188%,207354922,2661,Finance,Real Estate,
MLR,Miller Industries Inc. Common Stock,$28.88,-0.25,-0.858%,329714758,27512,Capital Goods,Construction/Ag Equipment/Trucks,
MMC,Marsh & McLennan Companies Inc. Common Stock,$155.30,5.26,3.506%,78079502184,2105207,Finance,Specialty Insurers,
MMD,MainStay MacKay DefinedTerm Municipal Opportunities Fund,$18.78,-0.47,-2.442%,522539453,136761,Finance,Investment Managers,
MMM,3M Company Common Stock,$144.31,0.83,0.578%,82415441000,3337260,,,
MMP,Magellan Midstream Partners L.P. Limited Partnership,$47.01,-0.34,-0.718%,9984607247,1090516,Energy,Oil & Gas Production,
MMS,Maximus Inc. Common Stock,$73.40,-0.16,-0.218%,4545081920,498439,Miscellaneous,Business Services,
MMT,MFS Multimarket Income Trust Common Stock,$5.01,-0.04,-0.792%,302719420,153444,Finance,Trusts Except Educational Religious and Charitable,
MMU,Western Asset Managed Municipals Fund Inc. Common Stock,$11.73,-0.07,-0.593%,508704892,51610,Finance,Investment Managers,
MN,Manning & Napier Inc. Class A Common Stock,$8.53,0.41,5.049%,157511176,89167,Finance,Investment Managers,
MNP,Western Asset Municipal Partners Fund Inc. Common Stock,$13.86,-0.05,-0.359%,134706213,7212,Finance,Trusts Except Educational Religious and Charitable,
MO,Altria Group Inc.,$51.54,1,1.979%,93661442376,8343595,Consumer Non-Durables,Farming/Seeds/Milling,
MOD,Modine Manufacturing Company Common Stock,$8.80,0.08,0.917%,456842285,186899,Capital Goods,Auto Parts:O.E.M.,
MODN,Model N Inc. Common Stock,$24.02,0.69,2.958%,875113430,124441,Technology,EDP Services,
MOH,Molina Healthcare Inc Common Stock,$327.77,19.07,6.178%,19141768000,559915,Health Care,Medical Specialities,
MOS,Mosaic Company (The) Common Stock,$58.43,0.33,0.568%,21520310938,10953152,Basic Industries,Agricultural Chemicals,
MOV,Movado Group Inc. Common Stock,$33.79,0.19,0.565%,774277069,278226,Consumer Non-Durables,Consumer Specialties,
MPA,Blackrock MuniYield Pennsylvania Quality Fund Common Stock,$13.31,-0.11,-0.82%,177114147,30827,Finance,Finance Companies,
MPC,Marathon Petroleum Corporation Common Stock,$74.40,-2.26,-2.948%,42051844075,7872002,Energy,Integrated oil Companies,
MPLX,MPLX LP Common Units Representing Limited Partner Interests,$31.39,-0.69,-2.151%,31849162687,2557541,Energy,Oil & Gas Production,
MPV,Barings Participation Investors Common Stock,$13.3708,-0.2092,-1.541%,141753210,3276,Finance,Finance Companies,
MPW,Medical Properties Trust Inc. common stock,$20.07,0.08,0.40%,12039993000,4476497,Consumer Services,Real Estate Investment Trusts,
MPX,Marine Products Corporation Common Stock,$11.32,-0.14,-1.222%,386546066,5186,Consumer Non-Durables,Recreational Products/Toys,
MQT,Blackrock MuniYield Quality Fund II Inc. Common Stock,$12.2199,-0.0801,-0.651%,275977949,22699,Finance,Investment Managers,
MQY,Blackrock MuniYield Quality Fund Inc. Common Stock,$13.65,-0.06,-0.438%,999506918,200321,Finance,Investment Managers,
MRC,MRC Global Inc. Common Stock,$11.46,-0.01,-0.087%,953477501,1185114,Capital Goods,Fluid Controls,
MRK,Merck & Company Inc. Common Stock (new),$78.64,0.86,1.106%,198780970776,11402176,Health Care,Biotechnology: Pharmaceutical Preparations,
MRO,Marathon Oil Corporation Common Stock,$21.65,-0.53,-2.39%,15821065779,25231257,Energy,Oil & Gas Production,
MS,Morgan Stanley Common Stock,$86.33,1.61,1.90%,153779584885,8671377,Finance,Investment Bankers/Brokers/Service,
MS^A,Morgan Stanley Dep Shs repstg 1/1000 Pfd Ser A,$21.35,0.14,0.66%,,65593,,,
MS^E,Morgan Stanley DEPOSITARY SHARES REP 1/1000TH SHARES FIXED/FLTG PREFERRED STOCK SERIES E,$26.54,0.14,0.53%,,28462,,,
MS^F,Morgan Stanley Dep Shs Rpstg 1/1000th Int Prd Ser F Fxd to Flag,$26.42,0.2,0.763%,,40023,,,
MS^I,Morgan Stanley Depository Shares Representing 1/1000th Preferred Series 1 Fixed to Floating Non (Cum),$26.42,0.03,0.114%,,136798,,,
MS^K,Morgan Stanley Depositary Shares each representing 1/1000th of a share of Fixed-to-Floating Rate Non-Cumulative Preferred Stock  Series K,$25.99,0.25,0.971%,,33483,,,
MS^L,Morgan Stanley Depositary Shares each representing 1/1000th of a share of 4.875% Non-Cumulative Preferred Stock Series L,$23.26,-0.015,-0.064%,,21934,,,
MS^O,Morgan Stanley Depositary Shares each representing 1/1000th of a share of 4.250% Non-Cumulative Preferred Stock Series O,$20.30,0,0.00%,,210803,,,
MSA,MSA Safety Incorporated Common Stock,$131.23,1.62,1.25%,5154310737,80851,Miscellaneous,Diversified Manufacture,
MSB,Mesabi Trust Common Stock,$25.60,-0.32,-1.235%,335872256,58396,Basic Industries,Steel/Iron Ore,
MSCI,MSCI Inc Common Stock,$470.94,13.61,2.976%,38272443753,471908,Technology,Advertising,
MSD,Morgan Stanley Emerging Markets Debt Fund Inc. Common Stock,$7.54,0.01,0.133%,153715869,157077,Finance,Trusts Except Educational Religious and Charitable,
MSGS,Madison Square Garden Sports Corp. Class A Common Stock (New),$169.67,1.47,0.874%,4109091983,61071,Consumer Services,Hotels/Resorts,
MSI,Motorola Solutions Inc. Common Stock,$224.73,5.98,2.734%,37801628571,1071001,Technology,Radio And Television Broadcasting And Communications Equipment,
MSM,MSC Industrial Direct Company Inc. Common Stock,$80.01,0.41,0.515%,4463813747,406445,Capital Goods,Industrial Machinery/Components,
MSP,Datto Holding Corp. Common Stock,$22.87,0.06,0.263%,3750655575,314499,Technology,Computer Software: Prepackaged Software,
MTB,M&T Bank Corporation Common Stock,$175.01,-0.19,-0.108%,22582325045,808837,Finance,Major Banks,
MTDR,Matador Resources Company Common Stock,$50.43,-0.48,-0.943%,5952947624,1639619,Energy,Oil & Gas Production,
MTG,MGIC Investment Corporation Common Stock,$13.99,0.13,0.938%,4415314510,3139946,Finance,Property-Casualty Insurers,
MTH,Meritage Homes Corporation Common Stock,$92.72,3.76,4.227%,3425156076,351493,Capital Goods,Homebuilding,
MTN,Vail Resorts Inc. Common Stock,$249.16,7.16,2.959%,10078823234,1135150,Consumer Services,Movies/Entertainment,
MTOR,Meritor Inc. Common Stock,$35.45,-0.02,-0.056%,2505046954,897989,Capital Goods,Auto Parts:O.E.M.,
MTR,Mesa Royalty Trust Common Stock,$9.00,0.01,0.111%,16772310,45982,Energy,Oil & Gas Production,
MTRN,Materion Corporation,$84.25,-0.19,-0.225%,1722763041,58208,,,
MTW,Manitowoc Company Inc. (The) Common Stock,$15.84,0.35,2.26%,555291032,201789,Capital Goods,Construction/Ag Equipment/Trucks,
MTX,Minerals Technologies Inc. Common Stock,$65.46,-0.01,-0.015%,2169518131,115705,Basic Industries,Major Chemicals,
MTZ,MasTec Inc. Common Stock,$82.91,0.06,0.072%,6336728141,651007,Basic Industries,Water Sewer Pipeline Comm & Power Line Construction,
MUA,Blackrock MuniAssets Fund Inc Common Stock,$12.59,-0.02,-0.159%,481267178,59173,Finance,Trusts Except Educational Religious and Charitable,
MUC,Blackrock MuniHoldings California Quality Fund Inc.  Common Stock,$13.33,-0.11,-0.818%,547082329,82529,Finance,Finance Companies,
MUE,Blackrock MuniHoldings Quality Fund II Inc. Common Stock,$12.10,-0.07,-0.575%,272501184,26058,Finance,Trusts Except Educational Religious and Charitable,
MUI,BlackRock Municipal Income Fund Inc. Common Stock,$13.17,-0.09,-0.679%,504361823,79572,Finance,Trusts Except Educational Religious and Charitable,
MUJ,Blackrock MuniHoldings New Jersey Quality Fund Inc. Common Stock,$13.83,0.04,0.29%,416105547,27659,Finance,Trusts Except Educational Religious and Charitable,
MUR,Murphy Oil Corporation Common Stock,$36.53,-0.59,-1.589%,5643614824,2291765,Energy,Oil & Gas Production,
MUSA,Murphy USA Inc. Common Stock,$188.05,5.09,2.782%,4689075643,325313,Public Utilities,Natural Gas Distribution,
MVF,Blackrock MuniVest Fund Inc. Common Stock,$8.32,-0.16,-1.887%,539438607,156752,Finance,Finance/Investors Services,
MVO,MV Oil Trust Units of Beneficial Interests,$9.72,-0.08,-0.816%,111780000,179165,Energy,Oil & Gas Production,
MVT,Blackrock MuniVest Fund II Inc.  Common Stock,$13.07,-0.3,-2.244%,279226970,59327,Finance,Trusts Except Educational Religious and Charitable,
MWA,MUELLER WATER PRODUCTS Common Stock,$12.54,0.36,2.956%,1967192674,1053835,Capital Goods,Office Equipment/Supplies/Services,
MXE,Mexico Equity and Income Fund Inc. (The) Common Stock,$8.85,0.1,1.143%,38941850,1633,Finance,Finance Companies,
MXF,Mexico Fund Inc. (The) Common Stock,$15.0306,0.0606,0.405%,225537520,71848,Finance,Trusts Except Educational Religious and Charitable,
MYC,Blackrock MuniYield California Fund Inc. Common Stock,$13.11,-0.05,-0.38%,280809566,42099,Finance,Trusts Except Educational Religious and Charitable,
MYD,Blackrock MuniYield Fund Inc.  Common Stock,$12.35,-0.13,-1.042%,579458233,95155,Finance,Trusts Except Educational Religious and Charitable,
MYE,Myers Industries Inc. Common Stock,$18.59,0.31,1.696%,674381176,161272,Capital Goods,Auto Parts:O.E.M.,
MYI,Blackrock MuniYield Quality Fund III Inc Common Stock,$12.60,-0.03,-0.238%,858698581,121935,Finance,Finance Companies,
MYJ,Blackrock MuniYield New Jersey Fund Inc Common Stock,$13.69,-0.02,-0.146%,330263269,18350,Finance,Finance Companies,
MYN,Blackrock MuniYield New York Quality Fund Inc.Common Stock,$11.94,-0.03,-0.251%,472663813,88979,Finance,Finance Companies,
MYOV,Myovant Sciences Ltd. Common Shares,$12.02,0.54,4.704%,1128736922,536546,Health Care,Biotechnology: Pharmaceutical Preparations,
NAC,Nuveen California Quality Municipal Income Fund,$13.035,-0.055,-0.42%,1886621494,375821,Finance,Investment Managers,
NAD,Nuveen Quality Municipal Income Fund Common Stock,$13.53,-0.02,-0.148%,3157964996,478665,Finance,Investment Managers,
NAN,Nuveen New York Quality Municipal Income Fund Common Stock,$12.47,-0.04,-0.32%,384716110,64216,Finance,Investment Managers,
NAZ,Nuveen Arizona Quality Municipal Income Fund Common Stock,$13.45,-0.001,-0.007%,155783146,27364,Finance,Finance/Investors Services,
NBB,Nuveen Taxable Municipal Income Fund Common Shares of Beneficial Interest,$18.96,0.0227,0.12%,539978411,84793,Finance,Finance Companies,
NBHC,National Bank Holdings Corporation Common Stock,$42.33,-0.32,-0.75%,1268164893,134166,Finance,Major Banks,
NC,NACCO Industries Inc. Common Stock,$30.58,0.49,1.628%,219661675,27335,,,
NCA,Nuveen California Municipal Value Fund,$9.41,0.16,1.73%,311548124,31369,Finance,Investment Managers,
NCLH,Norwegian Cruise Line Holdings Ltd. Ordinary Shares,$18.25,1.19,6.975%,7611823588,23532751,Transportation,Hotels/Resorts,
NCR,NCR Corporation Common Stock,$36.49,-0.38,-1.031%,4958991000,865332,Miscellaneous,Office Equipment/Supplies/Services,
NCV,Virtus AllianzGI Convertible & Income Fund Common Shares of Beneficial Interest,$4.57,0.01,0.219%,413007210,331762,Finance,Finance Companies,
NCV^A,Virtus AllianzGI Convertible & Income Fund 5.625% Series A Cumulative Preferred Shares,$25.09,0.03,0.12%,,2877,,,
NCZ,Virtus AllianzGI Convertible & Income Fund II Common Shares of Beneficial Interest,$4.03,0.03,0.75%,306746468,323890,Finance,Finance Companies,
NCZ^A,Virtus AllianzGI Convertible & Income Fund II 5.50% Series A Cumulative Preferred Shares,$25.00,0.05,0.20%,,3913,,,
NDP,Tortoise Energy Independence Fund Inc. Common Stock,$26.41,-0.37,-1.382%,48752781,22019,Finance,Finance/Investors Services,
NEA,Nuveen AMT-Free Quality Municipal Income Fund Common Shares of Beneficial Interest Par Value $.01,$13.15,-0.07,-0.53%,3932341705,501139,Finance,Finance/Investors Services,
NEE,NextEra Energy Inc. Common Stock,$81.98,2.7,3.406%,160905834936,9566662,Public Utilities,Electric Utilities: Central,
NEE^N,NextEra Energy Inc. Series N Junior Subordinated Debentures due March 1 2079,$25.36,0.09,0.356%,,72984,,,
NEE^O,NextEra Energy Inc. 4.872% Corporate Units,$59.91,1.75,3.009%,,472674,,,
NEE^P,NextEra Energy Inc. 5.279% Corporate Units,$51.10,1.25,2.508%,,76261,,,
NEE^Q,NextEra Energy Inc. 6.219% Corporate Units,$51.51,1.2934,2.576%,,145658,,,
NEM,Newmont Corporation,$73.37,-0.37,-0.502%,58149355127,9792158,Basic Industries,Precious Metals,
NEP,NextEra Energy Partners LP Common Units representing limited partner interests,$79.91,1.28,1.628%,6708191105,312574,Public Utilities,Electric Utilities: Central,
NET,Cloudflare Inc. Class A Common Stock,$85.94,1.78,2.115%,27851123668,4475240,Technology,EDP Services,
NEU,NewMarket Corp Common Stock,$322.61,8.48,2.70%,3338155035,34625,Basic Industries,Major Chemicals,
NEV,Nuveen Enhanced Municipal Value Fund Common Shares of Beneficial Interest,$13.23,-0.12,-0.899%,330213047,44020,Finance,Trusts Except Educational Religious and Charitable,
NEWR,New Relic Inc. Common Stock,$58.77,0.96,1.661%,3889053444,815533,Technology,Computer Software: Prepackaged Software,
NEX,NexTier Oilfield Solutions Inc. Common Stock,$8.45,-0.19,-2.199%,2060065173,4824348,Energy,Oilfield Services/Equipment,
NFG,National Fuel Gas Company Common Stock,$66.31,1.55,2.393%,6063646402,556703,Energy,Oil & Gas Production,
NFJ,Virtus Dividend Interest & Premium Strategy Fund Common Shares of Beneficial Interest,$13.47,0.5,3.855%,1276977296,587041,Finance,Trusts Except Educational Religious and Charitable,
NGL,NGL ENERGY PARTNERS LP Common Units representing Limited Partner Interests,$2.11,-0.05,-2.315%,274266531,1169508,,,
NGL^B,NGL ENERGY PARTNERS LP 9.00% Class B Fixed-to-Floating Rate Cumulative Redeemable Perpetual Preferred Units representing limited partnership interests,$16.62,0.12,0.727%,,5411,,,
NGL^C,NGL ENERGY PARTNERS LP 9.625% Class C Fixed-to-Floating Rate Cumulative  Redeemable Perpetual Preferred Units representing  limited partner interests,$16.98,0.1732,1.031%,,1789,,,
NGS,Natural Gas Services Group Inc. Common Stock,$11.71,-0.11,-0.931%,152683399,20693,Energy,Metal Fabrications,
NGVC,Natural Grocers by Vitamin Cottage Inc. Common Stock,$17.63,0.77,4.567%,399436246,113819,Consumer Services,Food Chains,
NHI,National Health Investors Inc. Common Stock,$56.82,-0.42,-0.734%,2605231035,278735,Consumer Services,Real Estate Investment Trusts,
NI,NiSource Inc Common Stock,$29.85,0.24,0.811%,12100742549,3237185,Public Utilities,Power Generation,
NI^B,NiSource Inc Depositary Shares representing 1/1000th ownership interest in a share of 6.50% Series B Preferred Stock and 1/1000th ownership interest in a share of Series B-1 Preferred Stock,$26.31,0.21,0.805%,,42803,,,
NID,Nuveen Intermediate Duration Municipal Term Fund Common Shares of Beneficial Interest,$13.92,-0.08,-0.571%,653183040,81147,Finance,Finance Companies,
NIE,Virtus AllianzGI Equity & Convertible Income Fund Common Shares of Beneficial Interest,$24.66,0.43,1.775%,683303077,73143,Finance,Investment Managers,
NIM,Nuveen Select Maturities Municipal Fund Common Stock,$9.73,-0.05,-0.511%,121102013,11264,Finance,Trusts Except Educational Religious and Charitable,
NIMC,NiSource Inc Series A Corporate Units,$113.975,0.715,0.631%,0,1665,Public Utilities,Power Generation,
NINE,Nine Energy Service Inc. Common Stock,$3.27,0.1,3.155%,107436027,3128415,Energy,Oilfield Services/Equipment,
NJR,NewJersey Resources Corporation Common Stock,$43.43,-0.11,-0.253%,4171946689,272455,Public Utilities,Oil/Gas Transmission,
NKE,Nike Inc. Common Stock,$119.40,1.83,1.557%,188806655596,10430007,Consumer Non-Durables,Shoe Manufacturing,
NKG,Nuveen Georgia Quality Municipal Income Fund ,$11.64,-0.02,-0.172%,121053823,10836,Finance,Finance/Investors Services,
NKX,Nuveen California AMT-Free Quality Municipal Income Fund,$13.53,-0.1,-0.734%,642950119,87309,Finance,Finance/Investors Services,
NL,NL Industries Inc. Common Stock,$6.39,-0.02,-0.312%,311849470,11240,Consumer Services,Diversified Commercial Services,
NLS,Nautilus Inc. Common Stock,$4.25,0.15,3.659%,132805267,329539,Consumer Non-Durables,Recreational Products/Toys,
NLY,Annaly Capital Management Inc Common Stock,$7.09,0.07,0.997%,10354001115,13946445,Consumer Services,Real Estate Investment Trusts,
NLY^F,Annaly Capital Management Inc 6.95% Series F,$23.41,0.21,0.905%,,47675,,,
NLY^G,Annaly Capital Management Inc 6.50% Series G Fixed-to-Floating Rate Cumulative Redeemable Preferred Stock,$22.53,0.21,0.941%,,26012,,,
NLY^I,Annaly Capital Management Inc 6.750% Series I Fixed-to-Floating Rate Cumulative Redeemable Preferred Stock,$24.27,0.3,1.252%,,14285,,,
NMI,Nuveen Municipal Income Fund Inc. Common Stock,$10.00,-0.03,-0.299%,100427120,24248,Finance,Trusts Except Educational Religious and Charitable,
NMK^B,Niagara Mohawk Holdings Inc. Preferred Stock,$98.65,0.8,0.818%,,914,,,
NMK^C,Niagara Mohawk Holdings Inc. Preferred Stock,$96.81,-2.69,-2.704%,,34,,,
NMS,Nuveen Minnesota Quality Municipal Income Fund ,$14.43,-0.32,-2.169%,83467550,7253,Finance,Finance Companies,
NMT,Nuveen Massachusetts Quality Municipal Income Fund Common Stock,$12.5954,-0.0146,-0.116%,117441651,16265,Finance,Finance/Investors Services,
NMZ,Nuveen Municipal High Income Opportunity Fund Common Stock $0.01 par value per share,$13.31,-0.05,-0.374%,1302609171,311835,Finance,Finance/Investors Services,
NNI,Nelnet Inc. Common Stock,$84.88,-0.44,-0.516%,3206420769,67728,Finance,Finance: Consumer Services,
NNN,National Retail Properties Common Stock,$42.85,0.37,0.871%,7525960350,565652,Consumer Services,Real Estate Investment Trusts,
NNY,Nuveen New York Municipal Value Fund Common Stock,$9.215,-0.095,-1.02%,174034978,15179,Finance,Investment Managers,
NOC,Northrop Grumman Corporation Common Stock,$447.82,6.4,1.45%,69905568084,827477,Miscellaneous,Diversified Manufacture,
NOG,Northern Oil and Gas Inc. Common Stock,$24.64,0.8,3.356%,1905685419,1233853,Energy,Oil & Gas Production,
NOM,Nuveen Missouri Quality Municipal Income Fund ,$14.9643,0.3643,2.495%,35141189,3133,Finance,Investment Managers,
NOV,NOV Inc. Common Stock,$19.32,-0.47,-2.375%,7586294002,5881775,Energy,Metal Fabrications,
NOVA,Sunnova Energy International Inc. Common Stock,$22.69,0.46,2.069%,2572759130,3681139,Public Utilities,Electric Utilities: Central,
NOW,ServiceNow Inc. Common Stock,$514.22,19.12,3.862%,102844000000,1331695,Technology,Computer Software: Prepackaged Software,
NP,Neenah Inc. Common Stock,$36.41,-0.11,-0.301%,611214670,70885,Basic Industries,Paper,
NPK,National Presto Industries Inc. Common Stock,$79.62,-0.42,-0.525%,560520819,59930,Consumer Non-Durables,Military/Government/Technical,
NPO,EnPro Industries Inc,$103.51,1.13,1.104%,2149728596,102616,,,
NPTN,NeoPhotonics Corporation Common Stock,$14.91,-0.06,-0.401%,792141730,928008,Technology,Semiconductors,
NPV,Nuveen Virginia Quality Municipal Income Fund Common Stock,$13.75,0.06,0.438%,246325351,35874,Finance,Investment Managers,
NQP,Nuveen Pennsylvania Quality Municipal Income Fund Common Stock,$13.63,0,0.00%,509534951,31389,Finance,Trusts Except Educational Religious and Charitable,
NR,Newpark Resources Inc. Common Stock,$4.14,-0.17,-3.944%,382341851,569365,Energy,Metal Fabrications,
NRDY,Nerdy Inc. Class A Common Stock,$4.29,0.11,2.632%,359985908,269802,Technology,Computer Software: Prepackaged Software,
NRG,NRG Energy Inc. Common Stock,$38.92,0.23,0.594%,9424604062,2668957,Public Utilities,Electric Utilities: Central,
NRK,Nuveen New York AMT-Free Quality Municipal Income Fund ,$12.04,-0.03,-0.249%,1050313060,74522,Finance,Trusts Except Educational Religious and Charitable,
NRP,Natural Resource Partners LP Limited Partnership,$39.16,0.17,0.436%,483677143,44302,Energy,Coal Mining,
NRT,North European Oil Royality Trust Common Stock,$12.42,-0.49,-3.796%,114147128,146532,Energy,Oil & Gas Production,
NRZ,New Residential Investment Corp. Common Stock,$10.36,0.14,1.37%,4835615636,3697008,Consumer Services,Real Estate Investment Trusts,
NRZ^A,New Residential Investment Corp. 7.50% Series A Fixed-to-Floating Rate Cumulative Redeemable Preferred Stock,$24.24,0.05,0.207%,,14229,,,
NRZ^B,New Residential Investment Corp. 7.125% Series B Fixed-to-Floating Rate Cumulative Redeemable Preferred Stock,$23.09,0.4745,2.098%,,10485,,,
NRZ^C,New Residential Investment Corp. 6.375% Series C Fixed-to-Floating Rate Cumulative Redeemable Preferred Stock,$21.04,0.13,0.622%,,56167,,,
NRZ^D,New Residential Investment Corp. 7.00% Fixed-Rate Reset Series D Cumulative Redeemable Preferred Stock,$23.80,0.33,1.406%,,35714,,,
NS,Nustar Energy L.P.  Common Units,$14.87,-0.54,-3.504%,1639992285,1059007,,,
NS^A,Nustar Energy L.P. 8.50% Series A Fixed-to-Floating Rate Cumulative Redeemable Perpetual Preferred Units,$23.26,0.35,1.528%,,21709,,,
NS^B,Nustar Energy L.P. 7.625% Series B Fixed-to-Floating Rate Cumulative Redeemable Perpetual Preferred Units representing limited partner interests,$21.00,0.06,0.287%,,22335,,,
NS^C,Nustar Energy L.P. 9.00% Series C Fixed-to-Floating Rate Cumulative Redeemable Perpetual Preferred Units,$24.35,0.12,0.495%,,11566,,,
NSC,Norfolk Southern Corporation Common Stock,$268.06,1.97,0.74%,64274741639,903243,Transportation,Railroads,
NSL,Nuveen Senior Income Fund Common Stock,$5.33,0.01,0.188%,205799146,204047,Finance,Trusts Except Educational Religious and Charitable,
NSP,Insperity Inc. Common Stock,$94.03,1.4,1.511%,3604814006,313645,Technology,Professional Services,
NSS,NuStar Logistics L.P. 7.625% Fixed-to-Floating Rate Subordinated Notes due 2043,$24.12,0.11,0.458%,0,18349,,,
NTST,NetSTREIT Corp. Common Stock,$21.37,0.14,0.659%,945510137,341752,Consumer Services,Real Estate Investment Trusts,
NUE,Nucor Corporation Common Stock,$135.52,3.47,2.628%,36471801434,2976852,Basic Industries,Steel/Iron Ore,
NUO,Nuveen Ohio Quality Municipal Income Fund Common Stock,$13.9301,-0.1049,-0.747%,255157015,32226,Finance,Finance/Investors Services,
NUS,Nu Skin Enterprises Inc. Common Stock,$44.62,1.55,3.599%,2223152948,473690,Health Care,Other Pharmaceuticals,
NUV,Nuveen Municipal Value Fund Inc. Common Stock,$9.47,-0.04,-0.421%,1965112446,274053,Finance,Trusts Except Educational Religious and Charitable,
NUVB,Nuvation Bio Inc. Class A Common Stock,$5.23,-0.15,-2.788%,1145679224,1076954,Health Care,Biotechnology: Pharmaceutical Preparations,
NUW,Nuveen AMT-Free Municipal Value Fund,$14.99,-0.02,-0.133%,269090527,11648,Finance,Investment Managers,
NVG,Nuveen AMT-Free Municipal Credit Income Fund ,$14.87,0.02,0.135%,3174055062,332950,Finance,Investment Managers,
NVR,NVR Inc. Common Stock,$4813.61,191.61,4.146%,16283123701,16736,Capital Goods,Homebuilding,
NVRO,Nevro Corp. Common Stock,$62.71,2.76,4.604%,2197929563,316064,Health Care,Biotechnology: Electromedical & Electrotherapeutic Apparatus,
NVTA,Invitae Corporation Common Stock,$6.62,0.34,5.414%,1511722863,7201576,Health Care,Medical Specialities,
NWN,Northwest Natural Holding Company Common Stock,$53.10,-1.46,-2.676%,1654371440,334762,Public Utilities,Oil/Gas Transmission,
NX,Quanex Building Products Corporation Common Stock,$22.93,0.3,1.326%,765573082,158329,Basic Industries,Metal Fabrications,
NXC,Nuveen California Select Tax-Free Income Portfolio Common Stock,$14.90,0.14,0.949%,94748921,26357,Finance,Investment Managers,
NXJ,Nuveen New Jersey Qualified Municipal Fund ,$13.29,-0.02,-0.15%,551308219,76560,Finance,Finance/Investors Services,
NXN,Nuveen New York Select Tax-Free Income Portfolio Common Stock,$12.81,0.05,0.392%,50277905,2325,Finance,Trusts Except Educational Religious and Charitable,
NXP,Nuveen Select Tax Free Income Portfolio Common Stock,$14.52,-0.05,-0.343%,241021778,39992,Finance,Trusts Except Educational Religious and Charitable,
NXRT,NexPoint Residential Trust Inc. Common Stock,$86.75,-0.96,-1.095%,2216693082,92337,Consumer Services,Real Estate Investment Trusts,
NYCB,New York Community Bancorp Inc. Common Stock,$11.04,0.07,0.638%,5155510624,6589103,Finance,Banks,
NYCB^A,New York Community Bancorp Inc. Depositary shares each representing a 1/40th interest in a share of Fixed-to-Floating Rate Series A Noncumulative Perpetual Preferred Stock,$26.12,0.0593,0.228%,,21491,,,
NYCB^U,New York Community Bancorp Inc. New York Community Capital Tr V (BONUSES),$49.662,-0.238,-0.477%,,4226,,,
NYT,New York Times Company (The) Common Stock,$43.76,0.16,0.367%,7331266704,1653519,Consumer Services,Newspapers/Magazines,
NZF,Nuveen Municipal Credit Income Fund ,$14.37,-0.205,-1.407%,2042934315,373094,Finance,Finance Companies,
O,Realty Income Corporation Common Stock,$65.12,0.24,0.37%,38506794411,3919332,Consumer Services,Real Estate Investment Trusts,
OACB,Oaktree Acquisition Corp. II Class A Ordinary Shares,$9.8895,0.0095,0.096%,309046875,251,Finance,Business Services,
OAK^A,Oaktree Capital Group LLC 6.625% Series A Preferred units,$25.66,0.22,0.865%,,4282,,,
OAK^B,Oaktree Capital Group LLC 6.550% Series B Preferred Units,$25.81,0.4,1.574%,,21824,,,
OC,Owens Corning Inc Common Stock New,$93.68,2.93,3.229%,9280702044,903436,,,
OCN,Ocwen Financial Corporation NEW Common Stock,$23.92,0,0.00%,220262823,34634,Finance,Finance: Consumer Services,
ODC,Oil-Dri Corporation Of America Common Stock,$27.82,0.48,1.756%,206271779,50402,Basic Industries,Industrial Specialties,
OFC,Corporate Office Properties Trust Common Stock,$27.70,-0.51,-1.808%,3111263501,746111,Consumer Services,Real Estate Investment Trusts,
OGE,OGE Energy Corp Common Stock,$38.70,0.18,0.467%,7747810357,804757,Public Utilities,Electric Utilities: Central,
OHI,Omega Healthcare Investors Inc. Common Stock,$28.36,-0.17,-0.596%,6781223382,2370515,Consumer Services,Real Estate Investment Trusts,
OI,O-I Glass Inc. Common Stock,$11.91,0.07,0.591%,1853452327,1502361,Consumer Durables,Containers/Packaging,
OIA,Invesco Municipal Income Opportunities Trust Common Stock,$7.15,0.05,0.704%,340224256,50304,Finance,Finance Companies,
OII,Oceaneering International Inc. Common Stock,$14.70,-0.48,-3.162%,1464838007,948016,Energy,Oilfield Services/Equipment,
OIS,Oil States International Inc. Common Stock,$6.49,-0.39,-5.669%,398345336,1144850,Energy,Metal Fabrications,
OKE,ONEOK Inc. Common Stock,$64.26,-0.26,-0.403%,28673665694,3612988,Public Utilities,Oil & Gas Production,
OLN,Olin Corporation Common Stock,$50.25,-1.38,-2.673%,7843212407,2622130,Basic Industries,Industrial Specialties,
OLP,One Liberty Properties Inc. Common Stock,$30.29,0.23,0.765%,633399733,69403,Consumer Services,Real Estate Investment Trusts,
OMC,Omnicom Group Inc. Common Stock,$80.73,1.18,1.483%,16871962507,2154368,Technology,Advertising,
OMI,Owens & Minor Inc. Common Stock,$41.63,2.02,5.10%,3146036008,567907,Health Care,Medical Specialities,
ONTO,Onto Innovation Inc. Common Stock,$77.88,2.93,3.909%,3844136473,191687,Technology,Semiconductors,
OPAD,Offerpad Solutions Inc. Class A Common Stock,$4.05,0.16,4.113%,968410813,523847,Finance,Real Estate,
OPP,RiverNorth/DoubleLine Strategic Opportunity Fund Inc. Common Stock,$12.65,0.07,0.556%,243130116,107011,Finance,Finance/Investors Services,
OPP^A,RiverNorth/DoubleLine Strategic Opportunity Fund Inc. 4.375% Series A Cumulative Preferred Stock,$21.22,-0.03,-0.141%,,5938,,,
OPP^B,RiverNorth/DoubleLine Strategic Opportunity Fund Inc. 4.75% Series B Cumulative Preferred Stock,$22.66,0.01,0.044%,,4130,,,
OPY,Oppenheimer Holdings Inc. Class A Common Stock (DE),$43.44,0.17,0.393%,539600299,103437,Finance,Investment Bankers/Brokers/Service,
ORA,Ormat Technologies Inc. Common Stock,$78.33,4.27,5.766%,4390901729,547146,Public Utilities,Electric Utilities: Central,
ORC,Orchid Island Capital Inc. Common Stock,$3.42,0.01,0.293%,605316228,1845798,Consumer Services,Real Estate Investment Trusts,
ORCL,Oracle Corporation Common Stock,$80.60,3.53,4.58%,215238028200,16843885,Technology,Computer Software: Prepackaged Software,
ORI,Old Republic International Corporation Common Stock,$25.57,0.32,1.267%,7865363502,3015550,Finance,Specialty Insurers,
ORN,Orion Group Holdings Inc. Common,$2.27,-0.07,-2.991%,70302429,147754,Capital Goods,Oilfield Services/Equipment,
OSG,Overseas Shipholding Group Inc. Class A Common Stock,$2.09,-0.02,-0.948%,182349363,194543,Energy,Oil & Gas Production,
OSH,Oak Street Health Inc. Common Stock,$19.65,0.03,0.153%,4735469318,3280428,Health Care,Assisted Living Services,
OSK,Oshkosh Corporation (Holding Company)Common Stock,$108.52,2.29,2.156%,7227843942,381055,Capital Goods,Auto Manufacturing,
OUST,Ouster Inc. Common Stock,$3.16,0.13,4.29%,546033887,1426790,Capital Goods,Industrial Machinery/Components,
OWL,Blue Owl Capital Inc. Class A Common Stock,$11.87,0.16,1.366%,4806393409,2111798,Finance,Investment Managers,
OXM,Oxford Industries Inc. Common Stock,$83.20,-0.08,-0.096%,1405345843,135741,Consumer Non-Durables,Apparel,
OXY,Occidental Petroleum Corporation Common Stock,$54.53,-1.06,-1.907%,50934509320,49143657,Energy,Oil & Gas Production,
PAG,Penske Automotive Group Inc. Common Stock,$101.17,0.21,0.208%,7823229144,297809,Consumer Services,Other Specialty Stores,
PAI,Western Asset Investment Grade Income Fund Inc.,$13.335,-0.015,-0.112%,126828678,32953,Finance,Trusts Except Educational Religious and Charitable,
PAR,PAR Technology Corporation Common Stock,$35.44,0.4,1.142%,955158467,327022,Technology,Computer Software: Prepackaged Software,
PARR,Par Pacific Holdings Inc.  Common Stock,$11.88,-0.39,-3.178%,710586756,538059,Energy,Integrated oil Companies,
PB,Prosperity Bancshares Inc. Common Stock,$70.81,0.05,0.071%,6525848184,449575,Finance,Major Banks,
PBF,PBF Energy Inc. Class A Common Stock,$19.97,-2.91,-12.719%,2403155851,5040725,Energy,Integrated oil Companies,
PBH,Prestige Consumer Healthcare Inc. Common Stock,$56.31,1.64,3.00%,2826719936,268594,Health Care,Biotechnology: Pharmaceutical Preparations,
PBI,Pitney Bowes Inc. Common Stock,$4.93,0.08,1.649%,862035574,1018635,Transportation,Oil Refining/Marketing,
PBI^B,Pitney Bowes Inc 6.70% Notes Due 2043,$19.49,-0.18,-0.915%,,57762,,,
PBT,Permian Basin Royalty Trust Common Stock,$11.82,-0.37,-3.035%,550915969,400684,Energy,Oil & Gas Production,
PCF,High Income Securities Fund Common Stock,$7.62,-0.08,-1.039%,72297592,169140,Finance,Trusts Except Educational Religious and Charitable,
PCG,Pacific Gas & Electric Co. Common Stock,$11.50,0.31,2.77%,22840696411,28372686,Public Utilities,Power Generation,
PCGU,Pacific Gas & Electric Co. Equity Unit,$109.13,2.87,2.701%,0,13737,Public Utilities,Power Generation,
PCK,Pimco California Municipal Income Fund II Common Shares of Beneficial Interest,$7.69,-0.1,-1.284%,247548790,108932,Finance,Trusts Except Educational Religious and Charitable,
PCM,PCM Fund Inc. Common Stock,$10.38,0.16,1.566%,121747020,10524,Finance,Trusts Except Educational Religious and Charitable,
PCN,Pimco Corporate & Income Strategy Fund Common Stock,$14.60,0.42,2.962%,608484200,141183,Finance,Investment Managers,
PCQ,PIMCO California Municipal Income Fund Common Stock,$15.32,-0.19,-1.225%,289777800,37211,Finance,Investment Managers,
PDI,PIMCO Dynamic Income Fund Common Stock,$22.25,0.14,0.633%,4906303000,1108105,Finance,Trusts Except Educational Religious and Charitable,
PDM,Piedmont Office Realty Trust Inc. Class A Common Stock,$16.47,-0.04,-0.242%,2030158755,608923,Consumer Services,Building operators,
PDT,John Hancock Premium Dividend Fund,$14.97,0.14,0.944%,730547362,76764,Finance,Finance Companies,
PEAK,Healthpeak Properties Inc. Common Stock,$32.65,0.35,1.084%,17608279747,4592001,Consumer Services,Real Estate Investment Trusts,
PEB,Pebblebrook Hotel Trust Common Shares of Beneficial Interest,$23.09,0.32,1.405%,3036080848,1757455,Consumer Services,Real Estate Investment Trusts,
PEB^E,Pebblebrook Hotel Trust 6.375% Series E Cumulative Redeemable Preferred Shares of Beneficial Interest,$24.55,0.48,1.994%,,1843,,,
PEB^F,Pebblebrook Hotel Trust 6.3% Series F Cumulative Redeemable Preferred Shares of Beneficial Interest,$24.16,0.2558,1.07%,,1520,,,
PEB^G,Pebblebrook Hotel Trust 6.375% Series G Cumulative Redeemable Preferred Shares of Beneficial Interest,$23.40,-0.05,-0.213%,,1715,,,
PEB^H,Pebblebrook Hotel Trust 5.700% Series H Cumulative Redeemable Preferred Shares of Beneficial Interest,$21.15,0.13,0.618%,,15523,,,
PEG,Public Service Enterprise Group Incorporated Common Stock,$67.53,1,1.503%,33905322951,2980832,Public Utilities,Electric Utilities: Central,
PEI,Pennsylvania Real Estate Investment Trust Common Stock,$0.75,-0.095,-11.243%,60150177,1353477,Consumer Services,Real Estate Investment Trusts,
PEI^B,Pennsylvania Real Estate Investment Trust Cumulative Redeemable Perpetual Preferred Shares Series B,$5.32,-0.5499,-9.368%,,14551,,,
PEI^C,Pennsylvania Real Estate Investment Trust 7.20% Series C Cumulative Redeemable Perpetual Preferred Shares,$5.21,-0.25,-4.579%,,17200,,,
PEI^D,Pennsylvania Real Estate Investment Trust 6.875% Series D Cumulative Redeemable Perpetual Preferred Shares,$4.66,-0.7899,-14.494%,,30499,,,
PEO,Adams Natural Resources Fund Inc. Common Stock,$19.18,-0.56,-2.837%,469269714,101290,Consumer Services,Real Estate Investment Trusts,
PFD,Flaherty & Crumrine Preferred and Income Fund Incorporated,$13.66,0.1,0.737%,169335794,35983,Finance,Investment Managers,
PFE,Pfizer Inc. Common Stock,$52.21,-0.04,-0.077%,293594919251,30160988,Health Care,Biotechnology: Pharmaceutical Preparations,
PFGC,Performance Food Group Company Common Stock,$48.54,2.12,4.567%,7514060053,1045833,Consumer Non-Durables,Food Distributors,
PFH,Prudential Financial Inc. 4.125% Junior Subordinated Notes due 2060,$22.24,0.09,0.406%,0,42012,,,
PFL,PIMCO Income Strategy Fund Shares of Beneficial Interest,$9.86,0.1,1.025%,338010660,103068,Finance,Finance Companies,
PFN,PIMCO Income Strategy Fund II,$8.43,0.12,1.444%,647896080,234460,Finance,Finance/Investors Services,
PFO,Flaherty & Crumrine Preferred and Income Opportunity Fund Incorporated,$10.91,0.26,2.441%,142334762,23361,Finance,Finance Companies,
PFS,Provident Financial Services Inc Common Stock,$23.48,-0.13,-0.551%,1810601782,325515,Finance,Savings Institutions,
PFSI,PennyMac Financial Services Inc. Common Stock,$54.34,0.2,0.369%,3011680549,539815,Finance,Finance: Consumer Services,
PG,Procter & Gamble Company (The) Common Stock,$150.27,5.22,3.599%,360207063641,9868034,Consumer Non-Durables,Package Goods/Cosmetics,
PGP,Pimco Global Stocksplus & Income Fund Pimco Global StocksPlus & Income Fund Common Shares of Beneficial Interest,$8.47,0.15,1.803%,94347330,37593,Finance,Finance Companies,
PGR,Progressive Corporation (The) Common Stock,$107.31,1.6,1.514%,62760096398,1776289,Finance,Property-Casualty Insurers,
PGRE,Paramount Group Inc. Common Stock,$10.49,0.06,0.575%,2298416611,2126967,Consumer Services,Real Estate Investment Trusts,
PGTI,PGT Innovations Inc.,$20.62,0.39,1.928%,1235136495,318687,Capital Goods,Building Products,
PH,Parker-Hannifin Corporation Common Stock,$279.14,5.17,1.887%,35863246755,684536,Capital Goods,Office Equipment/Supplies/Services,
PHD,Pioneer Floating Rate Fund Inc.,$10.2199,0.0699,0.689%,126434297,46293,Finance,Investment Managers,
PHK,Pimco High Income Fund Pimco High Income Fund,$5.47,0.05,0.923%,732454880,489137,Finance,Finance/Investors Services,
PHM,PulteGroup Inc. Common Stock,$46.45,2.19,4.948%,11549836999,2709083,,,
PHR,Phreesia Inc. Common Stock,$24.12,0.62,2.638%,1235905423,578991,Health Care,Managed Health Care,
PHT,Pioneer High Income Fund Inc.,$7.90,0.09,1.152%,231798917,103109,Finance,Investment Managers,
PHX,PHX Minerals Inc. Common Stock,$2.48,-0.09,-3.502%,85556592,227794,Energy,Oil & Gas Production,
PII,Polaris Inc. Common Stock,$106.16,1.77,1.696%,6374807573,704433,Consumer Non-Durables,Recreational Products/Toys,
PIM,Putnam Master Intermediate Income Trust Common Stock,$3.46,0.02,0.581%,177105937,93473,Finance,Finance Companies,
PINE,Alpine Income Property Trust Inc. Common Stock,$18.75,-0.21,-1.108%,218831981,19645,Consumer Services,Real Estate Investment Trusts,
PING,Ping Identity Holding Corp. Common Stock,$20.07,0.3,1.517%,1681628712,864691,Technology,EDP Services,
PIPP,Pine Island Acquisition Corp. Class A Common Stock,$9.845,0.025,0.255%,268753733,53253,,,
PIPR,Piper Sandler Companies Common Stock,$124.67,0.95,0.768%,2266992797,177220,Finance,Investment Bankers/Brokers/Service,
PJT,PJT Partners Inc. Class A Common Stock,$61.01,-0.16,-0.262%,1457475394,368617,Finance,Investment Managers,
PK,Park Hotels & Resorts Inc. Common Stock ,$18.56,0.35,1.922%,4388968149,3632567,Consumer Services,Real Estate Investment Trusts,
PKE,Park Aerospace Corp. Common Stock,$13.58,0.07,0.518%,277822492,88363,,,
PKG,Packaging Corporation of America Common Stock,$152.35,1.42,0.941%,14249875954,924648,Basic Industries,Paper,
PKI,PerkinElmer Inc. Common Stock,$168.88,6.57,4.048%,21305457997,852765,Health Care,Medical Specialities,
PLAN,Anaplan Inc. Common Stock,$42.65,-0.34,-0.791%,6297768178,4255165,Technology,Computer Software: Prepackaged Software,
PLD,Prologis Inc. Common Stock,$151.84,2.67,1.79%,112361600000,2171275,Consumer Services,Real Estate Investment Trusts,
PLNT,Planet Fitness Inc. Common Stock,$83.04,2.01,2.481%,7002902458,714019,Consumer Services,Other Consumer Services,
PLOW,Douglas Dynamics Inc. Common Stock,$33.59,-0.45,-1.322%,771930144,81957,Capital Goods,Construction/Ag Equipment/Trucks,
PLYM,Plymouth Industrial REIT Inc. Common Stock,$26.46,-0.08,-0.301%,966933575,324708,Consumer Services,Real Estate Investment Trusts,
PM,Philip Morris International Inc Common Stock,$92.66,3.07,3.427%,143607045523,8224630,Consumer Non-Durables,Farming/Seeds/Milling,
PMF,PIMCO Municipal Income Fund Common Stock,$12.25,-0.16,-1.289%,318843000,63002,Finance,Finance/Investors Services,
PML,Pimco Municipal Income Fund II Common Shares of Beneficial Interest,$11.61,-0.07,-0.599%,735121980,181073,Finance,Investment Managers,
PMM,Putnam Managed Municipal Income Trust Common Stock,$7.14,0,0.00%,349461945,52228,Finance,Investment Managers,
PMO,Putnam Municipal Opportunities Trust Common Stock,$11.71,-0.025,-0.213%,399631175,94374,Finance,Finance Companies,
PMT,PennyMac Mortgage Investment Trust Common Shares of Beneficial Interest,$16.28,0.2,1.244%,1585254337,961855,Consumer Services,Real Estate Investment Trusts,
PMT^A,PennyMac Mortgage Investment Trust 8.125% Series A Fixed-to-Floating Rate Cumulative Redeemable Preferred Shares of Beneficial Interest,$26.73,0.37,1.404%,,11141,,,
PMT^B,PennyMac Mortgage Investment Trust 8.00% Series B Fixed-to-Floating Rate Cumulative Redeemable Preferred Shares of Beneficial Interest,$26.0302,0.2552,0.99%,,5404,,,
PMT^C,PennyMac Mortgage Investment Trust 6.75% Series C Cumulative Redeemable Preferred Shares of Beneficial Interest,$22.25,0.4,1.831%,,17012,,,
PMVC,PMV Consumer Acquisition Corp. Class A Common Stock,$9.86,-0.01,-0.101%,215687500,1606,,,
PMX,PIMCO Municipal Income Fund III Common Shares of Beneficial Interest,$10.50,-0.01,-0.095%,349188000,58892,Finance,Trusts Except Educational Religious and Charitable,
PNC,PNC Financial Services Group Inc. (The) Common Stock,$185.24,1.88,1.025%,77514566967,2114825,Finance,Major Banks,
PNC^P,PNC Financial Services Group Inc. (The) Depositary Shares Representing 1/4000th Perpetual Preferred Series P,$25.21,0.0048,0.019%,,162252,,,
PNF,PIMCO New York Municipal Income Fund Common Stock,$10.32,0.045,0.438%,81012000,24174,Finance,Finance Companies,
PNI,Pimco New York Municipal Income Fund II Common Shares of Beneficial Interest,$9.66,-0.07,-0.719%,108220980,24241,Finance,Trusts Except Educational Religious and Charitable,
PNM,PNM Resources Inc. (Holding Co.) Common Stock,$45.71,0.12,0.263%,3923512091,524124,Public Utilities,Electric Utilities: Central,
PNW,Pinnacle West Capital Corporation Common Stock,$73.77,0.5,0.682%,8330988402,568970,Public Utilities,Electric Utilities: Central,
POLY,Plantronics Inc. Common Stock,$24.24,0.73,3.105%,1036959809,193171,Public Utilities,Telecommunications Equipment,
POR,Portland General Electric Co Common Stock,$54.44,0.65,1.208%,4876374317,398996,Public Utilities,Electric Utilities: Central,
POST,Post Holdings Inc. Common Stock,$66.85,0.04,0.06%,4135313257,810877,Consumer Non-Durables,Food Distributors,
PPG,PPG Industries Inc. Common Stock,$123.37,1.42,1.164%,29133593688,1654427,Basic Industries,Paints/Coatings,
PPL,PPL Corporation Common Stock,$26.50,0.35,1.338%,19487089953,6830737,Public Utilities,Electric Utilities: Central,
PPT,Putnam Premier Income Trust Common Stock,$3.87,0.04,1.044%,395560993,217938,Finance,Finance Companies,
PRA,ProAssurance Corporation Common Stock,$25.07,-0.19,-0.752%,1353449101,153452,Finance,Property-Casualty Insurers,
PRG,PROG Holdings Inc. Common Stock,$28.38,1.38,5.111%,1565382735,648110,Technology,Diversified Commercial Services,
PRGO,Perrigo Company plc Ordinary Shares,$37.87,0.33,0.879%,5066427195,1264122,Health Care,Biotechnology: Pharmaceutical Preparations,
PRI,Primerica Inc. Common Stock,$126.03,-0.93,-0.733%,4945898887,253564,Finance,Life Insurance,
PRLB,Proto Labs Inc. Common stock,$49.11,0.2,0.409%,1348899557,230506,Capital Goods,Office Equipment/Supplies/Services,
PRO,PROS Holdings Inc. Common Stock,$30.10,1.76,6.21%,1355650843,300777,Technology,EDP Services,
PRPB,CC Neuberger Principal Holdings II Class A Ordinary Shares,$9.90,0,0.00%,1074150000,43190,Finance,Business Services,
PRS,Prudential Financial Inc. 5.625% Junior Subordinated Notes due 2058,$25.35,0.21,0.835%,863460723,30370,Finance,Life Insurance,
PRT,PermRock Royalty Trust Trust Units,$8.85,-0.31,-3.384%,107666728,46759,Energy,Oil & Gas Production,
PRTY,Party City Holdco Inc. Common Stock,$3.36,0.16,5.00%,377838424,2804946,Miscellaneous,Diversified Commercial Services,
PRU,Prudential Financial Inc. Common Stock,$109.79,0.53,0.485%,41281040000,1769697,Finance,Life Insurance,
PSA,Public Storage Common Stock,$355.14,-4.93,-1.369%,62313662755,811888,Consumer Services,Real Estate Investment Trusts,
PSA^F,Public Storage Depositary Shares Each Representing 1/1000 of a 5.15% Cumulative Preferred Share of Beneficial Interest Series F par value $0.01 per share,$24.50,-0.3,-1.21%,,42344,,,
PSA^G,Public Storage Depositary Shares Each Representing 1/1000 of a 5.05% Cumulative Preferred Share of Beneficial Interest Series G,$24.20,-0.2,-0.82%,,18606,,,
PSA^H,Public Storage Depositary Shares Each Representing 1/1000 of a  5.60% Cumulative Preferred  Share of Beneficial Interest Series H,$25.49,-0.14,-0.546%,,31672,,,
PSA^I,Public Storage Depositary Shares Each Representing 1/1000 of a 4.875% Cumulative Preferred Share of Beneficial Interest Series I par value $0.01 per share,$23.49,-0.28,-1.178%,,26387,,,
PSA^J,Public Storage Depositary Shares Each Representing 1/1000 of a 4.700% Cumulative Preferred Share of Beneficial Interest Series J par value $0.01 per share,$22.48,-0.07,-0.31%,,16259,,,
PSA^K,Public Storage Depositary Shares Each Representing 1/1000 of a 4.75% Cumulative Preferred Share of Beneficial Interest Series K,$23.48,-0.15,-0.635%,,11273,,,
PSA^L,Public Storage Depositary Shares Each Representing 1/1000 of a 4.625% Cumulative Preferred Share of Beneficial Interest Series L par value $0.01 per share,$22.53,-0.03,-0.133%,,29963,,,
PSA^M,Public Storage Depositary Shares Each Representing 1/1000 of a 4.125% Cumulative Preferred Share of Beneficial Interest Series M,$20.60,-0.23,-1.104%,,13719,,,
PSA^N,Public Storage Depositary Shares Each Representing 1/1000 of a 3.875% Cumulative Preferred Share of Beneficial Interest Series N,$19.465,-0.005,-0.026%,,15930,,,
PSA^O,Public Storage Depositary Shares Each Representing 1/1000 of a 3.900% Cumulative Preferred Share of Beneficial Interest Series O,$19.25,-0.11,-0.568%,,233486,,,
PSA^P,Public Storage Depositary Shares Each Representing 1/1000 of a 4.000% Cumulative Preferred Share of Bene cial Interest Series P,$19.89,0.03,0.151%,,101304,,,
PSA^Q,Public Storage Depositary Shares Each Representing 1/1000 of a 3.950% Cumulative Preferred Share of Beneficial Interest Series Q par value $0.01 per share,$19.945,0.0309,0.155%,,19224,,,
PSA^R,Public Storage Depositary Shares Each Representing 1/1000 of a 4.00% Cumulative Preferred Share of Bene cial Interest Series R,$19.80,-0.087,-0.437%,,83124,,,
PSA^S,Public Storage Depositary Shares Each Representing 1/1000 of a 4.100% Cumulative Preferred Share of Beneficial Interest Series S,$20.0401,-0.0099,-0.049%,,49684,,,
PSB,PS Business Parks Inc. (MD) Common Stock,$156.11,-1,-0.636%,4309592486,77112,Consumer Services,Real Estate Investment Trusts,
PSB^X,PS Business Parks Inc. Depositary Shares Each Representing 1/1000 of a Share of 5.25% Cumulative Preferred Stock Series X,$24.29,0.02,0.082%,,12749,,,
PSB^Y,PS Business Parks Inc. 5.20% Cumulative Preferred Stock Series Y,$24.10,-0.15,-0.619%,,36195,,,
PSB^Z,PS Business Parks Inc. Depositary Shares Each Representing 1/1000 of a Share of 4.875% Cumulative Preferred Stock Series Z  par value $0.01 per share,$22.24,-0.25,-1.112%,,48279,,,
PSEC^A,Prospect Capital Corporation 5.35% Series A Fixed Rate Cumulative Perpetual Preferred Stock,$19.9076,-0.0474,-0.238%,,7943,,,
PSX,Phillips 66 Common Stock,$75.34,-2.93,-3.743%,33033695739,5921599,Energy,Integrated oil Companies,
PTY,Pimco Corporate & Income Opportunity Fund,$13.68,0.2,1.484%,1561024800,533382,Finance,Investment Managers,
PUMP,ProPetro Holding Corp. Common Stock,$12.91,-0.55,-4.086%,1338847261,1373337,Energy,Oilfield Services/Equipment,
PVH,PVH Corp. Common Stock,$75.03,2.55,3.518%,5354120542,1735364,,,
PVL,Permianville Royalty Trust Trust Units ,$2.70,-0.04,-1.46%,89100000,392382,Energy,Oil & Gas Production,
PWR,Quanta Services Inc. Common Stock,$121.67,-0.93,-0.759%,17361130504,1090579,Capital Goods,Engineering & Construction,
PXD,Pioneer Natural Resources Company Common Stock,$227.79,-1.55,-0.676%,55326549777,2967421,Energy,Oil & Gas Production,
PYN,PIMCO New York Municipal Income Fund III Common Shares of Beneficial Interest,$8.36,-0.08,-0.948%,47952960,26582,Finance,Investment Managers,
PYS,Merrill Lynch Depositor Inc PPlus Tr Ser RRD-1 Tr Ctf Cl A,$24.20,-0.075,-0.309%,0,31131,Finance,Trusts Except Educational Religious and Charitable,
PYT,PPlus Tr GSC-2 Tr Ctf Fltg Rate,$23.02,-0.29,-1.244%,0,2090,,,
PZC,PIMCO California Municipal Income Fund III Common Shares of Beneficial Interest,$9.09,-0.25,-2.677%,203788710,113619,Finance,Investment Managers,
PZN,Pzena Investment Management Inc Class A Common Stock,$8.11,0.07,0.871%,598859390,98321,Finance,Investment Managers,
QS,QuantumScape Corporation Class A Common Stock,$14.35,0.45,3.237%,6168187957,7724527,Capital Goods,Auto Parts:O.E.M.,
QUAD,Quad Graphics Inc Class A Common Stock,$6.10,0.44,7.774%,341439137,888006,Consumer Services,Recreational Products/Toys,
QVCC,QVC Inc. 6.250% Senior Secured Notes due 2068,$21.56,0.56,2.667%,0,36727,,,
QVCD,QVC Inc. 6.375% Senior Secured Notes due 2067,$22.02,0.67,3.138%,0,26975,,,
R,Ryder System Inc. Common Stock,$78.59,1.11,1.433%,4228123060,290412,Miscellaneous,Rental/Leasing Companies,
RAD,Rite Aid Corporation Common Stock,$8.69,0.11,1.282%,484747092,2649909,Health Care,Medical/Nursing Services,
RAMP,LiveRamp Holdings Inc. Common Stock,$36.36,2.52,7.447%,2478910702,603461,Technology,EDP Services,
RBAC,RedBall Acquisition Corp. Class A Ordinary Shares,$9.91,0,0.00%,712281250,104782,Finance,Business Services,
RC,Ready Capital Corproation Common Stock,$15.19,-0.01,-0.066%,1265759019,989968,Consumer Services,Real Estate Investment Trusts,
RC^C,Ready Capital Corporation 6.25% Series C Cumulative Convertible Preferred Stock,$22.66,-0.1613,-0.707%,,297,,,
RC^E,Ready Capital Corporation 6.50% Series E Cumulative Redeemable Preferred Stock,$22.60,-0.07,-0.309%,,2473,,,
RCA,Ready Capital Corporation 7.00% Convertible Senior Notes due 2023,$26.42,0.08,0.304%,0,8850,Consumer Services,Real Estate Investment Trusts,
RCB,Ready Capital Corporation 6.20% Senior Notes due 2026,$25.22,-0.02,-0.079%,0,2309,,,
RCC,Ready Capital Corporation 5.75% Senior Notes due 2026,$25.01,-0.08,-0.319%,0,21577,Finance,Finance Companies,
RCL,D/B/A Royal Caribbean Cruises Ltd. Common Stock,$70.70,2.58,3.787%,18028695910,3835563,,,
RCS,PIMCO Strategic Income Fund Inc.,$5.48,-0.03,-0.544%,244457320,204348,Finance,Investment Managers,
RDN,Radian Group Inc. Common Stock,$23.51,0.12,0.513%,4126606644,2525964,Finance,Property-Casualty Insurers,
RDW,Redwire Corporation Common Stock,$6.13,0.37,6.424%,365723603,202207,Capital Goods,Aerospace,
RES,RPC Inc. Common Stock,$10.08,-0.46,-4.364%,2183193190,2202025,Energy,Oilfield Services/Equipment,
REV,Revlon Inc. New Common Stock,$8.41,0.27,3.317%,451336215,108185,Consumer Non-Durables,Package Goods/Cosmetics,
REVG,REV Group Inc. Common Stock,$13.22,0.17,1.303%,832091839,394954,Capital Goods,Industrial Machinery/Components,
REX,REX American Resources Corporation,$94.29,0.82,0.877%,558229896,32308,Basic Industries,Major Chemicals,
REXR,Rexford Industrial Realty Inc. Common Stock,$70.75,1.11,1.594%,11357938697,1546145,Consumer Services,Real Estate Investment Trusts,
REXR^B,Rexford Industrial Realty Inc. 5.875% Series B Cumulative Redeemable Preferred Stock,$25.25,0.3047,1.221%,,3651,,,
REXR^C,Rexford Industrial Realty Inc. 5.625% Series C Cumulative Redeemable Preferred Stock par value $0.01 per share,$25.06,0.06,0.24%,,5028,,,
RF,Regions Financial Corporation Common Stock,$22.79,0.07,0.308%,21357560394,10311362,Finance,Major Banks,
RF^B,Regions Financial Corporation Depositary Shares Representing 1/40th Perpetual Preferred Series B,$26.05,0.05,0.192%,,44990,,,
RF^C,Regions Financial Corporation Depositary Shares each Representing a 1/40th Interest in a  Share of 5.700% Fixed-to-Floating Rate Non-Cumulative  Perpetual Preferred Stock Series C,$25.5101,0.1151,0.453%,,44367,,,
RF^E,Regions Financial Corporation Depositary Shares Each Representing a 1/40th Interest in a Share of 4.45% Non-Cumulative Perpetual Preferred Stock Series E,$20.70,-0.0235,-0.113%,,55816,,,
RFI,Cohen & Steers Total Return Realty Fund Inc. Common Stock,$14.82,-0.05,-0.336%,390076657,16215,Finance,Investment Managers,
RFL,Rafael Holdings Inc. Class B Common Stock,$2.10,0,0.00%,45595353,182315,Health Care,Biotechnology: Pharmaceutical Preparations,
RGA,Reinsurance Group of America Incorporated Common Stock,$101.74,0.1,0.098%,6835902563,309111,Finance,Life Insurance,
RGR,Sturm Ruger & Company Inc. Common Stock,$70.57,-1.08,-1.507%,1241792062,238927,,,
RGS,Regis Corporation Common Stock,$1.89,0.19,11.176%,85977219,817157,,,
RH,RH Common Stock,$340.33,14.48,4.444%,7306447776,460246,Consumer Services,Other Specialty Stores,
RHI,Robert Half International Inc. Common Stock,$112.93,2.27,2.051%,12499768625,661148,Technology,Diversified Commercial Services,
RHP,Ryman Hospitality Properties Inc. (REIT),$89.86,0.99,1.114%,4948814311,414747,Consumer Services,Real Estate Investment Trusts,
RJF,Raymond James Financial Inc. Common Stock,$99.47,1.02,1.036%,20650175217,857617,Finance,Investment Bankers/Brokers/Service,
RKT,Rocket Companies Inc. Class A Common Stock,$10.25,-0.1,-0.966%,1241027268,5338502,Finance,Finance: Consumer Services,
RL,Ralph Lauren Corporation Common Stock,$108.02,0.43,0.40%,7687489694,1142654,Consumer Non-Durables,Apparel,
RLGY,Realogy Holdings Corp. Common Stock,$16.01,0.61,3.961%,1866694259,1148060,Finance,Real Estate,
RLI,RLI Corp. Common Stock (DE),$108.08,-0.72,-0.662%,4894871543,172223,Finance,Property-Casualty Insurers,
RLJ,RLJ Lodging Trust Common Shares of Beneficial Interest $0.01 par value,$13.45,0.16,1.204%,2239133512,1976800,Consumer Services,Real Estate Investment Trusts,
RLJ^A,RLJ Lodging Trust $1.95 Series A Cumulative Convertible  Preferred Shares,$26.36,0.16,0.611%,,17436,,,
RM,Regional Management Corp. Common Stock,$45.01,0.19,0.424%,442310299,48838,Finance,Finance: Consumer Services,
RMD,ResMed Inc. Common Stock,$244.31,7.73,3.267%,35726488152,464206,Health Care,Medical/Dental Instruments,
RMT,Royce Micro-Cap Trust Inc. Common Stock,$9.82,0.2,2.079%,443863489,113837,Finance,Investment Managers,
RNGR,Ranger Energy Services Inc. Class A Common Stock,$10.71,0.2,1.903%,267452166,31360,Energy,Oilfield Services/Equipment,
RNP,Cohen & Steers REIT and Preferred and Income Fund Inc. Common Shares,$24.20,0.17,0.707%,1151805219,108586,Finance,Investment Managers,
ROG,Rogers Corporation Common Stock,$273.20,0.55,0.202%,5137037245,255725,Capital Goods,Industrial Machinery/Components,
ROK,Rockwell Automation Inc. Common Stock,$261.02,4.67,1.822%,30329512286,679289,Capital Goods,Industrial Machinery/Components,
ROL,Rollins Inc. Common Stock,$33.43,0.07,0.21%,16450425185,1395516,Technology,Industrial Specialties,
ROP,Roper Technologies Inc. Common Stock,$445.80,10.7,2.459%,47077743843,321827,Capital Goods,Office Equipment/Supplies/Services,
RPM,RPM International Inc. Common Stock,$81.42,1.92,2.415%,10558198669,663127,Basic Industries,Paints/Coatings,
RPT,RPT Realty Common Stock,$13.22,0.06,0.456%,1121081277,488040,Consumer Services,Real Estate Investment Trusts,
RPT^D,RPT Realty 7.25% ,$57.34,0.17,0.297%,,1740,,,
RQI,Cohen & Steers Quality Income Realty Fund Inc Common Shares,$15.26,0.01,0.066%,2049424226,215812,Finance,Trusts Except Educational Religious and Charitable,
RRC,Range Resources Corporation Common Stock,$25.49,-0.07,-0.274%,6682101311,4491924,Energy,Oil & Gas Production,
RRX,Regal Rexnord Corporation Common Stock,$156.09,0.16,0.103%,10542663247,411165,Consumer Durables,Metal Fabrications,
RS,Reliance Steel & Aluminum Co. Common Stock (DE),$190.04,2.37,1.263%,11726348455,391544,Basic Industries,Steel/Iron Ore,
RSG,Republic Services Inc. Common Stock,$129.06,0.59,0.459%,40838629902,970387,Public Utilities,Environmental Services,
RTX,Raytheon Technologies Corporation Common Stock,$97.62,0.58,0.598%,145681350951,5417440,Capital Goods,Military/Government/Technical,
RVI,Retail Value Inc. Common Stock ,$3.28,-0.04,-1.205%,69264252,97527,Consumer Services,Real Estate Investment Trusts,
RVT,Royce Value Trust Inc. Common Stock,$16.12,0.26,1.639%,1707894463,295165,Finance,Trusts Except Educational Religious and Charitable,
RWT,Redwood Trust Inc. Common Stock,$10.93,0.23,2.15%,1313447662,862896,Consumer Services,Real Estate Investment Trusts,
RYAM,Rayonier Advanced Materials Inc. Common Stock,$6.46,0.22,3.526%,411750103,249072,Basic Industries,Industrial Specialties,
RYI,Ryerson Holding Corporation Common Stock,$32.95,0.71,2.202%,1265087638,194767,Basic Industries,Metal Fabrications,
RYN,Rayonier Inc. REIT Common Stock,$41.61,-0.66,-1.561%,6048821733,491017,Consumer Services,Real Estate Investment Trusts,
RZA,Reinsurance Group of America Incorporated 6.20% Fixed-to-Floating Rate Subordinated Debentures due 2042,$25.18,0.03,0.119%,0,14744,Finance,Life Insurance,
RZB,Reinsurance Group of America Incorporated 5.75% Fixed-To-Floating Rate Subordinated Debentures due 2056,$26.25,0.22,0.845%,0,37923,Finance,Life Insurance,
S,SentinelOne Inc. Class A Common Stock,$30.89,1.34,4.535%,8244883508,9645504,Technology,EDP Services,
SAFE,Safehold Inc. Common Stock,$55.91,0.53,0.957%,3463163690,263284,Consumer Services,Real Estate Investment Trusts,
SAH,Sonic Automotive Inc. Common Stock,$46.48,1.09,2.401%,1869214488,378775,Consumer Services,Other Specialty Stores,
SAIL,SailPoint Technologies Holdings Inc. Common Stock,$42.21,1.05,2.551%,3936658878,846962,Technology,Computer Software: Prepackaged Software,
SAK,Saratoga Investment Corp 7.25% Notes due 2025,$25.57,0.01,0.039%,0,1071,Finance,Finance Companies,
SAM,Boston Beer Company Inc. (The) Common Stock,$358.97,9.06,2.589%,4413108617,113597,Consumer Non-Durables,Beverages (Production/Distribution),
SAR,Saratoga Investment Corp New,$27.17,0.07,0.258%,328803352,14372,Finance,Investment Managers,
SAVE,Spirit Airlines Inc. Common Stock,$21.08,1.51,7.716%,2289303515,5446601,Transportation,Air Freight/Delivery Services,
SBH,Sally Beauty Holdings Inc. (Name to be changed from Sally Holdings Inc.) Common Stock,$17.01,0.34,2.04%,1872384289,2310532,Miscellaneous,Diversified Commercial Services,
SBI,Western Asset Intermediate Muni Fund Inc Common Stock,$8.77,-0.02,-0.228%,123501903,22283,Finance,Finance/Investors Services,
SBR,Sabine Royalty Trust Common Stock,$52.66,-1.42,-2.626%,767748308,102993,Energy,Oil & Gas Production,
SCCO,Southern Copper Corporation Common Stock,$68.42,-1.11,-1.596%,52894603577,1363021,Basic Industries,Precious Metals,
SCD,LMP Capital and Income Fund Inc. Common Stock,$13.72,0.22,1.63%,241024865,29553,Finance,Trusts Except Educational Religious and Charitable,
SCE^G,SCE Trust II Trust Preferred Securities,$21.93,0.21,0.967%,,19012,,,
SCE^H,SCE Trust III Fixed/Floating Rate Trust Preference Securities,$23.13,0.24,1.048%,,18110,,,
SCE^J,Southern California Edison Company 5.375% Fixed-to-Floating Rate Trust Preference Securities,$22.02,-0.171,-0.771%,,20768,,,
SCE^K,Southern California Edison Company 5.45% Fixed-to-Floating Rate Trust Preference Securities,$24.27,0.03,0.124%,,22473,,,
SCE^L,SCE TRUST VI,$21.4201,0.1901,0.895%,,35574,,,
SCHW,Charles Schwab Corporation (The) Common Stock,$83.17,-0.09,-0.108%,157516866470,5805356,Finance,Investment Bankers/Brokers/Service,
SCHW^D,The Charles Schwab Corporation Depositary Shares each representing 1/40th interest in a share of 5.95% Non-Cumulative Perpetual Preferred Stock Series D,$25.20,0.06,0.239%,,25141,,,
SCHW^J,The Charles Schwab Corporation Depositary Shares Each Representing a 1/40th Interest in a Share of 4.450% Non-Cumulative Perpetual Preferred Stock Series J,$21.90,0.05,0.229%,,93190,,,
SCI,Service Corporation International Common Stock,$63.16,1.6,2.599%,10200821784,1401390,Miscellaneous,Other Consumer Services,
SCL,Stepan Company Common Stock,$98.04,-0.72,-0.729%,2198164644,113309,Consumer Non-Durables,Package Goods/Cosmetics,
SCM,Stellus Capital Investment Corporation Common Stock,$13.85,0.05,0.362%,270318691,156797,Finance,Finance/Investors Services,
SCS,Steelcase Inc. Common Stock,$11.60,-0.05,-0.429%,1300316210,465783,Consumer Durables,Office Equipment/Supplies/Services,
SCU,Sculptor Capital Management Inc. Class A Common Stock,$12.50,-0.26,-2.038%,331351925,198539,Finance,Investment Managers,
SCX,L.S. Starrett Company (The) Common Stock,$7.12,-0.05,-0.697%,51633208,16713,Consumer Durables,Home Furnishings,
SE,Sea Limited American Depositary Shares each representing one Class A Ordinary Share,$93.77,5.99,6.824%,52299088509,10166834,Technology,Computer Software: Prepackaged Software,
SEAS,SeaWorld Entertainment Inc. Common Stock,$64.71,1.65,2.617%,4895268921,618375,Consumer Services,Movies/Entertainment,
SEE,Sealed Air Corporation Common Stock,$66.70,0.59,0.892%,9882148138,1309703,Basic Industries,Containers/Packaging,
SEM,Select Medical Holdings Corporation Common Stock,$24.28,0.38,1.59%,3247383983,851569,Health Care,Hospital/Nursing Management,
SF,Stifel Financial Corporation Common Stock,$65.65,1.17,1.815%,6986523944,586875,Finance,Investment Bankers/Brokers/Service,
SF^B,Stifel Financial Corporation Depositary Shares Each Representing 1/1000th  Interest in a Share of 6.25% Non-Cumulative  Preferred Stock Series B,$25.30,0.28,1.119%,,19390,,,
SF^C,Stifel Financial Corporation Depositary Shares Each Representing 1/1000th Interest in a Share of 6.125% Non Cumulative Preferred Stock Series C,$25.15,0.355,1.432%,,21094,,,
SF^D,Stifel Financial Corporation Depositary Shares Each Representing 1/1000th Interest in a Share of 4.50% Non-Cumulative Preferred Stock Series D,$20.04,0.12,0.602%,,16290,,,
SFB,Stifel Financial Corporation 5.20% Senior Notes due 2047,$23.465,0.1435,0.615%,0,9266,Finance,Investment Bankers/Brokers/Service,
SFBS,ServisFirst Bancshares Inc. Common Stock,$89.86,0.36,0.402%,4876979957,235784,Finance,Major Banks,
SFE,Safeguard Scientifics Inc. New Common Stock,$5.00,0.09,1.833%,82527970,41725,Finance,Finance/Investors Services,
SGU,Star Group L.P. Common Stock,$10.23,0.11,1.087%,385440221,53213,Public Utilities,Oil Refining/Marketing,
SHAK,Shake Shack Inc. Class A Common Stock,$62.69,1.41,2.301%,2637049333,1194893,Consumer Services,Restaurants,
SHLX,Shell Midstream Partners L.P. Common Units representing Limited Partner Interests,$13.86,-0.04,-0.288%,5450992983,3523768,Energy,Oilfield Services/Equipment,
SHO,Sunstone Hotel Investors Inc. Sunstone Hotel Investors Inc. Common Shares,$11.33,0.02,0.177%,2485051761,5712214,Consumer Services,Real Estate Investment Trusts,
SHO^H,Sunstone Hotel Investors Inc. 6.125% Series H Cumulative Redeemable Preferred Stock,$23.97,0.1,0.419%,,2052,,,
SHO^I,Sunstone Hotel Investors Inc. 5.70% Series I Cumulative Redeemable Preferred Stock,$22.57,-0.0004,-0.002%,,4817,,,
SHW,Sherwin-Williams Company (The) Common Stock,$242.44,4.81,2.024%,63167169357,1757479,Basic Industries,Paints/Coatings,
SI,Silvergate Capital Corporation Class A Common Stock,$120.14,5.26,4.579%,3799367070,501240,,,
SI^A,Silvergate Capital Corporation Depositary Shares Each Representing a 1/40th Interest in a Share of 5.375% Fixed Rate Non-Cumulative Perpetual Preferred Stock Series A,$20.23,-0.05,-0.247%,,16204,,,
SITC,SITE Centers Corp. Common Stock,$16.07,0.16,1.006%,3394559418,1978935,Consumer Services,Real Estate Investment Trusts,
SITC^A,SITE Centers Corp. 6.375% Class A Preferred Shares,$25.03,0.0387,0.155%,,1517,,,
SITE,SiteOne Landscape Supply Inc. Common Stock,$174.34,4.76,2.807%,7817616900,170243,,,
SIX,Six Flags Entertainment Corporation New Common Stock,$40.09,0.43,1.084%,3454995208,1102807,Consumer Services,Movies/Entertainment,
SJI,South Jersey Industries Inc. Common Stock,$34.32,-0.27,-0.781%,4028461317,1348000,Public Utilities,Oil/Gas Transmission,
SJIJ,South Jersey Industries Inc. 5.625% Junior Subordinated Notes due 2079,$20.40,-0.15,-0.73%,0,62215,Public Utilities,Oil/Gas Transmission,
SJIV,South Jersey Industries Inc. Corporate Units,$70.31,0.07,0.10%,0,8643,Public Utilities,Oil/Gas Transmission,
SJM,J.M. Smucker Company (The) New Common Stock,$129.30,0.37,0.287%,14023670344,994575,Consumer Non-Durables,Packaged Foods,
SJT,San Juan Basin Royalty Trust Common Stock,$6.34,-0.31,-4.662%,295499767,752834,Energy,Oil & Gas Production,
SJW,SJW Group Common Stock (DE),$67.10,1.2,1.821%,2028872572,95833,Public Utilities,Water Supply,
SKT,Tanger Factory Outlet Centers Inc. Common Stock,$16.69,0.36,2.205%,1737174210,739044,Consumer Services,Real Estate Investment Trusts,
SKX,Skechers U.S.A. Inc. Common Stock,$37.15,1.27,3.54%,5797102770,1302229,Consumer Non-Durables,Shoe Manufacturing,
SKY,Skyline Champion Corporation Common Stock,$66.67,3.2,5.042%,3788664890,381482,Basic Industries,Homebuilding,
SLCA,U.S. Silica Holdings Inc. Common Stock,$14.68,-0.93,-5.958%,1101411231,1604343,Energy,Metal Fabrications,
SLG,SL Green Realty Corp Common Stock,$79.51,0.87,1.106%,5149920742,911544,Consumer Services,Real Estate Investment Trusts,
SLG^I,SL Green Realty Corporation Preferred Series I,$25.14,0.1201,0.48%,,5584,,,
SLVM,Sylvamo Corporation Common Stock,$34.89,1.36,4.056%,1533592881,584056,Consumer Services,Paper,
SM,SM Energy Company Common Stock,$36.96,0.91,2.524%,4504028686,3505243,Energy,Oil & Gas Production,
SMAR,Smartsheet Inc. Class A Common Stock,$43.49,0.29,0.671%,5512456266,4840882,Technology,EDP Services,
SMG,Scotts Miracle-Gro Company (The) Common Stock,$114.06,2.19,1.958%,6339898037,720183,Basic Industries,Agricultural Chemicals,
SMLP,Summit Midstream Partners LP Common Units Representing Limited Partner Interests,$14.21,-0.62,-4.181%,142436905,67517,Energy,Oilfield Services/Equipment,
SMM,Salient Midstream Common Shares of Beneficial Interest,$7.62,0,0.00%,135045054,98264,Finance,Trusts Except Educational Religious and Charitable,
SMP,Standard Motor Products Inc. Common Stock,$44.74,-0.29,-0.644%,982613972,112361,Capital Goods,Auto Parts:O.E.M.,
SMRT,SmartRent Inc. Class A Common Stock,$6.23,0.22,3.661%,1207773387,699731,Technology,EDP Services,
SNA,Snap-On Incorporated Common Stock,$202.59,-2.13,-1.04%,10821726732,576912,Capital Goods,Diversified Manufacture,
SNAP,Snap Inc. Class A Common Stock,$29.58,1.58,5.643%,48046699019,38223319,Technology,Internet and Information Services,
SNDA,Sonida Senior Living Inc. Common Stock,$30.50,-1.41,-4.419%,196594613,12100,Health Care,Hospital/Nursing Management,
SNDR,Schneider National Inc. Common Stock,$25.65,0.4,1.584%,4556927290,705914,Transportation,Trucking Freight/Courier Services,
SNOW,Snowflake Inc. Class A Common Stock,$170.78,4.03,2.417%,52309914000,8138432,Technology,Computer Software: Prepackaged Software,
SNV,Synovus Financial Corp. Common Stock,$48.35,0.33,0.687%,7033168396,1031435,Finance,Major Banks,
SNV^D,Synovus Financial Corp. Fixed-to-Floating Rate Non-Cumulative Perpetual Preferred Stock Series D Liquation Preference $25.00 per Share,$25.16,0.25,1.004%,,12286,,,
SNV^E,Synovus Financial Corp. 5.875% Fixed-Rate Reset Non-Cumulative Perpetual Preferred Stock Series E,$25.76,0.02,0.078%,,35342,,,
SNX,TD SYNNEX Corporation Common Stock,$109.05,1.09,1.01%,10511781294,289192,Technology,EDP Services,
SO,Southern Company (The) Common Stock,$68.66,0,0.00%,72795157463,4836205,Public Utilities,Power Generation,
SOI,Solaris Oilfield Infrastructure Inc. Class A Common Stock,$10.53,-0.03,-0.284%,336887417,282764,Energy,Metal Fabrications,
SOJC,Southern Company (The) Series 2017B 5.25% Junior Subordinated Notes due December 1 2077,$24.87,-0.05,-0.201%,0,30240,Public Utilities,Power Generation,
SOJD,Southern Company (The) Series 2020A 4.95% Junior Subordinated Notes due January 30 2080,$23.38,0.07,0.30%,0,143844,Public Utilities,Power Generation,
SOJE,Southern Company (The) Series 2020C 4.20% Junior Subordinated Notes due October 15 2060,$21.25,0.11,0.52%,0,91010,Public Utilities,Electric Utilities: Central,
SOLN,Southern Company (The) 2019 Series A Corporate Units,$52.80,0.07,0.133%,0,318710,Public Utilities,Power Generation,
SON,Sonoco Products Company Common Stock,$57.61,0.46,0.805%,5614254944,510895,Basic Industries,Containers/Packaging,
SOR,Source Capital Inc. Common Stock,$40.6869,0.3369,0.835%,340788551,23584,Finance,Investment Managers,
SPB,Spectrum Brands Holdings Inc. Common Stock,$88.75,2.19,2.53%,3618832281,432039,,,
SPE,Special Opportunities Fund Inc Common Stock,$14.44,0.12,0.838%,183575200,14715,Finance,Finance/Investors Services,
SPE^C,Special Opportunities Fund Inc. 2.75% Convertible Preferred Stock Series C,$25.10,0.1,0.40%,,100,,,
SPG,Simon Property Group Inc. Common Stock,$128.88,0.69,0.538%,42349466786,1883346,Consumer Services,Real Estate Investment Trusts,
SPG^J,Simon Property Group Inc. Simon Property Group 8 3/8% Series J Cumulative Redeemable Preferred Stock,$69.70,1.38,2.02%,,5848,,,
SPGI,S&P Global Inc. Common Stock,$387.39,10.39,2.756%,137484886488,1977225,Technology,Advertising,
SPH,Suburban Propane Partners L.P. Common Stock,$15.06,0.03,0.20%,948256183,187238,Public Utilities,Other Specialty Stores,
SPLP,Steel Partners Holdings LP LTD PARTNERSHIP UNIT,$41.75,0.65,1.582%,865499335,5714,,,
SPLP^A,Steel Partners Holdings LP 6.0% Series A Preferred Units no par value,$23.26,0.01,0.043%,,2964,,,
SPR,Spirit Aerosystems Holdings Inc. Common Stock,$44.35,2.08,4.921%,4658394587,1455039,Capital Goods,Military/Government/Technical,
SPXC,SPX Corporation Common Stock,$49.14,0.27,0.552%,2235467642,116789,Capital Goods,Industrial Machinery/Components,
SPXX,Nuveen S&P 500 Dynamic Overwrite Fund,$16.70,0.2,1.212%,288854422,33170,Finance,Trusts Except Educational Religious and Charitable,
SQ,Block Inc. Class A Common Stock,$103.09,8.24,8.687%,59798184581,17488282,Technology,Computer Software: Prepackaged Software,
SQZ,SQZ Biotechnologies Company Common Stock,$4.15,0.14,3.491%,116477199,37931,Consumer Durables,Specialty Chemicals,
SR,Spire Inc. Common Stock,$67.79,-0.14,-0.206%,3508147210,462579,Public Utilities,Oil/Gas Transmission,
SR^A,Spire Inc. Depositary Shares each representing a 1/1000th interest in a share of 5.90% Series A Cumulative Redeemable Perpetual Preferred Stock,$25.05,0.2,0.805%,,52354,,,
SRC,Spirit Realty Capital Inc. Common Stock,$45.95,0.22,0.481%,5869919878,1459294,Consumer Services,Real Estate Investment Trusts,
SRC^A,Spirit Realty Capital Inc. 6.000% Series A Cumulative Redeemable Preferred Stock,$25.14,0.15,0.60%,,11281,,,
SRE,DBA Sempra Common Stock,$155.01,1.04,0.675%,48929509954,1807940,Public Utilities,Oil/Gas Transmission,
SREA,DBA Sempra 5.750% Junior Subordinated Notes due 2079,$25.13,0.01,0.04%,0,37663,Public Utilities,Natural Gas Distribution,
SRG,Seritage Growth Properties Class A Common Stock,$11.31,0.37,3.382%,493470512,484873,Consumer Services,Real Estate Investment Trusts,
SRG^A,Seritage Growth Properties 7.00% Series A Cumulative Redeemable Preferred Shares of Beneficial Interest,$21.40,-0.35,-1.609%,,5720,,,
SRI,Stoneridge Inc. Common Stock,$18.10,-0.29,-1.577%,492213880,84246,Capital Goods,Auto Parts:O.E.M.,
SRT,StarTek Inc. Common Stock,$3.85,0.03,0.785%,155850414,36106,Miscellaneous,Business Services,
SRV,Cushing MLP & Infrastructure Total Return Fund,$31.72,-0.3269,-1.02%,69257163,8828,Finance,Finance Companies,
SSD,Simpson Manufacturing Company Inc. Common Stock,$117.26,1.17,1.008%,5083769425,158279,Capital Goods,Industrial Specialties,
SST,System1 Inc. Class A Common Stock,$15.55,-0.1,-0.639%,1270382348,867919,Consumer Services,Diversified Commercial Services,
SSTK,Shutterstock Inc. Common Stock,$86.46,0.46,0.535%,3143443339,284252,,,
STAG,Stag Industrial Inc. Common Stock,$39.65,0.07,0.177%,7055823683,656357,Consumer Services,Real Estate Investment Trusts,
STAR          ,iStar Inc. Common Stock,$24.02,0.26,1.094%,1657878415,416912,Consumer Services,Real Estate Investment Trusts,
STAR^D,iStar Inc. Series D Cumulative Redeemable Preferred Stock,$25.50,0.14,0.552%,,2118,,,
STAR^G,iStar Inc. Series G Cumulative Redeemable Preferred Stock,$25.41,0.18,0.713%,,353,,,
STAR^I,iStar Inc. Series I Cumulative Redeemable Preferred Stock,$25.45,-0.39,-1.509%,,6264,,,
STC,Stewart Information Services Corporation Common Stock,$67.17,1.68,2.565%,1812109305,157175,Finance,Specialty Insurers,
STE,STERIS plc (Ireland) Ordinary Shares,$222.24,4.75,2.184%,22252269817,480289,Health Care,Industrial Specialties,
STEM,Stem Inc. Class A Common Stock,$7.96,0.47,6.275%,1221412298,4315558,Technology,Computer Software: Prepackaged Software,
STK,Columbia Seligman Premium Technology Growth Fund Inc,$29.26,0.98,3.465%,466098574,25378,Finance,Investment Managers,
STON,StoneMor Inc. Common Stock,$2.83,0.12,4.428%,334105954,218997,,,
STOR,STORE Capital Corporation Common Stock,$28.97,0.24,0.835%,7960258663,2339860,Consumer Services,Real Estate Investment Trusts,
STT,State Street Corporation Common Stock,$83.97,0.62,0.744%,30738674456,1384791,Finance,Investment Managers,
STT^D,State Street Corporation Depositary Shares representing 1/4000th Perpetual Preferred Series D,$25.03,0.1,0.401%,,59355,,,
STT^G,State Street Corporation Depositary shares each representing a 1/4000th ownership interest in a share of Fixed-to-Floating Rate Non-Cumulative,$25.46,-0.04,-0.157%,,53966,,,
STWD,STARWOOD PROPERTY TRUST INC. Starwood Property Trust Inc.,$23.18,0.43,1.89%,7065891135,2324096,Consumer Services,Real Estate Investment Trusts,
STZ,Constellation Brands Inc. Common Stock,$222.13,2.44,1.111%,41659975488,781020,Consumer Non-Durables,Beverages (Production/Distribution),
STZ/B,Constellation Brands Inc,$216.90,0,0.00%,,102,,,
SUI,Sun Communities Inc. Common Stock,$172.57,1.6,0.936%,20011555092,781131,Consumer Services,Real Estate Investment Trusts,
SUM,Summit Materials Inc. Class A Common Stock,$31.22,0.7,2.294%,3706758592,1164858,Capital Goods,Building Materials,
SUN,Sunoco LP Common Units representing limited partner interests,$40.18,0.05,0.125%,3362610761,438935,Energy,Oil Refining/Marketing,
SUNL,Sunlight Financial Holdings Inc. Class A Common Stock,$4.48,0.28,6.667%,379972531,917041,Finance,Diversified Financial Services,
SUP,Superior Industries International Inc. Common Stock (DE),$4.24,-0.03,-0.703%,110931446,64080,Capital Goods,Auto Parts:O.E.M.,
SWI,SolarWinds Corporation Common Stock,$11.20,0.28,2.564%,1797199734,1614508,Technology,Computer Software: Prepackaged Software,
SWK,Stanley Black & Decker Inc. Common Stock,$145.76,0.77,0.531%,23818858928,2769800,Capital Goods,Diversified Manufacture,
SWM,Schweitzer-Mauduit International Inc. Common Stock,$29.43,0.26,0.891%,932218264,270651,Basic Industries,Paper,
SWN,Southwestern Energy Company Common Stock,$5.19,0,0.00%,5783317914,22286847,Energy,Oil & Gas Production,
SWT,Stanley Black & Decker Inc. Corporate Unit,$89.42,-1.17,-1.292%,0,824019,Capital Goods,Diversified Manufacture,
SWX,Southwest Gas Holdings Inc. Common Stock (DE),$76.96,-0.45,-0.581%,4652412933,339995,Public Utilities,Oil & Gas Production,
SWZ,Swiss Helvetia Fund Inc. (The) Common Stock,$8.68,0.01,0.115%,114682365,17384,Finance,Finance Companies,
SXC,SunCoke Energy Inc. Common Stock,$8.30,0.11,1.343%,689829085,911286,,,
SXI,Standex International Corporation Common Stock,$104.91,-0.2,-0.19%,1283608470,27320,Capital Goods,Industrial Machinery/Components,
SXT,Sensient Technologies Corporation Common Stock,$77.76,1.5,1.967%,3264543026,126343,Basic Industries,Major Chemicals,
SYF,Synchrony Financial Common Stock,$36.14,0.66,1.86%,18838764587,6824781,Finance,Diversified Financial Services,
SYF^A,Synchrony Financial Depositary Shares each Representing a 1/40th Interest in a Share of 5.625% Fixed Rate Non-Cumulative Perpetual Preferred Stock Series A,$23.15,-0.03,-0.129%,,75130,,,
SYK,Stryker Corporation Common Stock,$254.34,8.49,3.453%,96024715437,1474554,Health Care,Medical/Dental Instruments,
SYY,Sysco Corporation Common Stock,$77.79,1.03,1.342%,39474338225,2113465,Consumer Non-Durables,Food Distributors,
T,AT&T Inc.,$23.09,0.2,0.874%,164929393390,35543963,Consumer Services,Telecommunications Equipment,
T^A,AT&T Inc. Depositary Shares each representing a 1/1000th interest in a share of 5.000% Perpetual Preferred Stock Series A,$22.1965,0.0965,0.437%,,118044,,,
T^C,AT&T Inc. Depositary Shares each representing a 1/1000th interest in a share of 4.750% Perpetual Preferred Stock Series C,$21.05,-0.0107,-0.051%,,218862,,,
TACA,Trepont Acquisition Corp I Class A Ordinary Shares,$10.04,0,0.00%,288650000,17656,Finance,Business Services,
TBB,AT&T Inc. 5.350% Global Notes due 2066,$24.87,0.12,0.485%,0,101946,Consumer Services,Telecommunications Equipment,
TBC,AT&T Inc. 5.625% Global Notes due 2067,$25.47,0.15,0.592%,0,42681,Consumer Services,Telecommunications Equipment,
TBI,TrueBlue Inc. Common Stock,$28.02,0.33,1.192%,965615965,181708,Technology,Professional Services,
TCI,Transcontinental Realty Investors Inc. Common Stock,$38.98,0.8,2.095%,336760538,410,Finance,Real Estate,
TDC,Teradata Corporation Common Stock,$44.51,1.2,2.771%,4722511000,699636,Technology,EDP Services,
TDF,Templeton Dragon Fund Inc. Common Stock,$11.93,-0.23,-1.891%,403283426,177340,Finance,Finance/Investors Services,
TDG,Transdigm Group Incorporated Common Stock,$646.03,27.6,4.463%,35830168188,340953,Capital Goods,Military/Government/Technical,
TDOC,Teladoc Health Inc. Common Stock,$54.53,3.74,7.364%,8742633546,5151337,Health Care,Medical/Nursing Services,
TDS,Telephone and Data Systems Inc. Common Shares,$18.84,-0.13,-0.685%,2158811544,567735,Public Utilities,Telecommunications Equipment,
TDS^U,Telephone and Data Systems Inc. Depositary Shares Each Representing a 1/1000th Interest in a 6.625% Series UU Cumulative Redeemable Perpetual Preferred Stock,$23.995,0.505,2.15%,,34940,,,
TDS^V,Telephone and Data Systems Inc. Depositary Shares Each Representing a 1/1000th Interest in a 6.000% Series VV Cumulative Redeemable Perpetual Preferred Stock,$22.3299,0.1449,0.653%,,73533,,,
TDW,Tidewater Inc. Common Stock,$19.37,-1.79,-8.459%,804206004,350590,Energy,Oilfield Services/Equipment,
TDY,Teledyne Technologies Incorporated Common Stock,$426.51,7.83,1.87%,19946089888,253847,Capital Goods,Industrial Machinery/Components,
TEI,Templeton Emerging Markets Income Fund Inc. Common Stock,$6.23,0,0.00%,299030144,198880,Finance,Finance Companies,
TEN,Tenneco Inc. Class A Voting Common Stock,$17.59,-0.55,-3.032%,1462299532,2451493,Capital Goods,Auto Parts:O.E.M.,
TEX,Terex Corporation Common Stock,$38.01,0.34,0.903%,2649297000,501934,Capital Goods,Construction/Ag Equipment/Trucks,
TFC,Truist Financial Corporation Common Stock,$58.02,0.13,0.225%,77057548683,6405008,Finance,Major Banks,
TFC^I,Truist Financial Corporation Depositary Shares,$21.20,0.29,1.387%,,15889,,,
TFC^O,Truist Financial Corporation Depositary Shares Each Representing a 1/1000th Interest in a Share of Series O Non-Cumulative Perpetual Preferred Stock,$24.29,0.07,0.289%,,125710,,,
TFC^R,Truist Financial Corporation Depositary Shares each representing 1/1000th interest in a share of Series R Non-Cumulative Perpetual Preferred Stock,$21.72,-0.0537,-0.247%,,326712,,,
TFX,Teleflex Incorporated Common Stock,$335.58,0.97,0.29%,15728639298,269062,Health Care,Medical/Dental Instruments,
TG,Tredegar Corporation Common Stock,$11.57,-0.11,-0.942%,390398596,146379,Capital Goods,Metal Fabrications,
TGI,Triumph Group Inc. Common Stock,$24.48,1.45,6.296%,1582145117,689136,Capital Goods,Aerospace,
TGNA,TEGNA Inc,$22.39,0.04,0.179%,4960361988,3959925,Consumer Services,Broadcasting,
TGT,Target Corporation Common Stock,$215.35,6.59,3.157%,99581732451,2866732,Consumer Services,Department/Specialty Retail Stores,
THC,Tenet Healthcare Corporation Common Stock,$87.49,1.22,1.414%,9397887433,1326171,Health Care,Hospital/Nursing Management,
THG,Hanover Insurance Group Inc,$142.45,0.43,0.303%,5053716314,129535,Finance,Property-Casualty Insurers,
THO,Thor Industries Inc. Common Stock,$83.90,1.52,1.845%,4617037472,957720,Consumer Non-Durables,Homebuilding,
THQ,Tekla Healthcare Opportunies Fund Shares of Beneficial Interest,$21.38,0.43,2.053%,883943999,52826,Finance,Finance Companies,
THR,Thermon Group Holdings Inc. Common Stock,$17.30,0.03,0.174%,576960380,102712,Consumer Durables,Electrical Products,
THS,Treehouse Foods Inc. Common Stock,$32.92,1.5,4.774%,1836777260,838162,Consumer Non-Durables,Packaged Foods,
THW,Tekla World Healthcare Fund Shares of Beneficial Interest,$13.98,0.26,1.895%,520823754,135518,Finance,Finance Companies,
TISI,Team Inc. Common Stock,$1.02,0.0222,2.225%,43981866,460205,,,
TJX,TJX Companies Inc. (The) Common Stock,$61.72,0.47,0.767%,73624454478,6419253,Consumer Services,Department/Specialty Retail Stores,
TKR,Timken Company (The) Common Stock,$61.46,0.59,0.969%,4605234000,443953,Capital Goods,Metal Fabrications,
TLYS,Tilly's Inc. Common Stock,$9.69,0.56,6.134%,300056964,963795,,,
TMHC,Taylor Morrison Home Corporation Common Stock,$30.72,1.75,6.041%,3726078874,998355,Capital Goods,Homebuilding,
TMO,Thermo Fisher Scientific Inc Common Stock,$550.64,14.76,2.754%,215405836233,1253083,Capital Goods,Biotechnology: Laboratory Analytical Instruments,
TMST,TimkenSteel Corporation Common Shares,$19.96,0.95,4.997%,924503967,1207317,Basic Industries,Steel/Iron Ore,
TNC,Tennant Company Common Stock,$83.31,1.05,1.276%,1543378150,94584,Capital Goods,Industrial Machinery/Components,
TNL,Travel   Leisure Co. Common  Stock,$55.03,1.83,3.44%,4716750951,864963,Transportation,Other Consumer Services,
TOL,Toll Brothers Inc. Common Stock,$50.69,2.16,4.451%,5945886310,2013485,Capital Goods,Homebuilding,
TPB,Turning Point Brands Inc. Common Stock,$29.75,-0.71,-2.331%,547265411,241812,Consumer Non-Durables,Tobacco,
TPC,Tutor Perini Corporation Common Stock,$10.22,-0.09,-0.873%,522198115,202141,Capital Goods,Engineering & Construction,
TPGY,TPG Pace Beneficial Finance Corp. Class A Ordinary Shares,$9.86,0.01,0.102%,431375000,80255,Finance,Business Services,
TPH,Tri Pointe Homes Inc. Common Stock,$22.43,0.74,3.412%,2403420078,1095732,Capital Goods,Homebuilding,
TPL,Texas Pacific Land Corporation Common Stock,$1243.19,-40.9,-3.185%,9628972746,55954,Energy,Oil & Gas Production,
TPR,Tapestry Inc. Common Stock,$35.15,1.41,4.179%,9279238623,5855265,Consumer Non-Durables,Apparel,
TPX,Tempur Sealy International Inc. Common Stock,$31.48,1.17,3.86%,5700610481,1717671,Consumer Durables,Home Furnishings,
TPZ,Tortoise Power and Energy Infrastructure Fund Inc Common Stock,$13.47,-0.09,-0.664%,87911942,24556,Finance,Investment Managers,
TR,Tootsie Roll Industries Inc. Common Stock,$32.92,-0.22,-0.664%,2276448649,142296,Consumer Non-Durables,Specialty Foods,
TRC,Tejon Ranch Co Common Stock,$17.32,-0.04,-0.23%,457392033,39645,Finance,Major Banks,
TREC,Trecora Resources Common Stock,$8.54,-0.18,-2.064%,212088278,54338,,,
TREX,Trex Company Inc. Common Stock,$72.84,0.74,1.026%,8347950863,1021424,,,
TRGP,Targa Resources Inc. Common Stock,$64.94,-0.66,-1.006%,14857198996,2017925,Public Utilities,Natural Gas Distribution,
TRI,Thomson Reuters Corp Ordinary Shares,$102.87,0.34,0.332%,50024460345,440031,,,
TRN,Trinity Industries Inc. Common Stock,$32.46,0.25,0.776%,2705285475,790283,Capital Goods,Railroads,
TRNO,Terreno Realty Corporation Common Stock,$70.78,1.12,1.608%,5343515998,301496,Consumer Services,Real Estate Investment Trusts,
TROX,Tronox Holdings plc Ordinary Shares (UK),$19.30,0.28,1.472%,2971002010,1584098,Basic Industries,Multi-Sector Companies,
TRTX,TPG RE Finance Trust Inc. Common Stock,$11.66,0.11,0.952%,899964181,518600,Consumer Services,Real Estate Investment Trusts,
TRTX^C,TPG RE Finance Trust Inc. 6.25% Series C Cumulative Redeemable Preferred Stock $0.001 par value per share,$22.80,0.35,1.559%,,1944,,,
TRU,TransUnion Common Stock,$98.52,2.52,2.625%,18905988000,1154627,Technology,Advertising,
TRV,The Travelers Companies Inc. Common Stock,$180.19,3.01,1.699%,43516016899,1730458,Finance,Property-Casualty Insurers,
TSI,TCW Strategic Income Fund Inc. Common Stock,$5.07,0.04,0.795%,242084586,95005,Finance,Investment Managers,
TSN,Tyson Foods Inc. Common Stock,$85.70,0.2,0.234%,31063316832,6695319,Consumer Non-Durables,Meat/Poultry/Fish,
TSQ,Townsquare Media Inc. Class A Common Stock,$11.26,-0.34,-2.931%,192058161,42031,Technology,Advertising,
TTC,Toro Company (The) Common Stock,$83.98,1.85,2.253%,8779064877,463258,Capital Goods,Tools/Hardware,
TTI,Tetra Technologies Inc. Common Stock,$3.08,-0.1,-3.145%,393147111,925124,Energy,Oil & Gas Production,
TTP,Tortoise Pipeline & Energy Fund Inc. Common Stock,$25.82,-0.43,-1.638%,57521099,14114,Finance,Trusts Except Educational Religious and Charitable,
TUP,Tupperware Brands Corporation Common Stock,$18.06,0.28,1.575%,883436975,600784,Consumer Non-Durables,Plastic Products,
TVC,Tennessee Valley Authority Common Stock,$25.01,0.07,0.281%,0,5310,Public Utilities,Electric Utilities: Central,
TVE,Tennessee Valley Authority,$25.10,0.08,0.32%,0,1965,Public Utilities,Electric Utilities: Central,
TWI,Titan International Inc. (DE) Common Stock,$13.42,0.74,5.836%,837693846,572622,Capital Goods,Industrial Machinery/Components,
TWLO,Twilio Inc. Class A Common Stock,$128.93,3.76,3.004%,23403818537,4138320,Capital Goods,Industrial Machinery/Components,
TWN,Taiwan Fund Inc. (The) Common Stock,$31.48,-0.49,-1.533%,235171151,10843,Finance,Trusts Except Educational Religious and Charitable,
TWO,Two Harbors Investment Corp,$5.26,0.06,1.154%,1809020936,4785180,Consumer Services,Real Estate Investment Trusts,
TWO^A,Two Harbors Investments Corp 8.125% Series A Fixed-to-Floating Rate Cumulative Redeemable Preferred Stock ($25.00 liquidation preference per share),$24.6988,0.0487,0.198%,,2971,,,
TWO^B,Two Harbors Investments Corp 7.625% Series B Fixed-to-Floating Rate Cumulative Redeemable Preferred Stock,$23.45,0.14,0.601%,,12743,,,
TWO^C,Two Harbors Investments Corp 7.25% Series C Fixed-to-Floating Rate Cumulative Redeemable Preferred Stock,$22.20,0.2608,1.189%,,79942,,,
TXT,Textron Inc. Common Stock,$71.80,1.91,2.733%,15532449340,841048,Capital Goods,Aerospace,
TY,Tri Continental Corporation Common Stock,$29.35,0.22,0.755%,1534572645,78758,Finance,Finance Companies,
TY^,Tri Continental Corporation Preferred Stock,$53.37,-1.505,-2.743%,,1487,,,
TYG,Tortoise Energy Infrastructure Corporation Common Stock,$30.96,-0.17,-0.546%,369287877,63080,Finance,Investment Managers,
TYL,Tyler Technologies Inc. Common Stock,$403.33,11.81,3.016%,16677258694,195670,Technology,Computer Software: Prepackaged Software,
U,Unity Software Inc. Common Stock,$77.28,2.93,3.941%,22727686871,3728153,Technology,Retail: Computer Software & Peripheral Equipment,
UA,Under Armour Inc. Class C Common Stock,$14.44,0.32,2.266%,6878295205,3208698,Consumer Non-Durables,Apparel,
UAA,Under Armour Inc. Class A Common Stock,$16.12,0.39,2.479%,7678540076,6057426,Consumer Non-Durables,Apparel,
UAN,CVR Partners LP Common Units representing Limited Partner Interests,$106.60,-0.84,-0.782%,1138629991,100768,Basic Industries,Agricultural Chemicals,
UBA,Urstadt Biddle Properties Inc. Common Stock,$19.23,-0.69,-3.464%,777375269,304662,Consumer Services,Real Estate Investment Trusts,
UBP,Urstadt Biddle Properties Inc. Common Stock,$17.47,-0.33,-1.854%,706227039,5592,Consumer Services,Real Estate Investment Trusts,
UBP^H,Urstadt Biddle Properties Inc. 6.250% Series H Cumulative Redeemable Preferred Stock,$25.29,0.11,0.437%,,2411,,,
UBP^K,Urstadt Biddle Properties Inc. 5.875% Series K Cumulative Redeemable Preferred Stock,$25.02,-0.04,-0.16%,,4233,,,
UDR,UDR Inc. Common Stock,$56.90,0.88,1.571%,18109258357,1646215,Consumer Services,Real Estate Investment Trusts,
UE,Urban Edge Properties Common Shares of Beneficial Interest,$18.42,0.27,1.488%,2162487664,859562,Consumer Services,Real Estate Investment Trusts,
UFI,Unifi Inc. New Common Stock,$17.38,-0.07,-0.401%,321507841,95217,,,
UGI,UGI Corporation Common Stock,$35.47,0.29,0.824%,7441758592,2700221,Public Utilities,Natural Gas Distribution,
UGIC,UGI Corporation Corporate Units,$88.00,1.12,1.289%,0,2139,Public Utilities,Natural Gas Distribution,
UHS,Universal Health Services Inc. Common Stock,$148.98,2.81,1.922%,11144517431,581655,Health Care,Hospital/Nursing Management,
UHT,Universal Health Realty Income Trust Common Stock,$58.82,-0.24,-0.406%,810854522,48548,Consumer Services,Real Estate Investment Trusts,
UI,Ubiquiti Inc. Common Stock,$254.96,8.74,3.55%,15688902155,85960,Technology,Radio And Television Broadcasting And Communications Equipment,
UIS,Unisys Corporation New Common Stock,$21.89,-0.03,-0.137%,1471711676,317632,Technology,EDP Services,
UMH,UMH Properties Inc. Common Stock,$24.39,0.21,0.868%,1269006846,297536,Consumer Services,Real Estate Investment Trusts,
UMH^C,UMH Properties Inc. 6.75% Series C Cumulative Redeemable Preferred Stock  Liquidation Preference $25 per share,$25.13,0.03,0.12%,,8664,,,
UMH^D,UMH Properties Inc. 6.375% Series D Cumulative Redeemable Preferred Stock Liquidation Preference $25 per share,$25.27,-0.11,-0.433%,,10459,,,
UNF,Unifirst Corporation Common Stock,$178.43,3.04,1.733%,3363577150,74771,Miscellaneous,Business Services,
UNFI,United Natural Foods Inc. Common Stock,$37.00,1.03,2.863%,2155807775,916001,Consumer Non-Durables,Food Distributors,
UNH,UnitedHealth Group Incorporated Common Stock (DE),$497.91,9.99,2.047%,468483093785,3042782,Health Care,Medical Specialities,
UNM,Unum Group Common Stock,$27.78,0.23,0.835%,5627221086,1880233,Finance,Accident &Health Insurance,
UNMA,Unum Group 6.250% Junior Subordinated Notes due 2058,$25.99,0.31,1.207%,0,17157,Finance,Accident &Health Insurance,
UNP,Union Pacific Corporation Common Stock,$260.13,2.47,0.959%,165676525684,2913826,Transportation,Railroads,
UNVR,Univar Solutions Inc. Common Stock,$32.16,0.3,0.942%,5455634042,1551057,Basic Industries,Specialty Chemicals,
UPS,United Parcel Service Inc. Common Stock,$210.53,6.23,3.049%,183243502074,2864528,Transportation,Air Freight/Delivery Services,
URI,United Rentals Inc. Common Stock,$328.35,8.09,2.526%,23779731522,572959,Technology,Diversified Commercial Services,
USA,Liberty All-Star Equity Fund Common Stock,$7.29,0.18,2.532%,1853463969,1053969,Finance,Finance Companies,
USAC,USA Compression Partners LP Common Units Representing Limited Partner Interests,$17.28,-0.05,-0.289%,1682680694,225529,Energy,Oilfield Services/Equipment,
USB,U.S. Bancorp Common Stock,$54.40,0.45,0.834%,80786099296,7606350,Finance,Major Banks,
USB^A,U.S. Bancorp Depositary Shares Each representing a 1/100th interest in a share of Series A Non-CumulativePerpetual Pfd Stock,$790.01,-9.36,-1.171%,,366,,,
USB^H,U.S. Bancorp Depositary Shares repstg 1/1000th Pfd Ser B,$19.97,0.01,0.05%,,117031,,,
USB^P,U.S. Bancorp Depositary Shares each representing a 1/1000th interest in a share of Series K Non-Cumulative Perpetual Preferred Stock,$25.36,0.1955,0.777%,,29298,,,
USB^Q,U.S. Bancorp Depositary Shares Each Representing a 1/1000th Interest in a Share of Series L Non-Cumulative Perpetual Preferred Stock,$18.95,0.05,0.265%,,100660,,,
USB^R,U.S. Bancorp Depositary Shares Each Representing a 1/1000th Interest in a Share of Series M Non-Cumulative Perpetual Preferred Stock,$20.06,-0.01,-0.05%,,236516,,,
USB^S,U.S. Bancorp Depositary Shares each representing a 1/1000th interest in a share of Series O Non-Cumulative Perpetual Preferred Stock,$22.27,0.09,0.406%,,174267,,,
USDP,USD Partners LP Common Units representing limited partner interest,$5.44,-0.14,-2.509%,150252305,88666,Transportation,Railroads,
USFD,US Foods Holding Corp. Common Stock,$35.27,0.85,2.469%,7865928873,2269873,Consumer Non-Durables,Food Distributors,
USM,United States Cellular Corporation Common Stock,$29.88,-0.17,-0.566%,2565980856,79671,Public Utilities,Telecommunications Equipment,
USNA,USANA Health Sciences Inc. Common Stock,$82.35,0.44,0.537%,1591003647,69869,,,
USPH,U.S. Physical Therapy Inc. Common Stock,$95.11,1.86,1.995%,1231730425,47841,Health Care,Medical Specialities,
USX,U.S. Xpress Enterprises Inc. Class A Common Stock,$4.26,0.08,1.914%,215806735,178141,Transportation,Trucking Freight/Courier Services,
UTF,Cohen & Steers Infrastructure Fund Inc Common Stock,$26.74,0.05,0.187%,2545622811,138096,Finance,Finance Companies,
UTI,Universal Technical Institute Inc Common Stock,$8.23,0.16,1.983%,271343372,125787,,,
UTL,UNITIL Corporation Common Stock,$49.97,-0.79,-1.556%,798460186,71784,Public Utilities,Power Generation,
UTZ,Utz Brands Inc Class A Common Stock ,$14.37,-0.27,-1.844%,1129441405,486374,Consumer Non-Durables,Specialty Foods,
UVE,UNIVERSAL INSURANCE HOLDINGS INC Common Stock,$12.45,0.17,1.384%,388966187,234041,Finance,Property-Casualty Insurers,
UVV,Universal Corporation Common Stock,$55.15,0.52,0.952%,1357146807,158751,Consumer Non-Durables,Tobacco,
UWMC,UWM Holdings Corporation Class A Common Stock,$4.10,-0.04,-0.966%,379371684,2850354,Finance,Finance: Consumer Services,
UZD,United States Cellular Corporation 6.250% Senior Notes due 2069,$24.16,0.17,0.709%,0,27319,Public Utilities,Telecommunications Equipment,
UZE,United States Cellular Corporation 5.500% Senior Notes due 2070,$22.57,0.05,0.222%,0,71531,Public Utilities,Telecommunications Equipment,
UZF,United States Cellular Corporation 5.500% Senior Notes due 2070,$22.60,-0.03,-0.133%,0,47618,Public Utilities,Telecommunications Equipment,
V,Visa Inc.,$206.14,5.81,2.90%,432475688550,8272672,Miscellaneous,Business Services,
VAC,Marriott Vacations Worldwide Corporation Common Stock,$151.29,2.17,1.455%,6369933525,282587,Consumer Services,Hotels/Resorts,
VAPO,Vapotherm Inc. Common Stock,$13.98,0.76,5.749%,366061155,96715,Health Care,Medical/Dental Instruments,
VATE,INNOVATE Corp. Common Stock,$3.58,0.02,0.562%,278655558,118122,Consumer Services,Military/Government/Technical,
VBF,Invesco Bond Fund Common Stock,$17.47,0.28,1.629%,199429693,22743,Finance,Trusts Except Educational Religious and Charitable,
VCV,Invesco California Value Municipal Income Trust Common Stock,$11.06,-0.06,-0.54%,529464232,182420,Finance,Trusts Except Educational Religious and Charitable,
VEC,Vectrus Inc. Common Stock,$35.03,0.83,2.427%,413527574,188056,,,
VFC,V.F. Corporation Common Stock,$55.03,1.12,2.078%,21401258735,3458252,Consumer Non-Durables,Apparel,
VGI,Virtus Global Multi-Sector Income Fund Common Shares of Beneficial Interest,$9.43,0.11,1.18%,106682476,25054,Finance,Investment Managers,
VGM,Invesco Trust for Investment Grade Municipals Common Stock (DE),$11.51,-0.15,-1.286%,624133157,69846,Finance,Trusts Except Educational Religious and Charitable,
VGR,Vector Group Ltd. Common Stock,$10.50,0.32,3.143%,1615615859,796581,Consumer Non-Durables,Farming/Seeds/Milling,
VHC,VirnetX Holding Corp Common Stock,$1.72,0.08,4.878%,122520512,355255,Miscellaneous,Multi-Sector Companies,
VHI,Valhi Inc. Common Stock,$27.25,-0.97,-3.437%,770550784,27703,Basic Industries,Multi-Sector Companies,
VKQ,Invesco Municipal Trust Common Stock,$11.11,-0.04,-0.359%,614607722,53689,Finance,Trusts Except Educational Religious and Charitable,
VLO,Valero Energy Corporation Common Stock,$84.41,-6.14,-6.781%,34549319408,6185127,Energy,Integrated oil Companies,
VLT,Invesco High Income Trust II,$11.98,0.09,0.757%,77826573,11212,Finance,Trusts Except Educational Religious and Charitable,
VLTA,Volta Inc. Class A Common Stock,$4.17,0.14,3.474%,676351503,2465555,Consumer Services,Catalog/Specialty Distribution,
VMC,Vulcan Materials Company (Holding Company) Common Stock,$182.01,4.09,2.299%,24169521973,1167920,,,
VMI,Valmont Industries Inc. Common Stock,$229.89,3.76,1.663%,4892026556,96699,Capital Goods,Construction/Ag Equipment/Trucks,
VMO,Invesco Municipal Opportunity Trust Common Stock,$11.10,-0.05,-0.448%,748301250,170542,Finance,Trusts Except Educational Religious and Charitable,
VMW,Vmware Inc. Common stock Class A,$111.16,2.47,2.273%,46554697280,1661658,Technology,Computer Software: Prepackaged Software,
VNO,Vornado Realty Trust Common Stock,$45.44,-0.3,-0.656%,8711920748,1049224,Consumer Services,Real Estate Investment Trusts,
VNO^L,Vornado Realty Trust Pfd Ser L %,$23.10,0.17,0.741%,,26585,,,
VNO^M,Vornado Realty Trust 5.25% Series M Cumulative Redeemable Preferred Shares of Beneficial Interest liquidation preference $25.00 per share no par value per share,$22.85,0.18,0.794%,,19512,,,
VNO^N,Vornado Realty Trust 5.25% Series N Cumulative Redeemable Preferred Shares of Beneficial Interest liquidation preference $25.00 per share,$22.705,0.105,0.465%,,5954,,,
VNO^O,Vornado Realty Trust 4.45% Series O Cumulative Redeemable Preferred Shares Liquidation Preference $25.00 Per Share,$19.48,0.16,0.828%,,15884,,,
VOC,VOC Energy Trust Units of Beneficial Interest,$6.13,0.18,3.025%,104210000,191748,Energy,Oil & Gas Production,
VOYA,Voya Financial Inc. Common Stock,$63.49,0.59,0.938%,6728650328,846663,Finance,Investment Managers,
VOYA^B,Voya Financial Inc. Depositary Shares each representing a 1/40th interest in a share of 5.35% Fixed-Rate Reset Non-Cumulative Preferred Stock Series B,$25.38,0.26,1.035%,,19833,,,
VPG,Vishay Precision Group Inc. Common Stock,$32.03,0.03,0.094%,436722388,28024,Capital Goods,Industrial Machinery/Components,
VPV,Invesco Pennsylvania Value Municipal Income Trust Common Stock (DE),$11.84,-0.02,-0.169%,282141801,22638,Finance,Trusts Except Educational Religious and Charitable,
VRE,Veris Residential Inc. Common Stock,$16.86,-0.27,-1.576%,1533394661,644222,Consumer Services,Real Estate Investment Trusts,
VRS,Verso Corporation Common Stock,$26.91,0.05,0.186%,784549748,429210,Basic Industries,Paper,
VRT,Vertiv Holdings LLC Class A Common Stock,$11.89,0.76,6.828%,4470544452,5581882,Consumer Durables,Electrical Products,
VSH,Vishay Intertechnology Inc. Common Stock,$18.78,0.29,1.568%,2721271673,692231,Capital Goods,Industrial Machinery/Components,
VSTO,Vista Outdoor Inc. Common Stock,$36.29,0.69,1.938%,2039998221,476230,Consumer Non-Durables,Recreational Products/Toys,
VTN,Invesco Trust for Investment Grade New York Municipals Common Stock,$12.14,0.16,1.336%,236459921,26949,Finance,Finance Companies,
VTOL,Bristow Group Inc. Common Stock,$36.90,-1.03,-2.716%,1044341697,83747,Energy,Metal Fabrications,
VTR,Ventas Inc. Common Stock,$58.22,0.41,0.709%,23258664805,2150654,Consumer Services,Real Estate Investment Trusts,
VVI,Viad Corp Common Stock,$33.54,0.24,0.721%,689618019,144630,Miscellaneous,Business Services,
VVR,Invesco Senior Income Trust Common Stock (DE),$4.12,-0.01,-0.242%,630486632,584711,Finance,Trusts Except Educational Religious and Charitable,
VVV,Valvoline Inc. Common Stock,$29.84,-0.38,-1.257%,5351991843,1781917,Basic Industries,Automotive Aftermarket,
W,Wayfair Inc. Class A Common Stock,$112.80,7.99,7.623%,11853889514,3181699,Consumer Services,Catalog/Specialty Distribution,
WAB,Westinghouse Air Brake Technologies Corporation Common Stock,$89.64,0.58,0.651%,16609405819,747663,Capital Goods,Railroads,
WAL,Western Alliance Bancorporation Common Stock (DE),$82.72,0.72,0.878%,8850820048,694316,Finance,Major Banks,
WAL^A,Western Alliance Bancorporation Depositary Shares Each Representing a 1/400th Interest in a Share of 4.250% Fixed-Rate Non-Cumulative Perpetual Preferred Stock Series A,$23.63,0.07,0.297%,,9856,,,
WAT,Waters Corporation Common Stock,$317.34,6.34,2.039%,19204026851,290650,Health Care,Medical Specialities,
WBS,Webster Financial Corporation Common Stock,$57.58,0.23,0.401%,10340806250,1756840,Finance,Major Banks,
WBS^F,Webster Financial Corporation Depositary Shares Each Representing 1/1000th Interest in a Share of 5.25% Series F Non-Cumulative Perpetual Preferred Stock,$23.01,0.01,0.043%,,16445,,,
WBS^G,Webster Financial Corporation Depositary Shares each representing a 1/40th interest in a share of 6.50% Series G non-cumulative perpetual preferred stock,$25.30,0,0.00%,,5239,,,
WCC,WESCO International Inc. Common Stock,$125.41,4.58,3.79%,6358698972,468606,Consumer Non-Durables,Telecommunications Equipment,
WCC^A,WESCO International Inc. Depositary Shares each representing 1/1000th interest in a share of Series A Fixed-Rate Reset Cumulative Perpetual Preferred Stock,$28.80,-0.1858,-0.641%,,36056,,,
WD,Walker & Dunlop Inc Common Stock,$131.24,-4.66,-3.429%,4316670355,172830,Finance,Finance: Consumer Services,
WEA,Western Asset Bond Fund Share of Beneficial Interest,$11.76,-0.01,-0.085%,139539456,30191,Finance,Trusts Except Educational Religious and Charitable,
WEC,WEC Energy Group Inc. Common Stock,$94.59,0.81,0.864%,29836952287,1800869,Public Utilities,Power Generation,
WELL,Welltower Inc. Common Stock,$90.20,-0.77,-0.846%,40350283127,1306863,Consumer Services,Real Estate Investment Trusts,
WES,Western Midstream Partners LP Common Units Representing Limited Partner Interests,$23.12,-0.06,-0.259%,9329994594,1268927,Energy,Oilfield Services/Equipment,
WEX,WEX Inc. common stock,$163.22,3.66,2.294%,7317189161,281255,Technology,EDP Services,
WFC,Wells Fargo & Company Common Stock,$50.11,0.25,0.501%,191147442902,25076060,Finance,Major Banks,
WFC^A,Wells Fargo & Company Depositary Shares each representing a 1/1000th interest in a share of Non-Cumulative Perpetual Class A Preferred Stock Series AA,$21.17,0.02,0.095%,,212451,,,
WFC^C,Wells Fargo & Company Depositary Shares each representing a 1/1000th interest in a share of Non-Cumulative Perpetual Class A Preferred Stock Series CC,$20.24,-0.02,-0.099%,,108103,,,
WFC^D,Wells Fargo & Company Depositary Shares each representing a 1/1000th interest in  a share of Non-Cumulative Perpetual Class A Preferred Stock Series DD,$19.47,0.0172,0.088%,,245716,,,
WFC^L,Wells Fargo & Company Wells Fargo & Company 7.50% Non-Cumulative Perpetual Convertible Class A Preferred Stock Series L,$1288.50,6.01,0.469%,,32693,,,
WFC^Q,Wells Fargo & Company Depositary Shares Representing 1/1000th Interest Perpetual Preferred Class A Series Q Fixed to Floating,$24.69,0.15,0.611%,,315287,,,
WFC^R,Wells Fargo & Company Dep Shs Repstg 1/1000th Int Perp Pfd Cl A (Ser R Fixed To Flltg),$26.22,0.05,0.191%,,36232,,,
WFC^Y,Wells Fargo & Company Depositary Shares each representing a 1/1000th interest in a share of Non-Cumulative Perpetual Class A Preferred Stock Series Y,$24.77,0.1,0.405%,,181222,,,
WFC^Z,Wells Fargo & Company Depositary Shares each representing a 1/1000th interest in a share of Non-Cumulative Perpetual Class A Preferred Stock Series Z,$21.28,0.07,0.33%,,589299,,,
WGO,Winnebago Industries Inc. Common Stock,$59.08,1.38,2.392%,1970003222,407543,Consumer Non-Durables,Homebuilding,
WHG,Westwood Holdings Group Inc Common Stock,$14.79,0.04,0.271%,122020990,10657,,,
WHR,Whirlpool Corporation Common Stock,$190.09,3.91,2.10%,11113136055,769218,Consumer Durables,Consumer Electronics/Appliances,
WIA,Western Asset Inflation-Linked Income Fund,$12.075,-0.115,-0.943%,281616241,19610,Finance,Trusts Except Educational Religious and Charitable,
WIW,Western Asset Inflation-Linked Opportunities & Income Fund,$12.10,-0.07,-0.575%,740328021,167448,Finance,Finance Companies,
WK,Workiva Inc. Class A Common Stock,$95.19,1.55,1.655%,4945814530,327363,Technology,Computer Software: Prepackaged Software,
WLK,Westlake Corporation Common Stock,$115.69,-4.02,-3.358%,14799140924,599365,Basic Industries,Major Chemicals,
WLKP,Westlake Chemical Partners LP Common Units representing limited partner interests,$26.05,-0.15,-0.573%,917335537,46184,Basic Industries,Major Chemicals,
WLL,Whiting Petroleum Corporation Common Stock (New),$79.43,1.21,1.547%,3116958461,902958,Energy,Oil & Gas Production,
WM,Waste Management Inc. Common Stock,$155.17,0.72,0.466%,64331421032,1964863,Public Utilities,Environmental Services,
WMB,Williams Companies Inc. (The) Common Stock,$31.04,-0.03,-0.097%,37732000233,10979326,Public Utilities,Natural Gas Distribution,
WMC,Western Asset Mortgage Capital Corporation Common Stock,$1.72,0.01,0.585%,103853781,422568,Consumer Services,Real Estate Investment Trusts,
WMK,Weis Markets Inc. Common Stock,$75.42,1.78,2.417%,2028680571,69928,Consumer Services,Food Chains,
WMS,Advanced Drainage Systems Inc. Common Stock,$117.32,2.18,1.893%,8437632930,502842,Capital Goods,Building Products,
WMT,Walmart Inc. Common Stock,$145.78,1.73,1.201%,404376001607,7619176,Consumer Services,Department/Specialty Retail Stores,
WNC,Wabash National Corporation Common Stock,$16.01,0.27,1.715%,780575811,366656,Capital Goods,Construction/Ag Equipment/Trucks,
WOLF,Wolfspeed Inc. Common Stock,$91.54,5.08,5.876%,11312063281,1795235,Technology,Semiconductors,
WOR,Worthington Industries Inc. Common Stock,$58.47,0.99,1.722%,2978135128,137409,Consumer Durables,Aerospace,
WOW,WideOpenWest Inc. Common Stock,$17.64,-0.23,-1.287%,1541607987,246720,Consumer Services,Television Services,
WPC,W. P. Carey Inc. REIT,$79.72,0.42,0.53%,15204648180,905767,Consumer Services,Real Estate Investment Trusts,
WRB,W.R. Berkley Corporation Common Stock,$95.00,1.32,1.409%,37789054115,1069993,Finance,Property-Casualty Insurers,
WRB^E,W.R. Berkley Corporation 5.70% Subordinated Debentures due 2058,$24.64,0.23,0.942%,,12244,,,
WRB^F,W.R. Berkley Corporation 5.10% Subordinated Debentures due 2059,$23.53,-0.05,-0.212%,,19825,,,
WRB^G,W.R. Berkley Corporation 4.25% Subordinated Debentures due 2060,$21.02,0.01,0.048%,,1796,,,
WRB^H,W.R. Berkley Corporation 4.125% Subordinated Debentures due 2061,$21.62,0.12,0.558%,,1990,,,
WRE,Washington Real Estate Investment Trust Common Stock,$24.08,-0.01,-0.042%,2115972641,342728,Consumer Services,Real Estate Investment Trusts,
WSM,Williams-Sonoma Inc. Common Stock (DE),$148.51,3.89,2.69%,10834475617,1232016,Consumer Services,Other Specialty Stores,
WSO,Watsco Inc. Common Stock,$293.19,4.83,1.675%,11397539892,152935,Capital Goods,Wholesale Distributors,
WSO/B,Watsco Inc.,$273.00,0,0.00%,,5,,,
WSR,Whitestone REIT Common Shares,$12.80,0.01,0.078%,629045158,442490,Consumer Services,Real Estate Investment Trusts,
WST,West Pharmaceutical Services Inc. Common Stock,$385.43,15.41,4.165%,28630352848,524288,Health Care,Medical/Dental Instruments,
WTI,W&T Offshore Inc. Common Stock,$4.33,-0.23,-5.044%,619242497,5603692,Energy,Oil & Gas Production,
WTM,White Mountains Insurance Group Ltd. Common Stock,$1065.59,14.73,1.402%,3197674686,9348,Finance,Property-Casualty Insurers,
WTRG,Essential Utilities Inc. Common Stock,$47.54,0.93,1.995%,12021681256,967802,Public Utilities,Water Supply,
WTRU,Essential Utilities Inc. 6.00% TEU,$57.13,1.13,2.018%,0,11956,Public Utilities,Water Supply,
WTS,Watts Water Technologies Inc. Class A Common Stock,$143.93,2.38,1.681%,4836673376,145492,Capital Goods,Office Equipment/Supplies/Services,
WTTR,Select Energy Services Inc. Class A Common Stock,$8.04,-0.26,-3.133%,794729446,737090,Energy,Oil & Gas Production,
WU,Western Union Company (The) Common Stock,$17.53,0.11,0.631%,6898537829,4784701,Miscellaneous,Business Services,
WWE,World Wrestling Entertainment Inc. Class A Common Stock,$55.96,0,0.00%,4189461461,788258,Consumer Services,Movies/Entertainment,
WWW,Wolverine World Wide Inc. Common Stock,$22.52,0.1,0.446%,1839652382,532530,Consumer Non-Durables,Shoe Manufacturing,
WY,Weyerhaeuser Company Common Stock,$39.47,0.7,1.806%,29457684570,6602474,Consumer Services,Real Estate Investment Trusts,
X,United States Steel Corporation Common Stock,$32.05,-0.16,-0.497%,8362826948,18726206,Basic Industries,Steel/Iron Ore,
XFLT,XAI Octagon Floating Rate & Alternative Income Term Trust Common Shares of Beneficial Interest,$8.54,0.13,1.546%,264891073,175399,Finance,Investment Managers,
XFLT^A,XAI Octagon Floating Rate & Alternative Income Term Trust 6.50% Series 2026 Term Preferred Shares (Liquidation Preference $25.00),$25.71,0,0.00%,,513,,,
XHR,Xenia Hotels & Resorts Inc. Common Stock,$18.68,0.18,0.973%,2135508659,458961,Consumer Services,Real Estate Investment Trusts,
XOM,Exxon Mobil Corporation Common Stock,$77.22,-4.66,-5.691%,326918007367,47913696,Energy,Oil & Gas Production,
XPO,XPO Logistics Inc.,$70.97,1.92,2.781%,8146873191,1840991,Transportation,Oil Refining/Marketing,
XPOA,DPCM Capital Inc. Class A Common Stock,$9.85,-0.025,-0.253%,365695296,114754,,,
XYL,Xylem Inc. Common Stock New,$85.51,1.52,1.81%,15383346396,1094267,Capital Goods,Fluid Controls,
Y,Alleghany Corporation Common Stock,$672.20,21.86,3.361%,9094560821,73773,Finance,Property-Casualty Insurers,
YELP,Yelp Inc. Common Stock,$32.95,1.8,5.778%,2342902073,644928,Technology,Internet and Information Services,
YETI,YETI Holdings Inc. Common Stock,$58.76,3.26,5.874%,5154986713,920736,Consumer Services,Movies/Entertainment,
YEXT,Yext Inc. Common Stock,$6.05,0.24,4.131%,793499765,4268661,Technology,EDP Services,
YUM,Yum! Brands Inc.,$114.65,1.23,1.084%,33131669586,1670295,Consumer Services,Restaurants,
YUMC,Yum China Holdings Inc. Common Stock,$39.57,3.02,8.263%,16840588346,7767074,Consumer Services,Restaurants,
ZBH,Zimmer Biomet Holdings Inc. Common Stock,$119.20,1.51,1.283%,24933951444,1268976,Health Care,Industrial Specialties,
ZTR,Virtus Total Return Fund Inc.,$9.12,0.01,0.11%,224923113,56679,Finance,Investment Managers,
ZTS,Zoetis Inc. Class A Common Stock,$189.11,4.45,2.41%,89254356384,1261563,Health Care,Biotechnology: Pharmaceutical Preparations,
ZWS,Zurn Water Solutions Corporation Common Stock,$34.64,1.07,3.187%,4357104276,1255948,Public Utilities,Water Supply,
