Symbol,Name,LastSale,NetChange,Change,MarketCap,Volume,Sector,Industry,
AACI,Armada Acquisition Corp. I Common Stock,$9.86,0,0.00%,204195670,1,,,
AACIU,Armada Acquisition Corp. I Unit,$9.83,-0.01,-0.102%,0,3003,,,
AACIW,Armada Acquisition Corp. I Warrant,$0.3182,-0.0018,-0.563%,0,7942,,,
AADI,Aadi Bioscience Inc. Common Stock,$17.21,-0.21,-1.206%,359586239,86866,Health Care,Biotechnology: Pharmaceutical Preparations,
AAL,American Airlines Group Inc. Common Stock,$15.57,1.32,9.263%,10107423022,76269540,Transportation,Air Freight/Delivery Services,
AAME,Atlantic American Corporation Common Stock,$2.35,0.08,3.524%,47889654,15801,Finance,Life Insurance,
AAOI,Applied Optoelectronics Inc. Common Stock,$3.14,0.12,3.974%,86375748,144218,Technology,Semiconductors,
AAON,AAON Inc. Common Stock,$54.20,1.37,2.593%,2847089144,333904,Capital Goods,Industrial Machinery/Components,
AAPL,Apple Inc. Common Stock,$155.09,4.47,2.968%,2688848060600,92862517,Technology,Computer Manufacturing,
AATC,Autoscope Technologies Corporation Common Stock,$6.43,0.02,0.312%,34543362,10654,Capital Goods,Industrial Machinery/Components,
AAWW,Atlas Air Worldwide Holdings NEW Common Stock,$84.21,3.27,4.04%,2460254265,779815,Transportation,Transportation Services,
ABCB,Ameris Bancorp Common Stock,$47.25,0.18,0.382%,3292233053,366470,Finance,Major Banks,
ABEO,Abeona Therapeutics Inc. Common Stock,$0.2586,-0.022,-7.84%,37915393,1702689,Health Care,Biotechnology: Pharmaceutical Preparations,
ABGI,ABG Acquisition Corp. I Class A Ordinary Shares,$9.76,0,0.00%,188685688,108,Finance,Business Services,
ABIO,ARCA biopharma Inc. Common Stock,$2.16,0.06,2.857%,31125909,180328,Health Care,Biotechnology: In Vitro & In Vivo Diagnostic Substances,
ABMD,ABIOMED Inc. Common Stock,$289.64,12.09,4.356%,13183312168,242007,Health Care,Medical/Dental Instruments,
ABNB,Airbnb Inc. Class A Common Stock,$143.95,5.45,3.935%,85851637058,5485917,Transportation,Other Consumer Services,
ABOS,Acumen Pharmaceuticals Inc. Common Stock,$5.46,0.17,3.214%,220967964,148632,Health Care,Biotechnology: Pharmaceutical Preparations,
ABSI,Absci Corporation Common Stock,$8.13,0.65,8.69%,752768667,485913,Health Care,Biotechnology: Pharmaceutical Preparations,
ABTX,Allegiance Bancshares Inc. Common Stock,$44.58,-0.06,-0.134%,907971203,54368,Finance,Major Banks,
ABVC,ABVC BioPharma Inc. Common Stock,$2.21,-0.11,-4.741%,63226747,59172,Health Care,Biotechnology: Pharmaceutical Preparations,
ACAB,Atlantic Coastal Acquisition Corp. II Class A Common Stock,$9.88,0,0.00%,0,2,,,
ACABU,Atlantic Coastal Acquisition Corp. II Unit,$9.9596,-0.0204,-0.204%,0,62165,,,
ACAD,ACADIA Pharmaceuticals Inc. Common Stock,$23.05,0.78,3.502%,3715746391,1571578,Health Care,Biotechnology: Pharmaceutical Preparations,
ACAH,Atlantic Coastal Acquisition Corp. Class A Common Stock,$9.77,0.01,0.102%,421331250,166528,,,
ACAHU,Atlantic Coastal Acquisition Corp. Unit,$9.88,0.0437,0.444%,0,100,,,
ACAHW,Atlantic Coastal Acquisition Corp. Warrant,$0.2712,0.0012,0.444%,0,32355,,,
ACAXU,Alset Capital Acquisition Corp. Unit,$9.95,0,0.00%,0,17,,,
ACCD,Accolade Inc. Common Stock,$14.13,1.21,9.365%,946121909,698886,,,
ACER,Acer Therapeutics Inc. Common Stock (DE),$2.36,-0.01,-0.422%,33772176,27432,Health Care,Biotechnology: Biological Products (No Diagnostic Substances),
ACET,Adicet Bio Inc. Common Stock ,$12.97,0.68,5.533%,254080069,532657,Health Care,Biotechnology: Pharmaceutical Preparations,
ACEV,ACE Convergence Acquisition Corp. Class A Ordinary Shares,$10.04,0.01,0.10%,140080861,19328,Technology,Semiconductors,
ACEVW,ACE Convergence Acquisition Corp. Warrant,$0.55,0.0128,2.383%,0,5500,Technology,Semiconductors,
ACHC,Acadia Healthcare Company Inc. Common Stock,$64.34,0.11,0.171%,5784291463,365924,Health Care,Hospital/Nursing Management,
ACHV,Achieve Life Sciences Inc. Common Shares,$6.35,0.05,0.794%,60076302,34792,Health Care,Biotechnology: In Vitro & In Vivo Diagnostic Substances,
ACIW,ACI Worldwide Inc. Common Stock,$31.99,0.49,1.556%,3680886387,485310,Technology,EDP Services,
ACKIT,Ackrell SPAC Partners I Co. Subunits,$10.20,0,0.00%,0,45,,,
ACKIU,Ackrell SPAC Partners I Co. Units,$10.38,0,0.00%,0,21,,,
ACKIW,Ackrell SPAC Partners I Co. Warrants,$0.37,0.015,4.225%,0,1297,,,
ACLS,Axcelis Technologies Inc. Common Stock,$64.43,5.26,8.89%,2142379906,529177,Technology,Industrial Machinery/Components,
ACLX,Arcellx Inc. Common Stock,$17.02,0.67,4.098%,591973199,117507,Health Care,Biotechnology: Pharmaceutical Preparations,
ACMR,ACM Research Inc. Class A Common Stock,$47.30,1.23,2.67%,926077051,1141641,Technology,Industrial Machinery/Components,
ACNB,ACNB Corporation Common Stock,$32.60,-0.06,-0.184%,282942116,45586,Finance,Major Banks,
ACOR,Acorda Therapeutics Inc. Common Stock,$1.67,-0.12,-6.704%,18707744,156057,Health Care,Biotechnology: Biological Products (No Diagnostic Substances),
ACQR,Independence Holdings Corp. Class A Ordinary Share,$9.74,0,0.00%,602962229,16790,Finance,Business Services,
ACQRU,Independence Holdings Corp. Units,$9.80,0,0.00%,0,3802,Finance,Business Services,
ACQRW,Independence Holdings Corp. Warrant,$0.3936,-0.0374,-8.677%,0,77569,Finance,Business Services,
ACRS,Aclaris Therapeutics Inc. Common Stock,$15.20,0.8,5.556%,931380502,515523,Health Care,Biotechnology: Commercial Physical & Biological Resarch,
ACRX,AcelRx Pharmaceuticals Inc. Common Stock,$0.3078,-0.0121,-3.782%,45231001,900865,Consumer Durables,Specialty Chemicals,
ACT,Enact Holdings Inc. Common Stock,$21.25,0.01,0.047%,3460375585,90686,Finance,Specialty Insurers,
ACTD,ArcLight Clean Transition Corp. II Class A Ordinary Share,$9.91,0.04,0.405%,385453226,139188,,,
ACTDU,ArcLight Clean Transition Corp. II Unit,$10.09,0.02,0.199%,0,848,,,
ACTDW,ArcLight Clean Transition Corp. II Warrant,$1.15,-0.02,-1.709%,0,1019,Finance,Business Services,
ACTG,Acacia Research Corporation (Acacia Tech) Common Stock,$3.70,0.35,10.448%,183489852,283048,Miscellaneous,Multi-Sector Companies,
ACVA,ACV Auctions Inc. Class A Common Stock,$12.91,0.68,5.56%,2017401199,810348,Technology,EDP Services,
ACXP,Acurx Pharmaceuticals Inc. Common Stock,$3.73,0.01,0.269%,38104904,7540,Health Care,Biotechnology: Pharmaceutical Preparations,
ADAL,Anthemis Digital Acquisitions I Corp Class A Ordinary Shares,$9.91,-0.01,-0.101%,299158125,4059,,,
ADALU,Anthemis Digital Acquisitions I Corp Unit,$10.0502,0,0.00%,0,1,,,
ADALW,Anthemis Digital Acquisitions I Corp Warrant,$0.29,-0.04,-12.121%,0,5911,,,
ADBE,Adobe Inc. Common Stock,$421.66,10.16,2.469%,199171408390,3201111,Technology,Computer Software: Prepackaged Software,
ADER,26 Capital Acquisition Corp. Class A Common Stock,$9.80,-0.05,-0.508%,336875000,95993,,,
ADERU,26 Capital Acquisition Corp. Unit,$10.07,0,0.00%,0,55,,,
ADERW,26 Capital Acquisition Corp. Warrant,$0.50,0.03,6.383%,0,16206,,,
ADES,Advanced Emissions Solutions Inc. Common Stock,$5.82,-0.03,-0.513%,109654620,94841,Basic Industries,Industrial Specialties,
ADGI,Adagio Therapeutics Inc. Common Stock,$4.73,0.08,1.72%,526220352,793246,Health Care,Biotechnology: Pharmaceutical Preparations,
ADI,Analog Devices Inc. Common Stock,$150.92,5.29,3.632%,78978719420,3307862,Technology,Semiconductors,
ADIL,Adial Pharmaceuticals Inc Common Stock,$1.83,0.03,1.667%,43405700,69178,Health Care,Biotechnology: Pharmaceutical Preparations,
ADMA,ADMA Biologics Inc Common Stock,$1.55,-0.11,-6.627%,303511416,2276346,Health Care,Biotechnology: Pharmaceutical Preparations,
ADMP,Adamis Pharmaceuticals Corporation Common Stock,$0.5546,-0.0354,-6.00%,82572254,870884,Health Care,Biotechnology: Pharmaceutical Preparations,
ADN,Advent Technologies Holdings Inc. Class A Common Stock,$2.86,-0.03,-1.038%,58453275,358358,,,
ADNWW,Advent Technologies Holdings Inc. Warrant,$0.51,-0.05,-8.929%,0,25893,,,
ADOC,Edoc Acquisition Corp. Class A Ordinary Share,$10.14,0,0.00%,55539234,51,Finance,Business Services,
ADOCW,Edoc Acquisition Corp. Warrant,$0.0828,0.0027,3.371%,0,7500,Finance,Business Services,
ADP,Automatic Data Processing Inc. Common Stock,$212.31,5.31,2.565%,89179810212,2220155,Miscellaneous,Business Services,
ADPT,Adaptive Biotechnologies Corporation Common Stock,$10.75,0.63,6.225%,1522024990,2321800,Health Care,Biotechnology: Biological Products (No Diagnostic Substances),
ADSK,Autodesk Inc. Common Stock,$192.43,3.73,1.977%,42329484633,1696692,Technology,Computer Software: Prepackaged Software,
ADTH,AdTheorent Holding Company Inc. Common Stock,$9.46,0.25,2.714%,811138183,291093,Technology,Advertising,
ADTHW,AdTheorent Holding Company Inc. Warrants,$1.47,0.06,4.255%,0,87731,Technology,Advertising,
ADTN,ADTRAN Inc. Common Stock,$19.45,0.33,1.726%,955339810,333494,Capital Goods,Telecommunications Equipment,
ADTX,Aditxt Inc. Common Stock,$0.356,0.0111,3.218%,15664000,240175,Consumer Durables,Specialty Chemicals,
ADUS,Addus HomeCare Corporation Common Stock,$75.92,1.42,1.906%,1211075916,61757,Health Care,Medical/Nursing Services,
ADV,Advantage Solutions Inc. Class A Common Stock,$6.02,-0.08,-1.311%,1915064966,256961,Technology,Advertising,
ADVM,Adverum Biotechnologies Inc. Common Stock,$1.23,0,0.00%,120727071,674991,Health Care,Biotechnology: Pharmaceutical Preparations,
ADVWW,Advantage Solutions Inc. Warrant,$0.74,-0.0198,-2.606%,0,3467,Technology,Advertising,
AEAC,Authentic Equity Acquisition Corp. Class A ordinary share,$9.78,0,0.00%,293400000,53093,Finance,Business Services,
AEACU,Authentic Equity Acquisition Corp. Unit,$9.90,-0.02,-0.202%,0,105250,Finance,Business Services,
AEACW,Authentic Equity Acquisition Corp. Warrant,$0.27,-0.02,-6.897%,0,17986,Finance,Business Services,
AEAE,AltEnergy Acquisition Corp. Class A Common Stock,$9.935,0.015,0.151%,0,250001,,,
AEAEU,AltEnergy Acquisition Corp. Unit,$9.91,-0.07,-0.701%,0,5000,,,
AEAEW,AltEnergy Acquisition Corp. Warrant,$0.2665,-0.0329,-10.989%,0,3000,,,
AEHA,Aesther Healthcare Acquisition Corp Class A Common Stock,$10.06,0,0.00%,133043500,17620,,,
AEHAW,Aesther Healthcare Acquisition Corp Warrants,$0.25,0,0.00%,0,800,,,
AEHR,Aehr Test Systems Common Stock,$9.34,0.28,3.091%,250702589,811103,Capital Goods,Electrical Products,
AEI,Alset EHome International Inc. Common Stock,$0.4215,-0.0587,-12.224%,42389600,11786953,Consumer Services,Building operators,
AEIS,Advanced Energy Industries Inc. Common Stock,$82.74,4.32,5.509%,3116785600,140592,Consumer Durables,Electrical Products,
AEMD,Aethlon Medical Inc. Common Stock,$1.23,0.02,1.653%,18952124,53538,Miscellaneous,Diversified Commercial Services,
AEP,American Electric Power Company Inc. Common Stock,$96.11,1.37,1.446%,48459816762,3673650,Public Utilities,Electric Utilities: Central,
AEPPZ,American Electric Power Company Inc. Corporate Units,$55.43,0.66,1.205%,0,48331,Public Utilities,Electric Utilities: Central,
AERC,AeroClean Technologies Inc. Common Stock,$3.42,-0.28,-7.568%,47461515,147188,Public Utilities,Environmental Services,
AERI,Aerie Pharmaceuticals Inc. Common Stock,$8.23,-0.03,-0.363%,398265123,694188,Health Care,Biotechnology: Biological Products (No Diagnostic Substances),
AESE,Allied Esports Entertainment Inc. Common Stock,$1.63,-0.05,-2.976%,63801308,329992,Consumer Services,Television Services,
AEY,ADDvantage Technologies Group Inc. Common Stock,$1.17,0.01,0.862%,15244079,23948,Capital Goods,Recreational Products/Toys,
AEYE,AudioEye Inc. Common Stock,$6.20,0.27,4.553%,70897000,104419,Technology,EDP Services,
AFAC,Arena Fortify Acquisition Corp. Class A Common Stock,$9.96,0,0.00%,214762500,166,Consumer Services,Other Pharmaceuticals,
AFACU,Arena Fortify Acquisition Corp. Unit,$10.15,0,0.00%,0,9,Consumer Services,Other Pharmaceuticals,
AFACW,Arena Fortify Acquisition Corp. Warrant,$0.219,0,0.00%,0,1,Consumer Services,Other Pharmaceuticals,
AFAQ,AF Acquisition Corp. Class A Common Stock,$9.70,-0.02,-0.206%,271600000,12151,,,
AFAQU,AF Acquisition Corp. Units,$9.77,0,0.00%,0,5091,,,
AFAQW,AF Acquisition Corp. Warrants,$0.2001,-0.0032,-1.574%,0,7275,,,
AFBI,Affinity Bancshares Inc. Common Stock (MD),$14.91,0.1,0.675%,102470973,6044,Finance,Major Banks,
AFCG,AFC Gamma Inc. Common Stock,$19.41,0.11,0.57%,383210465,84928,Consumer Services,Real Estate Investment Trusts,
AFIB,Acutus Medical Inc. Common Stock,$1.57,-0.08,-4.848%,43886128,319633,Health Care,Biotechnology: Electromedical & Electrotherapeutic Apparatus,
AFRM,Affirm Holdings Inc. Class A Common Stock,$28.33,2.11,8.047%,8058666102,11406418,Technology,EDP Services,
AGEN,Agenus Inc. Common Stock,$2.66,0.04,1.527%,684029268,3991546,Health Care,Biotechnology: Biological Products (No Diagnostic Substances),
AGFS,AgroFresh Solutions Inc. Common Stock,$1.98,-0.03,-1.493%,103786432,35499,,,
AGFY,Agrify Corporation Common Stock,$4.62,-0.52,-10.117%,114563720,2202545,Consumer Services,Military/Government/Technical,
AGGR,Agile Growth Corp. Class A Ordinary Share,$9.73,0,0.00%,377037500,15765,Finance,Business Services,
AGGRU,Agile Growth Corp. Units,$9.84,-0.02,-0.203%,0,6696,Finance,Business Services,
AGGRW,Agile Growth Corp. Warrant.,$0.4189,-0.0311,-6.911%,0,2196,Finance,Business Services,
AGIL,AgileThought Inc. Class A Common Stock,$5.02,-0.08,-1.569%,252406825,45994,Technology,EDP Services,
AGILW,AgileThought Inc. Warrant,$0.3906,-0.0094,-2.35%,0,19700,Technology,EDP Services,
AGIO,Agios Pharmaceuticals Inc. Common Stock,$27.18,0.5,1.874%,1485047277,527818,Health Care,Biotechnology: Pharmaceutical Preparations,
AGLE,Aeglea BioTherapeutics Inc. Common Stock,$1.87,-0.02,-1.058%,92307090,372534,Health Care,Biotechnology: Pharmaceutical Preparations,
AGNC,AGNC Investment Corp. Common Stock,$12.90,0.13,1.018%,6736686917,9104762,Consumer Services,Real Estate Investment Trusts,
AGNCM,AGNC Investment Corp. Depositary Shares rep 6.875% Series D Fixed-to-Floating Cumulative Redeemable Preferred Stock,$24.49,0.11,0.451%,0,3659,Consumer Services,Real Estate Investment Trusts,
AGNCN,AGNC Investment Corp. Depositary Shares Each Representing a 1/1000th Interest in a Share of 7.00% Series C Fixed-To-Floating Rate Cumulative Redeemable Preferred Stock,$24.44,0.29,1.201%,0,19851,Consumer Services,Real Estate Investment Trusts,
AGNCO,AGNC Investment Corp. Depositary Shares each representing a 1/1000th interest in a share of 6.50% Series E Fixed-to-Floating Cumulative Redeemable Preferred Stock,$24.02,0.12,0.502%,0,16412,Consumer Services,Real Estate Investment Trusts,
AGNCP,AGNC Investment Corp. Depositary Shares Each Representing a 1/1000th Interest in a Share of 6.125% Series F Fixed-to-Floating Rate Cumulative Redeemable Preferred Stock,$23.19,0.16,0.695%,0,21384,Consumer Services,Real Estate Investment Trusts,
AGRX,Agile Therapeutics Inc. Common Stock,$0.2401,0.0027,1.137%,29147188,1121489,Health Care,Biotechnology: Pharmaceutical Preparations,
AGTC,Applied Genetic Technologies Corporation Common Stock,$1.62,0.03,1.887%,69532537,149205,Health Care,Biotechnology: Biological Products (No Diagnostic Substances),
AGYS,Agilysys Inc. Common Stock (DE),$38.40,0.45,1.186%,949030349,75940,Technology,Computer Software: Prepackaged Software,
AHCO,AdaptHealth Corp. Common Stock,$16.05,0.71,4.628%,2149232966,594762,Health Care,Biotechnology: Electromedical & Electrotherapeutic Apparatus,
AHPA,Avista Public Acquisition Corp. II Class A Ordinary Shares,$10.01,0,0.00%,287787500,17489,,,
AHPAU,Avista Public Acquisition Corp. II Unit,$10.03,-0.05,-0.496%,0,207,,,
AHPAW,Avista Public Acquisition Corp. II Warrant,$0.3688,0.0622,20.287%,0,2700,,,
AHPI,Allied Healthcare Products Inc. Common Stock,$3.35,0.57,20.504%,13445349,693162,Health Care,Industrial Specialties,
AIB,AIB Acquisition Corporation Class A Ordinary Shares,$9.88,0,0.00%,111171983,247568,,,
AIBBR,AIB Acquisition Corporation Right,$0.15,-0.0474,-24.012%,0,2400,,,
AIBBU,AIB Acquisition Corporation Unit,$9.99,-0.058,-0.577%,0,187500,,,
AIKI,AIkido Pharma Inc. Common Stock,$0.3769,-0.0047,-1.232%,33800824,419681,Consumer Durables,Specialty Chemicals,
AIMC,Altra Industrial Motion Corp. Common Stock,$38.85,0.24,0.622%,2527545918,300970,Capital Goods,Industrial Machinery/Components,
AINV,Apollo Investment Corporation Common Stock,$13.12,-0.11,-0.831%,835051789,427190,Finance,Finance/Investors Services,
AIP,Arteris Inc. Common Stock,$12.72,0.81,6.801%,402069317,43509,Technology,Semiconductors,
AIRG,Airgain Inc. Common Stock,$7.62,0.1,1.33%,76939140,33574,Technology,Radio And Television Broadcasting And Communications Equipment,
AIRS,AirSculpt Technologies Inc. Common Stock,$12.50,0.66,5.574%,695501925,262896,Health Care,Hospital/Nursing Management,
AIRT,Air T Inc. Common Stock,$20.91,0.51,2.50%,60157087,26789,Transportation,Air Freight/Delivery Services,
AIRTP,Air T Inc. Air T Funding Alpha Income Trust Preferred Securities,$23.3899,0.3699,1.607%,0,298,Transportation,Air Freight/Delivery Services,
AKAM,Akamai Technologies Inc. Common Stock,$110.43,2.35,2.174%,17707081222,1522511,Miscellaneous,Business Services,
AKBA,Akebia Therapeutics Inc. Common Stock,$2.30,-0.09,-3.766%,416831463,6122293,Health Care,Biotechnology: Pharmaceutical Preparations,
AKIC,Sports Ventures Acquisition Corp. Class A Ordinary Shares,$9.835,0.005,0.051%,289247350,399,Finance,Business Services,
AKICU,Sports Ventures Acquisition Corp. Unit,$10.11,0,0.00%,0,3,Finance,Business Services,
AKICW,Sports Ventures Acquisition Corp. Warrant,$1.10,0,0.00%,0,500,Finance,Business Services,
AKRO,Akero Therapeutics Inc. Common Stock,$12.97,-0.25,-1.891%,454117767,152210,Health Care,Biotechnology: Pharmaceutical Preparations,
AKTS,Akoustis Technologies Inc. Common Stock,$5.30,-0.07,-1.304%,289763540,493263,Public Utilities,Telecommunications Equipment,
AKU,Akumin Inc. Common Shares,$0.93,0.0101,1.098%,82795107,76320,,,
AKUS,Akouos Inc. Common Stock,$4.16,-0.09,-2.118%,143494607,89225,Consumer Durables,Specialty Chemicals,
AKYA,Akoya BioSciences Inc. Common Stock,$11.19,0.45,4.19%,416355539,66736,Capital Goods,Medical Specialities,
ALBO,Albireo Pharma Inc. Common Stock,$29.67,-0.62,-2.047%,574467514,222692,Health Care,Biotechnology: Pharmaceutical Preparations,
ALCO,Alico Inc. Common Stock,$34.04,0.2,0.591%,256845859,48662,,,
ALDX,Aldeyra Therapeutics Inc. Common Stock,$3.85,0.1,2.667%,223654604,868145,Health Care,Biotechnology: Pharmaceutical Preparations,
ALEC,Alector Inc. Common Stock,$13.02,-0.49,-3.627%,1068157857,666467,Health Care,Biotechnology: Pharmaceutical Preparations,
ALF,ALFI Inc. Common Stock,$1.52,0.04,2.703%,24584972,146328,Technology,EDP Services,
ALFIW,ALFI Inc. Warrant,$0.43,0.0399,10.228%,0,3191,Technology,EDP Services,
ALGM,Allegro MicroSystems Inc. Common Stock,$25.91,0.83,3.309%,4920666662,425086,Technology,Semiconductors,
ALGN,Align Technology Inc. Common Stock,$390.73,12.64,3.343%,30787763371,1708625,Health Care,Industrial Specialties,
ALGS,Aligos Therapeutics Inc. Common Stock,$2.36,-0.09,-3.673%,100758156,160150,Health Care,Biotechnology: Pharmaceutical Preparations,
ALGT,Allegiant Travel Company Common Stock,$148.41,6.85,4.839%,2688006075,281554,Transportation,Air Freight/Delivery Services,
ALHC,Alignment Healthcare Inc. Common Stock,$8.69,0.51,6.235%,1625612630,312095,Health Care,Medical Specialities,
ALIM,Alimera Sciences Inc. Common Stock,$5.25,0.13,2.539%,36425309,29051,Health Care,Biotechnology: Pharmaceutical Preparations,
ALJJ,ALJ Regional Holdings Inc. Common Stock,$2.53,0.09,3.689%,107294340,49993,Miscellaneous,Business Services,
ALKT,Alkami Technology Inc. Common Stock,$12.99,0.31,2.445%,1171972206,277508,Technology,EDP Services,
ALLK,Allakos Inc. Common Stock,$5.08,-0.02,-0.392%,277830341,952336,Health Care,Biotechnology: Pharmaceutical Preparations,
ALLO,Allogene Therapeutics Inc. Common Stock,$7.80,0.15,1.961%,1113465616,1602986,Health Care,Biotechnology: Biological Products (No Diagnostic Substances),
ALLR,Allarity Therapeutics Inc. Common Stock,$2.32,0.04,1.754%,18735912,89251,Health Care,Biotechnology: Pharmaceutical Preparations,
ALNA,Allena Pharmaceuticals Inc. Common Stock,$0.4349,0.0148,3.523%,37128976,374358,Health Care,Biotechnology: Pharmaceutical Preparations,
ALNY,Alnylam Pharmaceuticals Inc. Common Stock,$152.92,1.12,0.738%,18382589354,593433,Health Care,Biotechnology: Pharmaceutical Preparations,
ALORU,ALSP Orchid Acquisition Corporation I Unit,$10.00,0,0.00%,0,2500,,,
ALORW,ALSP Orchid Acquisition Corporation I Warrant,$0.20,-0.038,-15.966%,0,2800,,,
ALOT,AstroNova Inc. Common Stock,$14.52,-0.18,-1.224%,105363189,6490,Technology,Computer peripheral equipment,
ALPA,Alpha Healthcare Acquisition Corp. III Class A Common Stock,$9.67,0,0.00%,191166336,2,,,
ALPAW,Alpha Healthcare Acquisition Corp. III Warrant,$0.71,0,0.00%,0,736,,,
ALPN,Alpine Immune Sciences Inc. Common Stock,$7.66,0.1,1.323%,223826548,95829,Health Care,Biotechnology: Pharmaceutical Preparations,
ALPP,Alpine 4 Holdings Inc. Class A Common Stock,$1.27,0.01,0.794%,232742115,1481922,Capital Goods,Metal Fabrications,
ALR,AlerisLife Inc. Common Stock,$2.40,0,0.00%,78285070,17303,Health Care,Hospital/Nursing Management,
ALRM,Alarm.com Holdings Inc. Common Stock,$63.57,0.83,1.323%,3198770566,225871,Technology,Computer Software: Prepackaged Software,
ALRN,Aileron Therapeutics Inc. Common Stock,$0.4031,0.0331,8.946%,36510217,353987,Health Care,Biotechnology: Pharmaceutical Preparations,
ALRS,Alerus Financial Corporation Common Stock,$28.72,0.18,0.631%,494345527,17300,Finance,Commercial Banks,
ALSA,Alpha Star Acquisition Corporation Ordinary Shares,$9.87,0,0.00%,145138350,3143,,,
ALSAR,Alpha Star Acquisition Corporation Rights,$0.19,-0.01,-5.00%,0,25000,,,
ALSAU,Alpha Star Acquisition Corporation Units,$10.11,-0.01,-0.099%,0,270,,,
ALSAW,Alpha Star Acquisition Corporation Warrants,$0.07,-0.0101,-12.609%,0,81408,,,
ALT,Altimmune Inc. Common Stock,$5.90,-0.53,-8.243%,234457888,1517429,Health Care,Biotechnology: Pharmaceutical Preparations,
ALTO,Alto Ingredients Inc. Common Stock,$5.47,-0.08,-1.441%,398101130,2342406,Basic Industries,Industrial Specialties,
ALTR,Altair Engineering Inc. Class A Common Stock,$59.52,0.11,0.185%,4721000813,339345,Technology,Computer Software: Prepackaged Software,
ALTU,Altitude Acquisition Corp. Class A Common Stock,$9.93,0,0.00%,372375000,307684,,,
ALTUU,Altitude Acquisition Corp. Unit,$9.98,0,0.00%,0,57,,,
ALTUW,Altitude Acquisition Corp. Warrant,$0.1242,0.0066,5.612%,0,80160,,,
ALVR,AlloVir Inc. Common Stock,$7.43,0.35,4.944%,465633441,229155,Health Care,Biotechnology: Pharmaceutical Preparations,
ALXO,ALX Oncology Holdings Inc. Common Stock,$16.60,0.81,5.13%,674472691,520404,Health Care,Biotechnology: Pharmaceutical Preparations,
ALZN,Alzamend Neuro Inc. Common Stock,$0.9101,-0.0413,-4.341%,80862711,410926,Consumer Durables,Specialty Chemicals,
AMAL,Amalgamated Financial Corp. Common Stock (DE),$18.15,-0.22,-1.198%,565012095,132925,Finance,Commercial Banks,
AMAO,American Acquisition Opportunity Inc. Class A Common Stock,$10.07,-0.03,-0.297%,163209545,100,,,
AMAOU,American Acquisition Opportunity Inc. Units,$10.15,0.07,0.694%,0,100,,,
AMAOW,American Acquisition Opportunity Inc. Warrant,$0.18,-0.0149,-7.645%,0,50800,,,
AMAT,Applied Materials Inc. Common Stock,$124.41,4.28,3.563%,109903127038,6872551,Capital Goods,Industrial Machinery/Components,
AMBA,Ambarella Inc. Ordinary Shares,$87.81,5.75,7.007%,3249242211,772735,Technology,Semiconductors,
AMCI,AMCI Acquisition Corp. II Class A Common Stock,$9.74,-0.03,-0.307%,182625000,28721,,,
AMCIU,AMCI Acquisition Corp. II Units,$9.9722,0.0022,0.022%,0,1727,,,
AMCIW,AMCI Acquisition Corp. II Warrant,$0.48,0.03,6.667%,0,131077,,,
AMCX,AMC Networks Inc. Class A Common Stock,$38.81,-2.38,-5.778%,1644616441,858828,Consumer Services,Broadcasting,
AMD,Advanced Micro Devices Inc. Common Stock,$109.33,7.08,6.924%,177919812717,112349729,Technology,Semiconductors,
AMED,Amedisys Inc Common Stock,$151.63,8.31,5.798%,4931874772,270807,Health Care,Medical/Nursing Services,
AMEH,Apollo Medical Holdings Inc. Common Stock,$39.91,3.63,10.006%,1797170368,625471,Health Care,Managed Health Care,
AMGN,Amgen Inc. Common Stock,$231.56,2.35,1.025%,128985720917,3177806,Health Care,Biotechnology: Pharmaceutical Preparations,
AMKR,Amkor Technology Inc. Common Stock,$21.48,0.56,2.677%,5254298109,593801,Technology,Semiconductors,
AMLX,Amylyx Pharmaceuticals Inc. Common Stock,$23.24,-1.61,-6.479%,1312270142,441270,Health Care,Biotechnology: Pharmaceutical Preparations,
AMNB,American National Bankshares Inc. Common Stock,$37.44,-0.14,-0.373%,403115244,16815,Finance,Major Banks,
AMOT,Allied Motion Technologies Inc.,$30.18,0.73,2.479%,466648713,35591,Capital Goods,Electrical Products,
AMPG,Amplitech Group Inc. Common Stock,$3.29,-0.03,-0.904%,31525152,29742,Capital Goods,Industrial Machinery/Components,
AMPH,Amphastar Pharmaceuticals Inc. Common Stock,$34.74,-0.07,-0.201%,1657616043,657668,Health Care,Biotechnology: Pharmaceutical Preparations,
AMPL,Amplitude Inc. Class A Common Stock,$15.71,0.27,1.749%,1729200768,1533329,Technology,EDP Services,
AMRK,A-Mark Precious Metals Inc. Common Stock,$69.22,-0.2,-0.288%,789774519,150564,Finance,Investment Bankers/Brokers/Service,
AMRS,Amyris Inc. Common Stock,$3.96,0.04,1.02%,1234167502,4200427,Basic Industries,Industrial Specialties,
AMSC,American Superconductor Corporation Common Stock,$7.94,0.54,7.297%,225954527,292130,Capital Goods,Office Equipment/Supplies/Services,
AMSF,AMERISAFE Inc. Common Stock,$47.72,-0.24,-0.50%,924052657,92234,Finance,Accident &Health Insurance,
AMST,Amesite Inc. Common Stock,$0.5312,0.0107,2.056%,13672917,17442,Technology,Computer Software: Prepackaged Software,
AMSWA,American Software Inc. Class A Common Stock,$20.62,0.42,2.079%,691958743,59956,Technology,Computer Software: Prepackaged Software,
AMTB,Amerant Bancorp Inc. Class A Common Stock,$31.73,0.52,1.666%,1098940818,128942,Finance,Major Banks,
AMTI,Applied Molecular Transport Inc. Common Stock,$6.13,0.37,6.424%,236945293,805517,Consumer Durables,Specialty Chemicals,
AMTX,Aemetis Inc. (DE) Common Stock,$10.78,-0.81,-6.989%,364648506,1120872,Energy,Oilfield Services/Equipment,
AMWD,American Woodmark Corporation Common Stock,$58.04,1.79,3.182%,961758727,77896,Consumer Durables,Building Products,
AMZN,Amazon.com Inc. Common Stock,$2947.33,110.27,3.887%,1499732394925,3775560,Consumer Services,Catalog/Specialty Distribution,
ANAB,AnaptysBio Inc. Common Stock,$26.53,-1.91,-6.716%,734149515,376235,Health Care,Biotechnology: Pharmaceutical Preparations,
ANAT,American National Group Inc. Common Stock,$188.81,-0.11,-0.058%,5076572232,51179,Finance,Life Insurance,
ANDE,Andersons Inc. (The) Common Stock,$42.79,-0.94,-2.15%,1454336208,225921,Consumer Non-Durables,Farming/Seeds/Milling,
ANEB,Anebulo Pharmaceuticals Inc. Common Stock,$6.77,-0.9308,-12.087%,158042719,2810,Health Care,Biotechnology: Pharmaceutical Preparations,
ANGI,Angi Inc. Class A Common Stock,$5.70,0.11,1.968%,2859271392,1006608,Technology,EDP Services,
ANGN,Angion Biomedica Corp. Common Stock,$1.76,0.04,2.326%,52723410,57844,Health Care,Biotechnology: Pharmaceutical Preparations,
ANGO,AngioDynamics Inc. Common Stock,$22.66,-0.17,-0.745%,877321328,152612,Health Care,Medical/Dental Instruments,
ANIK,Anika Therapeutics Inc. Common Stock,$25.36,-0.09,-0.354%,366116563,72161,Health Care,Biotechnology: Electromedical & Electrotherapeutic Apparatus,
ANIP,ANI Pharmaceuticals Inc.,$29.01,-6.65,-18.648%,485987588,1093115,Health Care,Biotechnology: Biological Products (No Diagnostic Substances),
ANIX,Anixa Biosciences Inc. Common Stock,$2.50,-0.02,-0.794%,75330798,107327,Health Care,Biotechnology: Pharmaceutical Preparations,
ANNX,Annexon Inc. Common Stock,$3.60,-0.09,-2.439%,138828834,376428,Health Care,Biotechnology: Pharmaceutical Preparations,
ANSS,ANSYS Inc. Common Stock,$298.09,8.15,2.811%,26002388017,599405,Technology,Computer Software: Prepackaged Software,
ANZU,Anzu Special Acquisition Corp I Class A Common Stock,$9.75,-0.01,-0.102%,517968750,321,,,
ANZUU,Anzu Special Acquisition Corp I Units,$9.85,0.0065,0.066%,0,202,,,
ANZUW,Anzu Special Acquisition Corp I Warrant,$0.235,0.005,2.174%,0,1901,,,
AOGO,Arogo Capital Acquisition Corp. Class A Common Stock,$9.89,-0.03,-0.302%,132784624,14477,,,
AOGOU,Arogo Capital Acquisition Corp. Unit,$10.07,0,0.00%,0,5034,,,
AOUT,American Outdoor Brands Inc. Common Stock ,$13.72,0.31,2.312%,183191484,320666,,,
APA,APA Corporation Common Stock,$36.70,-0.88,-2.342%,12726693109,11129043,Energy,Oil & Gas Production,
APAC,StoneBridge Acquisition Corporation Class A Ordinary Shares,$9.93,0,0.00%,248250000,9,,,
APACW,StoneBridge Acquisition Corporation Warrant,$0.2977,0.0177,6.321%,0,200,,,
APCX,AppTech Payments Corp. Common Stock,$1.26,-0.06,-4.545%,19593236,90076,Technology,EDP Services,
APCXW,AppTech Payments Corp. Warrant,$0.18,-0.02,-10.00%,0,37291,Technology,EDP Services,
APDN,Applied DNA Sciences Inc. Common Stock,$2.08,0.03,1.463%,17127386,51157,Health Care,Biotechnology: In Vitro & In Vivo Diagnostic Substances,
APEI,American Public Education Inc. Common Stock,$22.22,-0.37,-1.638%,418984986,80862,Miscellaneous,Other Consumer Services,
APEN,Apollo Endosurgery Inc. Common Stock,$5.79,-0.11,-1.864%,229419098,57226,Health Care,Industrial Specialties,
APLS,Apellis Pharmaceuticals Inc. Common Stock,$40.05,0.61,1.547%,3914140688,1087192,Health Care,Biotechnology: Pharmaceutical Preparations,
APLT,Applied Therapeutics Inc. Common Stock,$1.52,0.04,2.703%,39847581,260413,Health Care,Biotechnology: Pharmaceutical Preparations,
APMI,AxonPrime Infrastructure Acquisition Corporation Class A Common Stock,$9.61,-0.01,-0.104%,180187500,249,,,
APOG,Apogee Enterprises Inc. Common Stock,$46.80,0.3,0.645%,1163704464,153664,,,
APP,Applovin Corporation Class A Common Stock,$45.96,1.91,4.336%,17239106986,2108573,Technology,EDP Services,
APPF,AppFolio Inc. Class A Common Stock,$109.45,-0.99,-0.896%,3813235264,135022,Technology,EDP Services,
APPH,AppHarvest Inc. Common Stock,$5.22,0.52,11.064%,529164179,1708427,,Farming/Seeds/Milling,
APPHW,AppHarvest Inc. Warrants,$0.92,0.1201,15.014%,0,55608,,Farming/Seeds/Milling,
APPN,Appian Corporation Class A Common Stock,$48.76,1.07,2.244%,3522100633,488744,Technology,EDP Services,
APPS,Digital Turbine Inc. Common Stock,$32.58,1.07,3.396%,3158994528,3479289,Technology,Computer Software: Prepackaged Software,
APR,Apria Inc. Common Stock,$37.39,-0.07,-0.187%,1332760082,122521,Health Care,Medical/Dental Instruments,
APRE,Aprea Therapeutics Inc. Common stock,$1.74,0.09,5.455%,37349344,184945,Health Care,Biotechnology: Biological Products (No Diagnostic Substances),
APTM,Alpha Partners Technology Merger Corp. Class A Ordinary Shares,$9.65,0,0.00%,349112875,50100,,,
APTMU,Alpha Partners Technology Merger Corp. Unit,$9.80,0,0.00%,0,10,,,
APTMW,Alpha Partners Technology Merger Corp. Warrant,$0.47,-0.005,-1.053%,0,31067,,,
APTX,Aptinyx Inc. Common Stock,$2.86,0.05,1.779%,193666953,120227,Health Care,Biotechnology: Pharmaceutical Preparations,
APVO,Aptevo Therapeutics Inc. Common Stock,$4.48,0,0.00%,22432440,46885,Health Care,Biotechnology: Pharmaceutical Preparations,
APYX,Apyx Medical Corporation Common Stock,$5.87,-0.01,-0.17%,201597813,319878,Health Care,Medical/Dental Instruments,
AQB,AquaBounty Technologies Inc. Common Stock,$1.57,0.09,6.081%,111510409,1813932,,,
AQMS,Aqua Metals Inc. Common Stock,$1.16,0.02,1.754%,82724031,1093687,Public Utilities,Environmental Services,
AQST,Aquestive Therapeutics Inc. Common Stock,$2.52,0.17,7.234%,103896415,241236,Health Care,Biotechnology: Pharmaceutical Preparations,
ARAV,Aravive Inc. Common Stock,$1.95,-0.06,-2.985%,41101143,42120,Health Care,Biotechnology: Pharmaceutical Preparations,
ARAY,Accuray Incorporated Common Stock,$3.34,0.08,2.454%,303669380,422949,Health Care,Medical/Dental Instruments,
ARBG,Aequi Acquisition Corp. Class A Common Stock,$9.82,0.01,0.102%,282325000,41543,,,
ARBGW,Aequi Acquisition Corp. warrants,$0.1925,0.0024,1.262%,0,1133,,,
ARCB,ArcBest Corporation Common Stock,$84.00,2.07,2.527%,2066211672,280233,Transportation,Trucking Freight/Courier Services,
ARCC,Ares Capital Corporation Common Stock,$19.70,-0.03,-0.152%,9433995376,4490671,Finance,Finance/Investors Services,
ARCK,Arbor Rapha Capital Bioholdings Corp. I Class A Common Stock,$10.00,-0.03,-0.299%,215625000,753480,,,
ARDS,Aridis Pharmaceuticals Inc. Common Stock,$1.52,0.04,2.703%,21362135,131331,Health Care,Biotechnology: Pharmaceutical Preparations,
ARDX,Ardelyx Inc. Common Stock,$0.9194,0.0127,1.401%,119792537,2195594,Health Care,Biotechnology: Pharmaceutical Preparations,
AREB,American Rebel Holdings Inc. Common Stock,$1.44,-0.01,-0.69%,6573956,188888,Consumer Durables,Apparel,
AREBW,American Rebel Holdings Inc. Warrants,$0.3213,-0.0187,-5.50%,0,6563,Consumer Durables,Apparel,
AREC,American Resources Corporation Class A Common Stock,$1.99,-0.02,-0.995%,122845468,905559,,,
ARGU,Argus Capital Corp. Class A Common Stock,$9.93,-0.01,-0.101%,378270938,76328,,,
ARGUW,Argus Capital Corp. Warrant,$0.4894,0.0013,0.266%,0,17300,,,
ARHS,Arhaus Inc. Class A Common Stock,$6.57,0.27,4.286%,899737795,167090,Consumer Durables,Wholesale Distributors,
ARIZ,Arisz Acquisition Corp. Common Stock,$9.80,0.02,0.204%,87233612,100,,,
ARIZR,Arisz Acquisition Corp. Right,$0.16,0,0.00%,0,87,,,
ARIZW,Arisz Acquisition Corp. Warrant,$0.3119,0.002,0.645%,0,3590,,,
ARKO,ARKO Corp. Common Stock,$8.29,0.06,0.729%,1033003089,487158,Consumer Services,Food Chains,
ARKOW,ARKO Corp. Warrant,$1.60,0.03,1.911%,0,8100,Consumer Services,Food Chains,
ARKR,Ark Restaurants Corp. Common Stock,$17.75,0.35,2.011%,63040297,9223,Consumer Services,Restaurants,
ARLP,Alliance Resource Partners L.P. Common Units representing Limited Partners Interests,$14.18,0.07,0.496%,1803628205,606908,Energy,Coal Mining,
AROW,Arrow Financial Corporation Common Stock,$34.14,-0.16,-0.466%,547630522,20212,Finance,Major Banks,
ARQT,Arcutis Biotherapeutics Inc. Common Stock,$15.98,0.24,1.525%,805076459,109706,Health Care,Biotechnology: Pharmaceutical Preparations,
ARRW,Arrowroot Acquisition Corp. Class A common stock,$9.76,0.01,0.103%,350750000,13007,,,
ARRWU,Arrowroot Acquisition Corp. Unit,$9.82,0,0.00%,0,13820,,,
ARRWW,Arrowroot Acquisition Corp. Warrant,$0.2004,0.0293,17.124%,0,600,,,
ARRY,Array Technologies Inc. Common Stock,$10.79,0.59,5.784%,1606865575,2660058,Technology,Semiconductors,
ARTE,Artemis Strategic Investment Corporation Class A Common Stock,$9.87,0,0.00%,248292188,27,,,
ARTEU,Artemis Strategic Investment Corporation Unit,$10.01,0,0.00%,0,5,,,
ARTEW,Artemis Strategic Investment Corporation Warrant,$0.35,0.01,2.941%,0,3000,,,
ARTL,Artelo Biosciences Inc. Common Stock,$0.40,0.0115,2.96%,16920405,284612,Health Care,Biotechnology: Pharmaceutical Preparations,
ARTLW,Artelo Biosciences Inc. Warrant,$0.1308,0,0.00%,0,25,Health Care,Biotechnology: Pharmaceutical Preparations,
ARTNA,Artesian Resources Corporation Class A Common Stock,$47.10,-0.44,-0.926%,443036212,18992,Public Utilities,Water Supply,
ARTW,Art's-Way Manufacturing Co. Inc. Common Stock,$5.60,-0.75,-11.811%,25921314,289878,Capital Goods,Industrial Machinery/Components,
ARVN,Arvinas Inc. Common Stock,$60.27,-3.65,-5.71%,3197117136,943967,Health Care,Biotechnology: Pharmaceutical Preparations,
ARWR,Arrowhead Pharmaceuticals Inc. Common Stock,$40.72,1.1,2.776%,4294319636,663131,Health Care,Biotechnology: Pharmaceutical Preparations,
ARYD,ARYA Sciences Acquisition Corp IV Class A Odinary Shares,$9.76,-0.025,-0.255%,187260240,99937,Finance,Business Services,
ARYE,ARYA Sciences Acquisition Corp V Class A Ordinary Shares,$9.66,-0.02,-0.207%,185341590,808,,,
ASAX,Astrea Acquisition Corp. Class A Common Stock,$9.79,0.04,0.41%,215747125,30329,,,
ASAXW,Astrea Acquisition Corp. Warrant,$0.15,-0.04,-21.053%,0,15497,,,
ASLE,AerSale Corporation Common Stock,$15.22,0.87,6.063%,786464567,268155,Transportation,Aerospace,
ASMB,Assembly Biosciences Inc. Common Stock,$1.48,0.02,1.37%,70835282,299266,Health Care,Biotechnology: Pharmaceutical Preparations,
ASO,Academy Sports and Outdoors Inc. Common Stock,$35.80,1.38,4.009%,3169552785,23329181,Consumer Non-Durables,Recreational Products/Toys,
ASPA,ABRI SPAC I INC. Common Stock,$9.885,0,0.00%,73761850,201,,,
ASPAU,Abri SPAC I Inc. Unit,$10.41,0,0.00%,0,8,,,
ASPAW,ABRI SPAC I INC. Warrant,$0.33,-0.01,-2.941%,0,800,,,
ASPC,Alpha Capital Acquisition Company One Class A Ordinary Share,$9.88,-0.02,-0.202%,284050000,38133,Finance,Business Services,
ASPCU,Alpha Capital Acquisition Company Unit,$10.205,0.0501,0.493%,0,134,Finance,Business Services,
ASPCW,Alpha Capital Acquisition Company Warrant,$0.55,0.0301,5.79%,0,26677,Finance,Business Services,
ASPU,Aspen Group Inc. Common Stock,$0.9176,-0.0824,-8.24%,22971543,425028,Miscellaneous,Other Consumer Services,
ASRT,Assertio Holdings Inc. Common Stock,$2.35,0.18,8.295%,106529737,685095,Health Care,Biotechnology: Pharmaceutical Preparations,
ASRV,AmeriServ Financial Inc. Common Stock,$3.99,-0.01,-0.25%,68155185,7192,Finance,Major Banks,
ASTC,Astrotech Corporation (DE) Common Stock,$0.6911,0.0009,0.13%,34257214,127506,Capital Goods,Aerospace,
ASTE,Astec Industries Inc. Common Stock,$42.17,-0.57,-1.334%,960108343,175265,Capital Goods,Construction/Ag Equipment/Trucks,
ASTR,Astra Space Inc. Class A Common Stock ,$3.49,-0.02,-0.57%,901520264,28451991,,,
ASTS,AST SpaceMobile Inc. Class A Common Stock,$8.33,-0.39,-4.472%,430910100,1903490,Consumer Services,Telecommunications Equipment,
ASTSW,AST SpaceMobile Inc. Warrant,$2.66,-0.15,-5.338%,0,81128,Consumer Services,Telecommunications Equipment,
ASUR,Asure Software Inc Common Stock,$6.62,-0.12,-1.78%,132191549,25131,Technology,EDP Services,
ASYS,Amtech Systems Inc. Common Stock,$10.10,-0.13,-1.271%,141704939,18931,Technology,Semiconductors,
ATAKU,Aurora Technology Acquisition Corp. Unit,$10.07,0,0.00%,0,19,,,
ATAX,America First Multifamily Investors L.P. Beneficial Unit Certificates (BUCs) representing Limited Partnership Interests,$6.03,-0.005,-0.083%,399683318,192853,Finance,Finance: Consumer Services,
ATCX,Atlas Technical Consultants Inc. Class A Common Stock,$11.70,0.28,2.452%,393309680,316767,Consumer Services,Military/Government/Technical,
ATEC,Alphatec Holdings Inc. Common Stock,$10.13,0.42,4.325%,1010838380,564594,Health Care,Medical/Dental Instruments,
ATER,Aterian Inc. Common Stock,$2.25,0.11,5.14%,138434758,1665195,,,
ATEX,Anterix Inc. Common Stock,$55.96,0.43,0.774%,1028261530,79261,Consumer Services,Telecommunications Equipment,
ATHA,Athira Pharma Inc. Common Stock,$9.66,0.13,1.364%,360811665,178457,Consumer Durables,Specialty Chemicals,
ATHX,Athersys Inc. Common Stock,$0.6894,-0.0007,-0.101%,162171179,1598293,Health Care,Biotechnology: Pharmaceutical Preparations,
ATLC,Atlanticus Holdings Corporation Common Stock,$48.31,2.73,5.989%,708147304,80296,Finance,Finance: Consumer Services,
ATLCL,Atlanticus Holdings Corporation 6.125% Senior Notes due 2026,$24.00,-0.102,-0.423%,0,10593,,,
ATLCP,Atlanticus Holdings Corporation 7.625% Series B Cumulative Perpetual Preferred Stock no par value per share,$23.75,-0.15,-0.628%,0,14378,Finance,Finance: Consumer Services,
ATLO,Ames National Corporation Common Stock,$24.20,-0.11,-0.452%,220030441,6727,Finance,Major Banks,
ATNF,180 Life Sciences Corp. Common Stock,$2.58,-0.09,-3.371%,62952000,164349,Health Care,Biotechnology: Pharmaceutical Preparations,
ATNFW,180 Life Sciences Corp. Warrant,$0.57,-0.0101,-1.741%,0,60803,Health Care,Biotechnology: Pharmaceutical Preparations,
ATNI,ATN International Inc. Common Stock,$36.68,0.71,1.974%,580416434,36011,Public Utilities,Telecommunications Equipment,
ATNX,Athenex Inc. Common Stock,$0.855,0.012,1.423%,93467778,386746,Health Care,Biotechnology: Pharmaceutical Preparations,
ATOM,Atomera Incorporated Common Stock,$11.27,0.44,4.063%,261809313,272252,Technology,Semiconductors,
ATOS,Atossa Therapeutics Inc. Common Stock,$1.18,0.07,6.306%,149416450,1689945,Health Care,Biotechnology: In Vitro & In Vivo Diagnostic Substances,
ATRA,Atara Biotherapeutics Inc. Common Stock,$8.51,0.07,0.829%,792261248,941671,Health Care,Biotechnology: Biological Products (No Diagnostic Substances),
ATRC,AtriCure Inc. Common Stock,$59.03,1.6,2.786%,2716958108,235920,Health Care,Medical/Dental Instruments,
ATRI,Atrion Corporation Common Stock,$738.00,-25,-3.277%,1324786752,5274,Health Care,Medical/Dental Instruments,
ATRO,Astronics Corporation Common Stock,$12.99,0.04,0.309%,409468260,428181,Capital Goods,Military/Government/Technical,
ATRS,Antares Pharma Inc. Common Stock,$3.81,0,0.00%,648105178,517988,Health Care,Medical/Dental Instruments,
ATSG,Air Transport Services Group Inc,$31.50,0.3,0.962%,2337993347,440886,Transportation,Air Freight/Delivery Services,
ATSPT,Archimedes Tech SPAC Partners Co. Subunit,$9.91,0,0.00%,0,265,,,
ATSPU,Archimedes Tech SPAC Partners Co. Unit,$10.02,0,0.00%,0,110,,,
ATSPW,Archimedes Tech SPAC Partners Co. Warrant,$0.61,0.01,1.667%,0,106485,,,
ATVC,Tribe Capital Growth Corp I Class A common stock,$9.74,-0.01,-0.103%,336030000,9621,,,
ATVCU,Tribe Capital Growth Corp I Units,$9.80,-0.03,-0.305%,0,8200,,,
ATVCW,Tribe Capital Growth Corp I Warrant,$0.35,-0.0167,-4.554%,0,1620,,,
ATVI,Activision Blizzard Inc. Common Stock,$79.51,-0.04,-0.05%,61956965945,7351725,Technology,Computer Software: Prepackaged Software,
ATXI,Avenue Therapeutics Inc. Common Stock,$0.693,0.0013,0.188%,14485500,514003,Consumer Durables,Specialty Chemicals,
ATXS,Astria Therapeutics Inc. Common Stock,$6.61,0.21,3.281%,86042073,8496,Health Care,Biotechnology: Pharmaceutical Preparations,
AUB,Atlantic Union Bankshares Corporation Common Stock,$39.33,-0.24,-0.607%,2972714708,155310,Finance,Major Banks,
AUBAP,Atlantic Union Bankshares Corporation Depositary Shares each representing a 1/400th ownership interest in a share of 6.875% Perpetual Non-Cumulative Preferred Stock Series A,$26.24,-0.01,-0.038%,0,6496,Finance,Major Banks,
AUBN,Auburn National Bancorporation Inc. Common Stock,$33.22,0.84,2.594%,116833777,3109,Finance,Major Banks,
AUGX,Augmedix Inc. Common Stock,$2.23,-0.06,-2.62%,82863241,9827,Technology,Computer Software: Prepackaged Software,
AUID,Ipsidy Inc. Common Stock,$3.09,-0.03,-0.962%,71707019,149873,Technology,Computer Software: Prepackaged Software,
AUR,Aurora Innovation Inc. Class A Common Stock,$3.98,0.23,6.133%,4468862660,2576084,Technology,EDP Services,
AURA,Aura Biosciences Inc. Common Stock,$21.53,1.7,8.573%,628903120,21711,Health Care,Biotechnology: Pharmaceutical Preparations,
AUROW,Aurora Innovation Inc. Warrant,$0.7643,-0.0257,-3.253%,0,46096,Technology,EDP Services,
AUTO,AutoWeb Inc. Common Stock,$2.08,0.13,6.667%,28009012,20736,Miscellaneous,Business Services,
AUUD,Auddia Inc. Common Stock,$1.57,-0.07,-4.268%,19493936,17487,Technology,Computer Software: Prepackaged Software,
AUUDW,Auddia Inc. Warrants,$0.52,0,0.00%,0,1001,Technology,Computer Software: Prepackaged Software,
AUVI,Applied UV Inc. Common Stock,$1.55,0.02,1.307%,20422295,274403,,,
AUVIP,Applied UV Inc. 10.5% Series A Cumulative Perpetual Preferred Stock $0.0001 par value per share,$24.5921,0,0.00%,0,542,,,
AVAC,Avalon Acquisition Inc. Class A Common Stock,$9.93,-0.01,-0.101%,258480383,92703,,,
AVACU,Avalon Acquisition Inc. Units,$10.105,0.045,0.447%,0,940,,,
AVACW,Avalon Acquisition Inc. Warrant,$0.2499,0,0.00%,0,800,,,
AVAH,Aveanna Healthcare Holdings Inc. Common Stock,$4.98,0.04,0.81%,917137636,122559,Health Care,Hospital/Nursing Management,
AVAV,AeroVironment Inc. Common Stock,$74.22,0.61,0.829%,1849141795,237508,Capital Goods,Aerospace,
AVCO,Avalon GloboCare Corp. Common Stock,$0.622,0.0091,1.485%,54985377,92728,Health Care,Hospital/Nursing Management,
AVCT,American Virtual Cloud Technologies Inc. Common Stock ,$0.7165,-0.0048,-0.665%,14069072,1196430,Technology,EDP Services,
AVCTW,American Virtual Cloud Technologies Inc. Warrant expiring 4/7/2025,$0.10,-0.001,-0.99%,0,264860,Technology,EDP Services,
AVDX,AvidXchange Holdings Inc. Common Stock,$7.06,0.44,6.647%,1389442199,882452,Technology,EDP Services,
AVEO,AVEO Pharmaceuticals Inc. Common Stock,$4.98,0.39,8.497%,171182495,2201847,Health Care,Biotechnology: Pharmaceutical Preparations,
AVGO,Broadcom Inc. Common Stock,$592.76,24.96,4.396%,242012746329,2823807,Technology,Semiconductors,
AVGOP,Broadcom Inc. 8.00% Mandatory Convertible Preferred Stock Series A,$1805.56,42.14,2.39%,0,15599,Technology,Semiconductors,
AVGR,Avinger Inc. Common Stock,$3.03,-0.57,-15.833%,14478134,1287701,Health Care,Medical/Dental Instruments,
AVHI,Achari Ventures Holdings Corp. I Common Stock,$9.93,0,0.00%,124125000,100000,,,
AVHIU,Achari Ventures Holdings Corp. I Unit,$10.085,-0.005,-0.05%,0,100,,,
AVHIW,Achari Ventures Holdings Corp. I Warrant,$0.2097,-0.0001,-0.048%,0,10355,,,
AVID,Avid Technology Inc. Common Stock,$29.60,1.65,5.903%,1322527704,282516,Technology,Computer Software: Prepackaged Software,
AVIR,Atea Pharmaceuticals Inc. Common Stock,$5.69,0.19,3.455%,473553613,761684,Consumer Durables,Specialty Chemicals,
AVNW,Aviat Networks Inc. Common Stock,$26.97,-0.06,-0.222%,302098953,94795,Capital Goods,Telecommunications Equipment,
AVO,Mission Produce Inc. Common Stock,$11.58,-0.14,-1.195%,817913060,252827,,,
AVPT,AvePoint Inc. Class A Common Stock,$5.01,-0.02,-0.398%,908914946,1017013,Technology,EDP Services,
AVPTW,AvePoint Inc. Warrant,$0.7801,-0.0362,-4.435%,0,38395,Technology,EDP Services,
AVRO,AVROBIO Inc. Common Stock,$1.39,0.02,1.46%,60676933,221312,Health Care,Biotechnology: Biological Products (No Diagnostic Substances),
AVT,Avnet Inc. Common Stock,$42.52,0.79,1.893%,4207912628,716298,Technology,Electronic Components,
AVTE,Aerovate Therapeutics Inc. Common Stock,$12.00,-0.13,-1.072%,292924716,40702,Health Care,Biotechnology: Pharmaceutical Preparations,
AVTX,Avalo Therapeutics Inc. Common Stock,$0.6478,0.0078,1.219%,73068085,183684,Health Care,Biotechnology: Pharmaceutical Preparations,
AVXL,Anavex Life Sciences Corp. Common Stock,$10.65,0.57,5.655%,811262547,1201906,Health Care,Biotechnology: Commercial Physical & Biological Resarch,
AWH,Aspira Women's Health Inc. Common Stock,$0.9221,0.0402,4.558%,103391891,187310,Health Care,Medical/Dental Instruments,
AWRE,Aware Inc. Common Stock,$3.00,0.05,1.695%,64678449,11506,Technology,EDP Services,
AXDX,Accelerate Diagnostics Inc. Common Stock,$1.70,0.03,1.796%,118162776,257635,Health Care,Medical Specialities,
AXGN,Axogen Inc. Common Stock,$8.12,0.02,0.247%,339377349,314333,Health Care,Biotechnology: Electromedical & Electrotherapeutic Apparatus,
AXLA,Axcella Health Inc. Common Stock,$1.91,-0.03,-1.546%,69613526,24856,Health Care,Biotechnology: Pharmaceutical Preparations,
AXNX,Axonics Inc. Common Stock,$51.08,2.01,4.096%,2398562181,333967,Health Care,Medical/Dental Instruments,
AXON,Axon Enterprise Inc. Common Stock,$121.18,0.88,0.732%,8595524491,318138,Consumer Non-Durables,Military/Government/Technical,
AXSM,Axsome Therapeutics Inc. Common Stock,$29.13,0.53,1.853%,1120822571,541003,Health Care,Biotechnology: Pharmaceutical Preparations,
AXTI,AXT Inc Common Stock,$6.51,0.13,2.038%,278437094,216582,Technology,Semiconductors,
AYRO,AYRO Inc. Common Stock,$1.13,0,0.00%,41659660,343093,,,
AYTU,Aytu BioPharma Inc.  Common Stock,$1.09,-0.01,-0.909%,36349503,162520,Health Care,Biotechnology: Pharmaceutical Preparations,
AZPN,Aspen Technology Inc. Common Stock,$136.79,-0.54,-0.393%,9118690329,605744,Technology,EDP Services,
AZTA,Azenta Inc.,$77.31,1.01,1.324%,5791754027,784019,Health Care,Medical/Dental Instruments,
AZYO,Aziyo Biologics Inc. Class A Common Stock,$4.50,-0.2,-4.255%,61013484,1409,Health Care,Medical Specialities,
BAFN,BayFirst Financial Corp. Common Stock,$21.75,-0.21,-0.956%,85259500,39700,Finance,Savings Institutions,
BAND,Bandwidth Inc. Class A Common Stock,$25.01,0.69,2.837%,630451655,778960,Technology,Computer Software: Prepackaged Software,
BANF,BancFirst Corporation Common Stock,$80.81,-0.24,-0.296%,2636881857,221040,Finance,Major Banks,
BANFP,BancFirst Corporation - BFC Capital Trust II Cumulative Trust Preferred Securities,$27.23,-1.2,-4.221%,0,420,Finance,Major Banks,
BANR,Banner Corporation Common Stock,$59.75,-0.68,-1.125%,2046594762,124354,Finance,Major Banks,
BANX,ArrowMark Financial Corp. Common Stock,$21.55,0.03,0.139%,152475517,16312,Finance,Trusts Except Educational Religious and Charitable,
BASE,Couchbase Inc. Common Stock,$15.69,0.77,5.161%,683999870,353266,Technology,EDP Services,
BATRA,Liberty Media Corporation Series A Liberty Braves Common Stock,$26.73,0.25,0.944%,1411069670,55185,Consumer Services,Movies/Entertainment,
BATRK,Liberty Media Corporation Series C Liberty Braves Common Stock,$25.44,0.16,0.633%,1342970909,176088,Consumer Services,Movies/Entertainment,
BBBY,Bed Bath & Beyond Inc. Common Stock,$20.38,1.17,6.091%,1963362591,3247490,Consumer Services,Other Specialty Stores,
BBCP,Concrete Pumping Holdings Inc. Common Stock,$6.77,-0.14,-2.026%,384133293,95703,Consumer Services,Military/Government/Technical,
BBGI,Beasley Broadcast Group Inc. Class A Common Stock,$1.70,0.02,1.19%,49937840,16601,Consumer Services,Broadcasting,
BBI,Brickell Biotech Inc. Common Stock,$0.2186,-0.0189,-7.958%,25149568,2884193,Health Care,Biotechnology: Biological Products (No Diagnostic Substances),
BBIG,Vinco Ventures Inc. Common Stock,$2.14,0.1,4.902%,290790345,20137440,Consumer Non-Durables,Recreational Products/Toys,
BBIO,BridgeBio Pharma Inc. Common Stock,$8.51,0.26,3.152%,1256142548,2023018,Health Care,Biotechnology: Pharmaceutical Preparations,
BBLG,Bone Biologics Corp Common Stock,$1.82,0.14,8.333%,18838045,41007,Health Care,Industrial Specialties,
BBLGW,Bone Biologics Corp Warrants,$0.2719,0.0419,18.217%,0,209,Health Care,Industrial Specialties,
BBQ,BBQ Holdings Inc. Common Stock,$13.78,1.17,9.278%,144621004,89099,Consumer Services,Restaurants,
BBSI,Barrett Business Services Inc. Common Stock,$74.82,-0.54,-0.717%,555353171,37593,Technology,Professional Services,
BCAB,BioAtla Inc. Common Stock,$5.02,0.12,2.449%,187352354,535243,Consumer Durables,Specialty Chemicals,
BCAC,Brookline Capital Acquisition Corp. Common Stock,$10.0501,0.0001,0.001%,74717468,4431,,,
BCACU,Brookline Capital Acquisition Corp. Units,$10.03,-0.08,-0.791%,0,725,,,
BCACW,Brookline Capital Acquisition Corp. Warrant,$0.16,0.011,7.383%,0,8069,,,
BCBP,BCB Bancorp Inc. (NJ) Common Stock,$17.86,-0.31,-1.706%,304212005,30069,Finance,Savings Institutions,
BCDA,BioCardia Inc. Common Stock,$1.95,0.06,3.175%,32898967,82294,Health Care,Biotechnology: Pharmaceutical Preparations,
BCEL,Atreca Inc. Class A Common Stock,$2.71,-0.14,-4.912%,102326340,716897,Health Care,Biotechnology: Pharmaceutical Preparations,
BCLI,Brainstorm Cell Therapeutics Inc. Common Stock,$3.15,0.06,1.942%,114275552,74650,Health Care,Biotechnology: Biological Products (No Diagnostic Substances),
BCML,BayCom Corp Common Stock,$22.14,-0.07,-0.315%,303605820,42465,Finance,Major Banks,
BCOR,Blucora Inc. Common Stock,$18.46,0.06,0.326%,894399221,296388,Finance,Investment Managers,
BCOV,Brightcove Inc. Common Stock,$6.97,0.1,1.456%,287674936,144888,Technology,EDP Services,
BCOW,1895 Bancorp of Wisconsin Inc. (MD) Common Stock,$11.31,0.11,0.982%,72061755,856,Finance,Finance: Consumer Services,
BCPC,Balchem Corporation Common Stock,$134.50,1.33,0.999%,4329197903,107955,Basic Industries,Industrial Specialties,
BCRX,BioCryst Pharmaceuticals Inc. Common Stock,$15.16,-0.65,-4.111%,2799472873,3338896,Health Care,Biotechnology: Biological Products (No Diagnostic Substances),
BDSI,BioDelivery Sciences International Inc. Common Stock,$5.57,0,0.00%,574984394,1713695,Health Care,Biotechnology: Pharmaceutical Preparations,
BDSX,Biodesix Inc. Common Stock,$2.16,0,0.00%,67624962,59370,Health Care,Precision Instruments,
BDTX,Black Diamond Therapeutics Inc. Common Stock,$2.76,0.1,3.759%,99991643,76234,Health Care,Biotechnology: Pharmaceutical Preparations,
BEAM,Beam Therapeutics Inc. Common Stock,$55.24,1.51,2.81%,3796663982,749585,Consumer Durables,Specialty Chemicals,
BEAT,Heartbeam Inc. Common Stock,$1.67,-0.03,-1.765%,13042553,20596,Technology,Retail: Computer Software & Peripheral Equipment,
BEATW,Heartbeam Inc. Warrant,$0.3299,-0.0501,-13.184%,0,9956,Technology,Retail: Computer Software & Peripheral Equipment,
BECN,Beacon Roofing Supply Inc. Common Stock,$61.45,1.84,3.087%,4328723886,340787,Capital Goods,Wholesale Distributors,
BEEM,Beam Global Common Stock,$14.12,0.34,2.467%,141261267,257092,Technology,Semiconductors,
BEEMW,Beam Global Warrant,$7.33,-0.2307,-3.051%,0,1769,Technology,Semiconductors,
BELFA,Bel Fuse Inc. Class A Common Stock,$19.65,-0.24,-1.207%,243768350,1873,Capital Goods,Electrical Products,
BELFB,Bel Fuse Inc. Class B Common Stock,$17.55,-0.2,-1.127%,217716771,36027,Capital Goods,Electrical Products,
BENE,Benessere Capital Acquisition Corp. Class A Common Stock,$10.22,0,0.00%,152214125,21092,,,
BENER,Benessere Capital Acquisition Corp. Right,$0.29,0.0198,7.328%,0,135200,Finance,Business Services,
BENEU,Benessere Capital Acquisition Corp. Unit,$10.8691,0,0.00%,0,10,,,
BENEW,Benessere Capital Acquisition Corp. Warrant,$0.4918,0.0302,6.542%,0,63107,,,
BFC,Bank First Corporation Common Stock,$70.93,-0.42,-0.589%,540241182,6006,Finance,Major Banks,
BFIN,BankFinancial Corporation Common Stock,$10.61,-0.06,-0.562%,139823726,3002,Finance,Major Banks,
BFRI,Biofrontera Inc. Common Stock,$2.41,0.14,6.167%,36284984,441206,Health Care,Biotechnology: Pharmaceutical Preparations,
BFRIW,Biofrontera Inc. Warrants,$0.985,-0.095,-8.796%,0,2990,Health Care,Biotechnology: Pharmaceutical Preparations,
BFST,Business First Bancshares Inc. Common Stock,$25.15,0.07,0.279%,565883777,18978,Finance,Major Banks,
BGCP,BGC Partners Inc Class A Common Stock,$4.38,0.05,1.155%,1607361954,1662022,Finance,Investment Bankers/Brokers/Service,
BGFV,Big 5 Sporting Goods Corporation Common Stock,$16.11,0.43,2.742%,357961606,593482,Consumer Services,Other Specialty Stores,
BGRY,Berkshire Grey Inc. Class A Common Stock,$3.23,0.1,3.195%,741881174,343704,Capital Goods,Office Equipment/Supplies/Services,
BGRYW,Berkshire Grey Inc. Warrant,$0.4695,0.0195,4.333%,0,1941,Capital Goods,Office Equipment/Supplies/Services,
BHAC,Crixus BH3 Acquisition Company Class A Common Stock,$9.84,0,0.00%,282900000,34600,,,
BHACU,Crixus BH3 Acquisition Company Units,$10.02,0,0.00%,0,50,,,
BHACW,Crixus BH3 Acquisition Company Warrants,$0.4001,0.1201,42.893%,0,2069,,,
BHF,Brighthouse Financial Inc. Common Stock,$47.65,0.59,1.254%,3651440275,547006,Finance,Life Insurance,
BHFAL,Brighthouse Financial Inc. 6.25% Junior Subordinated Debentures due 2058,$25.28,0.4,1.608%,0,29448,Finance,Life Insurance,
BHFAM,Brighthouse Financial Inc. Depositary shares each representing a 1/1000th Interest in a Share of 4.625% Non-Cumulative Preferred Stock Series D,$19.48,0.53,2.797%,0,64039,Finance,Life Insurance,
BHFAN,Brighthouse Financial Inc. Depositary shares each representing a 1/1000th interest in a share of 5.375% Non-Cumulative Preferred Stock Series C,$22.65,0.4,1.798%,0,91588,Finance,Life Insurance,
BHFAO,Brighthouse Financial Inc. Depositary Shares 6.75% Non-Cumulative Preferred Stock Series B,$25.63,0.31,1.224%,0,16084,Finance,Life Insurance,
BHFAP,Brighthouse Financial Inc. Depositary Shares 6.6% Non-Cumulative Preferred Stock Series A,$25.06,0.09,0.36%,0,14993,Finance,Life Insurance,
BHSE,Bull Horn Holdings Corp. Ordinary Shares,$10.05,0,0.00%,94218750,5,Finance,Business Services,
BHSEW,Bull Horn Holdings Corp. Warrants,$0.085,0.0156,22.478%,0,506,Finance,Business Services,
BIGC,BigCommerce Holdings Inc. Series 1 Common Stock,$17.72,-0.49,-2.691%,1284169091,3185265,Technology,Computer Software: Prepackaged Software,
BIIB,Biogen Inc. Common Stock,$197.36,3.59,1.853%,29004576826,1306267,Health Care,Biotechnology: Pharmaceutical Preparations,
BIOC,Biocept Inc. Common Stock,$1.87,0.04,2.186%,31495000,72960,Health Care,Biotechnology: Commercial Physical & Biological Resarch,
BIOL,Biolase Inc. Common Stock,$0.32,0.0002,0.063%,49049453,558636,Health Care,Medical/Dental Instruments,
BIOS,BioPlus Acquisition Corp. Class A Ordinary Shares,$9.86,-0.01,-0.101%,288996600,320600,,,
BIOSW,BioPlus Acquisition Corp. Warrants,$0.19,-0.0398,-17.319%,0,59311,,,
BIOT,Biotech Acquisition Company Class A Ordinary Shares,$9.7915,-0.0385,-0.392%,281505625,14520,Finance,Business Services,
BIOTU,Biotech Acquisition Company Unit,$9.91,0,0.00%,0,3,Finance,Business Services,
BIOTW,Biotech Acquisition Company Warrant,$0.15,0,0.00%,0,99,Finance,Business Services,
BIRD,Allbirds Inc. Class A Common Stock,$5.28,0.12,2.326%,776437306,2939710,Consumer Non-Durables,Shoe Manufacturing,
BIVI,BioVie Inc. Class A Common Stock,$2.81,0.04,1.444%,70205217,19958,Health Care,Biotechnology: Pharmaceutical Preparations,
BJDX,Bluejay Diagnostics Inc. Common Stock,$0.94,0.0156,1.688%,18942169,95907,Health Care,Medical Specialities,
BJRI,BJ's Restaurants Inc. Common Stock,$26.96,0.6,2.276%,631191807,332727,Consumer Services,Restaurants,
BKCC,BlackRock Capital Investment Corporation Common Stock,$4.09,0.01,0.245%,301893505,327661,Finance,Investment Managers,
BKEP,Blueknight Energy Partners L.P. Common Units,$3.27,-0.05,-1.506%,136871890,89795,Energy,Oil & Gas Production,
BKEPP,Blueknight Energy Partners L.P. Series A Preferred Units,$8.45,0,0.00%,0,17540,Energy,Oil & Gas Production,
BKNG,Booking Holdings Inc. Common Stock,$2080.18,80.23,4.012%,85053779946,475373,Transportation,Other Consumer Services,
BKR,Baker Hughes Company Class A Common Stock,$34.87,-2.11,-5.706%,33242999833,14490496,Energy,Oilfield Services/Equipment,
BKSC,Bank of South Carolina Corp. Common Stock,$19.42,0.21,1.093%,107664014,4083,Finance,Major Banks,
BKYI,BIO-key International Inc. Common Stock,$2.16,-0.06,-2.703%,17545289,26572,Miscellaneous,Diversified Manufacture,
BL,BlackLine Inc. Common Stock,$67.08,1.31,1.992%,3973638486,378268,Technology,Computer Software: Prepackaged Software,
BLBD,Blue Bird Corporation Common Stock,$19.72,0.22,1.128%,630552403,67967,Capital Goods,Construction/Ag Equipment/Trucks,
BLBX,Blackboxstocks Inc. Common Stock,$1.95,0.11,5.978%,25204380,183614,Technology,EDP Services,
BLCM,Bellicum Pharmaceuticals Inc. Common Stock,$1.71,0.09,5.556%,14360243,31096,Health Care,Biotechnology: Pharmaceutical Preparations,
BLDE,Blade Air Mobility Inc. Class A Common Stock,$6.51,0.11,1.719%,460674284,344808,Transportation,Aerospace,
BLDEW,Blade Air Mobility Inc. Warrants,$1.33,0,0.00%,0,4129,Transportation,Aerospace,
BLEU,bleuacacia ltd Class A Ordinary Shares,$9.70,0,0.00%,334650000,149219,,,
BLEUR,bleuacacia ltd Rights,$0.12,0.005,4.348%,0,5100,,,
BLEUW,bleuacacia ltd Warrants,$0.2459,0.0259,11.773%,0,27960,,,
BLFS,BioLife Solutions Inc. Common Stock,$21.35,0.54,2.595%,889161657,372435,Health Care,Medical/Dental Instruments,
BLFY,Blue Foundry Bancorp Common Stock,$13.40,-0.15,-1.107%,382201500,33978,Finance,Commercial Banks,
BLI,Berkeley Lights Inc. Common Stock,$5.38,0.12,2.281%,363963397,1492459,Consumer Durables,Specialty Chemicals,
BLIN,Bridgeline Digital Inc. Common Stock,$1.75,-0.01,-0.568%,17857483,115678,Technology,EDP Services,
BLKB,Blackbaud Inc. Common Stock,$61.43,0.26,0.425%,3192288888,447395,Technology,Computer Software: Prepackaged Software,
BLMN,Bloomin' Brands Inc. Common Stock,$20.78,0.2,0.972%,1862585979,1317028,Consumer Services,Restaurants,
BLNG,Belong Acquisition Corp. Class A Common Stock,$9.75,-0.01,-0.102%,189515625,11495,,,
BLNGU,Belong Acquisition Corp. Units,$9.8694,0.0181,0.184%,0,1700,,,
BLNGW,Belong Acquisition Corp. Warrant,$0.295,-0.005,-1.667%,0,800,,,
BLNK,Blink Charging Co. Common Stock,$22.01,0.82,3.87%,933741543,966928,Capital Goods,Oilfield Services/Equipment,
BLNKW,Blink Charging Co. Warrant,$16.25,-0.585,-3.475%,0,906,Capital Goods,Oilfield Services/Equipment,
BLPH,Bellerophon Therapeutics Inc. Common Stock,$1.82,-0.05,-2.674%,17301683,7067,Health Care,Biotechnology: Pharmaceutical Preparations,
BLSA,BCLS Acquisition Corp. Class A Ordinary Shares,$9.8381,-0.0019,-0.019%,181574433,114,Finance,Business Services,
BLUE,bluebird bio Inc. Common Stock,$4.47,0.4,9.828%,319306739,2478557,Health Care,Biotechnology: Biological Products (No Diagnostic Substances),
BLZE,Backblaze Inc. Class A Common Stock,$9.75,0.41,4.39%,296252132,56716,Technology,Computer Software: Prepackaged Software,
BMAQ,Blockchain Moon Acquisition Corp. Common Stock,$9.84,0.01,0.102%,145386000,778,,,
BMAQR,Blockchain Moon Acquisition Corp. Rights,$0.185,-0.0202,-9.844%,0,14916,,,
BMAQU,Blockchain Moon Acquisition Corp. Units,$10.30,0.09,0.881%,0,1453,,,
BMAQW,Blockchain Moon Acquisition Corp. Warrants,$0.22,0.01,4.762%,0,22606,,,
BMBL,Bumble Inc. Class A Common Stock,$22.73,1.7,8.084%,2937010331,4914732,Technology,Computer Software: Prepackaged Software,
BMEA,Biomea Fusion Inc. Common Stock,$5.84,-0.6,-9.317%,170035232,82453,Health Care,Biotechnology: Pharmaceutical Preparations,
BMRA,Biomerica Inc. Common Stock,$3.62,0.03,0.836%,46523965,35156,Health Care,Biotechnology: Electromedical & Electrotherapeutic Apparatus,
BMRC,Bank of Marin Bancorp Common Stock,$34.78,-0.55,-1.557%,554019072,41086,Finance,Major Banks,
BMRN,BioMarin Pharmaceutical Inc. Common Stock,$78.27,2.26,2.973%,14404197320,1041680,Health Care,Biotechnology: Pharmaceutical Preparations,
BNFT,Benefitfocus Inc. Common Stock,$9.80,0.15,1.554%,328463974,72378,Technology,Computer Software: Prepackaged Software,
BNGO,Bionano Genomics Inc. Common Stock,$1.75,0.09,5.422%,506822661,5522660,Capital Goods,Biotechnology: Laboratory Analytical Instruments,
BNGOW,Bionano Genomics Inc. Warrant,$0.5599,-0.14,-20.003%,0,7624,Capital Goods,Biotechnology: Laboratory Analytical Instruments,
BNIX,Bannix Acquisition Corp. Common Stock,$9.90,0.03,0.304%,93297600,695,,,
BNIXW,Bannix Acquisition Corp. Warrant,$0.3359,0.1259,59.952%,0,210,,,
BNNR,Banner Acquisition Corp. Class A Common Stock,$9.83,-0.05,-0.506%,196722875,11834,,,
BNNRU,Banner Acquisition Corp. Units,$9.98,0.015,0.151%,0,2100,,,
BNNRW,Banner Acquisition Corp. Warrants,$0.40,0.0809,25.353%,0,1200,,,
BNOX,Bionomics Limited American Depository Shares,$8.47,-0.82,-8.827%,63682669,244,Health Care,Biotechnology: Biological Products (No Diagnostic Substances),
BNTC,Benitec Biopharma Inc. Common Stock,$2.07,0.07,3.50%,16915398,15437,Health Care,Biotechnology: Pharmaceutical Preparations,
BOCN,Blue Ocean Acquisition Corp Class A Ordinary Shares,$9.87,-0.03,-0.303%,234104063,269338,,,
BOCNU,Blue Ocean Acquisition Corp Unit,$10.00,0.03,0.301%,0,300000,,,
BOCNW,Blue Ocean Acquisition Corp Warrants,$0.25,0,0.00%,0,12500,,,
BOKF,BOK Financial Corporation Common Stock,$100.94,-1.08,-1.059%,6896515141,158499,Finance,Major Banks,
BOLT,Bolt Biotherapeutics Inc. Common Stock,$2.86,0.12,4.38%,106634099,75805,Health Care,Biotechnology: Pharmaceutical Preparations,
BOOM,DMC Global Inc. Common Stock,$33.08,-0.04,-0.121%,639974777,306059,,,
BOTJ,Bank of the James Financial Group Inc. Common Stock,$14.85,0.01,0.067%,70398756,242,Finance,Major Banks,
BOXL,Boxlight Corporation Class A Common Stock,$1.09,0.04,3.81%,70141576,245544,Capital Goods,Telecommunications Equipment,
BPAC,Bullpen Parlay Acquisition Company Class A Ordinary Share,$9.92,0.02,0.202%,285200000,981,,,
BPMC,Blueprint Medicines Corporation Common Stock,$58.56,2.64,4.721%,3466956140,447919,Health Care,Biotechnology: Pharmaceutical Preparations,
BPOP,Popular Inc. Common Stock,$80.94,1.01,1.264%,6468560654,1001531,Finance,Major Banks,
BPOPM,Popular Inc. Popular Capital Trust II - 6.125% Cumulative Monthly Income Trust Preferred Securities,$25.50,0,0.00%,0,257,Finance,Major Banks,
BPRN,The Bank of Princeton Common Stock,$28.93,0.03,0.104%,190305995,6794,Finance,Major Banks,
BPTH,Bio-Path Holdings Inc. Common Stock,$2.99,-0.07,-2.288%,21408890,36439,Health Care,Biotechnology: Pharmaceutical Preparations,
BRAC,Broad Capital Acquisition Corp Common Stock,$9.88,0.01,0.101%,133186619,17266,,,
BRACR,Broad Capital Acquisition Corp Rights,$0.18,-0.02,-10.00%,0,37055,,,
BRACU,Broad Capital Acquisition Corp Unit,$10.05,-0.0298,-0.296%,0,797,,,
BREZ,Breeze Holdings Acquisition Corp. Common Stock,$10.29,-0.01,-0.097%,150491250,8669,,,
BREZR,Breeze Holdings Acquisition Corp. Right,$0.1234,-0.0259,-17.348%,0,1298,Finance,Business Services,
BREZW,Breeze Holdings Acquisition Corp. Warrant,$0.175,-0.0149,-7.846%,0,65634,,,
BRFH,Barfresh Food Group Inc. Common Stock,$6.85,-0.26,-3.657%,88483135,56949,Consumer Non-Durables,Beverages (Production/Distribution),
BRID,Bridgford Foods Corporation Common Stock,$10.70,-0.09,-0.834%,97122102,1094,Consumer Non-Durables,Specialty Foods,
BRIV,B. Riley Principal 250 Merger Corp. Class A common stock,$9.695,-0.025,-0.257%,214865438,3150,,,
BRIVW,B. Riley Principal 250 Merger Corp. Warrant,$0.6188,-0.0002,-0.032%,0,135,,,
BRKH,BurTech Acquisition Corp. Class A Common Stock,$9.87,0,0.00%,399392018,2483,,,
BRKHU,BurTech Acquisition Corp. Unit,$10.01,0.01,0.10%,0,12488,,,
BRKHW,BurTech Acquisition Corp. Warrants,$0.15,-0.0122,-7.522%,0,26343,,,
BRKL,Brookline Bancorp Inc. Common Stock,$16.40,0.06,0.367%,1273289604,345570,Finance,Savings Institutions,
BRKR,Bruker Corporation Common Stock,$62.83,1.11,1.798%,9473093162,980452,Capital Goods,Biotechnology: Laboratory Analytical Instruments,
BRLT,Brilliant Earth Group Inc. Class A Common Stock,$8.16,0.38,4.884%,772466253,332078,Consumer Non-Durables,Consumer Specialties,
BRP,BRP Group Inc. (Insurance Company) Class A Common Stock,$25.11,0.94,3.889%,1473220925,800043,Finance,Specialty Insurers,
BRPM,B. Riley Principal 150 Merger Corp. Class A Common Stock,$9.91,-0.01,-0.101%,218837575,222445,,,
BRPMU,B. Riley Principal 150 Merger Corp. Unit,$10.16,-0.03,-0.294%,0,882,,,
BRPMW,B. Riley Principal 150 Merger Corp. Warrant,$0.7951,-0.0256,-3.119%,0,4568,,,
BRTX,BioRestorative Therapies Inc. Common Stock,$3.94,-0.02,-0.505%,13762361,17691,Health Care,Managed Health Care,
BRY,Berry Corporation (bry) Common Stock,$9.52,0.03,0.316%,764582806,455839,Energy,Oil & Gas Production,
BRZE,Braze Inc. Class A Common Stock,$32.73,0.55,1.709%,3014747470,388684,Technology,Computer Software: Prepackaged Software,
BSBK,Bogota Financial Corp. Common Stock,$10.41,0,0.00%,136969835,3537,,,
BSET,Bassett Furniture Industries Incorporated Common Stock,$19.25,-0.75,-3.75%,189033961,130793,Consumer Durables,Home Furnishings,
BSFC,Blue Star Foods Corp. Common Stock,$1.92,-0.3,-13.514%,47185548,509583,Consumer Non-Durables,Farming/Seeds/Milling,
BSGM,BioSig Technologies Inc. Common Stock,$0.9902,-0.1098,-9.982%,34964583,228914,Health Care,Biotechnology: Electromedical & Electrotherapeutic Apparatus,
BSKY,Big Sky Growth Partners Inc. Class A Common Stock,$9.69,0,0.00%,363375000,5628,,,
BSKYU,Big Sky Growth Partners Inc. Unit,$9.78,0.01,0.102%,0,654,,,
BSKYW,Big Sky Growth Partners Inc. Warrant,$0.3139,-0.0376,-10.697%,0,15757,,,
BSQR,BSQUARE Corporation Common Stock,$1.60,0,0.00%,32685717,107144,Technology,Computer Software: Prepackaged Software,
BSRR,Sierra Bancorp Common Stock,$26.12,-0.11,-0.419%,398446678,21803,Finance,Major Banks,
BSVN,Bank7 Corp. Common stock,$24.09,0.59,2.511%,218530436,35472,Finance,Major Banks,
BSY,Bentley Systems Incorporated Class B Common Stock,$35.40,0.73,2.106%,10049850007,999723,Technology,Retail: Computer Software & Peripheral Equipment,
BTAI,BioXcel Therapeutics Inc. Common Stock,$15.06,-0.25,-1.633%,421383996,374356,Health Care,Biotechnology: Pharmaceutical Preparations,
BTBD,BT Brands Inc. Common Stock,$2.375,0.255,12.028%,15312827,64346,Consumer Services,Restaurants,
BTBDW,BT Brands Inc. Warrant,$0.4839,0.0927,23.696%,0,699,Consumer Services,Restaurants,
BTBT,Bit Digital Inc. Ordinary Shares,$2.86,0.04,1.418%,124979669,2699251,Finance,Finance: Consumer Services,
BTCS,BTCS Inc. Common Stock,$3.54,0.33,10.28%,36374413,263406,Finance,Investment Managers,
BTCY,Biotricity Inc. Common Stock,$2.36,0.07,3.057%,121013814,171918,Health Care,Medical/Dental Instruments,
BTRS,BTRS Holdings Inc. Class 1 Common Stock,$6.17,0.26,4.399%,1004912484,822813,Technology,EDP Services,
BTTX,Better Therapeutics Inc. Common Stock,$3.12,-0.93,-22.963%,73631120,1053010,Health Care,Biotechnology: Pharmaceutical Preparations,
BTX,Brooklyn ImmunoTherapeutics Inc. Common Stock,$1.78,0.02,1.136%,92637996,269072,Health Care,Biotechnology: Pharmaceutical Preparations,
BUSE,First Busey Corporation Class A Common Stock,$27.10,-0.23,-0.842%,1498376480,102272,Finance,Major Banks,
BVS,Bioventus Inc. Class A Common Stock,$13.45,0.79,6.24%,800927379,133590,Health Care,Biotechnology: Electromedical & Electrotherapeutic Apparatus,
BWAC,Better World Acquisition Corp. Common Stock,$10.24,0,0.00%,164922061,132238,,,
BWACU,Better World Acquisition Corp. Unit,$10.34,-0.01,-0.097%,0,3000,,,
BWACW,Better World Acquisition Corp. Warrants,$0.1993,0.0242,13.821%,0,11680,,,
BWB,Bridgewater Bancshares Inc. Common Stock,$17.18,-0.03,-0.174%,484599799,23558,Finance,Major Banks,
BWBBP,Bridgewater Bancshares Inc. Depositary Shares Each Representing a 1/100th Interest in a Share of 5.875% Non-Cumulative Perpetual Preferred Stock Series A,$25.60,0,0.00%,0,2131,Finance,Major Banks,
BWEN,Broadwind Inc. Common Stock,$2.02,0.11,5.759%,39563140,154498,Capital Goods,Industrial Machinery/Components,
BWFG,Bankwell Financial Group Inc. Common Stock,$34.07,-0.3,-0.873%,268048791,18769,Finance,Major Banks,
BWMN,Bowman Consulting Group Ltd. Common Stock,$15.55,-0.02,-0.128%,195107078,17888,Consumer Services,Professional Services,
BWV,Blue Water Vaccines Inc. Common Stock,$67.90,6.05,9.782%,750199057,12458,Health Care,Biotechnology: Pharmaceutical Preparations,
BXRX,Baudax Bio Inc. Common Stock,$1.62,0.02,1.25%,7671074,363639,Health Care,Biotechnology: Pharmaceutical Preparations,
BYFC,Broadway Financial Corporation Common Stock,$1.45,-0.015,-1.024%,104064208,134694,Finance,Savings Institutions,
BYND,Beyond Meat Inc. Common Stock,$38.89,2.72,7.52%,2467782451,2635569,Consumer Non-Durables,Specialty Foods,
BYRN,Byrna Technologies Inc. Common Stock,$9.07,-0.03,-0.33%,216005841,260685,Consumer Non-Durables,Military/Government/Technical,
BYSI,BeyondSpring Inc. Ordinary Shares,$1.73,0.05,2.976%,52752926,256287,Health Care,Biotechnology: Pharmaceutical Preparations,
BYTS,BYTE Acquisition Corp. Class A Ordinary Shares,$9.73,0,0.00%,403712918,25,Finance,Business Services,
BYTSW,BYTE Acquisition Corp. Warrants,$0.18,0,0.00%,0,2,Finance,Business Services,
BZFD,BuzzFeed Inc. Class A Common Stock,$4.64,0.2,4.505%,617771294,80215,Consumer Services,Movies/Entertainment,
BZFDW,BuzzFeed Inc. Warrant,$0.7249,0.0489,7.234%,0,5684,Consumer Services,Movies/Entertainment,
CABA,Cabaletta Bio Inc. Common Stock,$1.68,-0.03,-1.754%,47597152,93572,Health Care,Biotechnology: Pharmaceutical Preparations,
CAC,Camden National Corporation Common Stock,$49.66,0.25,0.506%,731986215,59651,Finance,Major Banks,
CACC,Credit Acceptance Corporation Common Stock,$492.77,21.95,4.662%,6955130713,150100,Finance,Finance: Consumer Services,
CADL,Candel Therapeutics Inc. Common Stock,$3.75,0.09,2.459%,107586908,25410,Health Care,Biotechnology: Pharmaceutical Preparations,
CAKE,Cheesecake Factory Incorporated (The) Common Stock,$35.86,0.62,1.759%,1891366383,918887,Consumer Services,Restaurants,
CALA,Calithera Biosciences Inc. Common Stock,$0.4537,0.0137,3.114%,33993955,478355,Health Care,Biotechnology: Pharmaceutical Preparations,
CALB,California BanCorp Common Stock,$21.64,-0.16,-0.734%,178449932,2849,Finance,Major Banks,
CALM,Cal-Maine Foods Inc. Common Stock,$46.96,1.31,2.87%,2294305889,912225,,Farming/Seeds/Milling,
CAMP,CalAmp Corp. Common Stock,$6.74,-0.05,-0.736%,241989988,239057,Consumer Services,Telecommunications Equipment,
CAPR,Capricor Therapeutics Inc. Common Stock,$4.14,0.31,8.094%,100125904,221186,Health Care,Biotechnology: Biological Products (No Diagnostic Substances),
CAR,Avis Budget Group Inc. Common Stock,$231.63,18.49,8.675%,12454162319,919479,Miscellaneous,Rental/Leasing Companies,
CARA,Cara Therapeutics Inc. Common Stock,$11.45,-0.23,-1.969%,612729781,477525,Health Care,Biotechnology: Pharmaceutical Preparations,
CARE,Carter Bankshares Inc. Common Stock,$16.33,-0.18,-1.09%,431616907,138341,Finance,Major Banks,
CARG,CarGurus Inc. Class A Common Stock ,$40.29,2.75,7.326%,4756846827,773664,,,
CARV,Carver Bancorp Inc. Common Stock,$6.58,0.16,2.492%,25034242,27453,Finance,Savings Institutions,
CASA,Casa Systems Inc. Common Stock,$4.09,0.09,2.25%,346697705,122885,Technology,Radio And Television Broadcasting And Communications Equipment,
CASH,Meta Financial Group Inc. Common Stock,$51.95,-0.47,-0.897%,1550702461,391793,Finance,Banks,
CASI,CASI Pharmaceuticals Inc. Common Stock,$0.7989,-0.0302,-3.643%,111684212,584737,Health Care,Biotechnology: Biological Products (No Diagnostic Substances),
CASS,Cass Information Systems Inc Common Stock,$38.70,-0.35,-0.896%,528642542,60494,Miscellaneous,Business Services,
CASY,Casey's General Stores Inc. Common Stock,$185.35,5.17,2.869%,6878610223,379237,Miscellaneous,Diversified Commercial Services,
CATC,Cambridge Bancorp Common Stock,$83.46,0.45,0.542%,581565304,15792,Finance,Major Banks,
CATY,Cathay General Bancorp Common Stock,$45.07,-0.1,-0.221%,3393177608,262952,Finance,Major Banks,
CBAN,Colony Bankcorp Inc. Common Stock,$17.90,-0.17,-0.941%,314840111,21110,Finance,Major Banks,
CBAY,CymaBay Therapeutics Inc. Common Stock,$2.97,0,0.00%,251466838,320625,Health Care,Biotechnology: Pharmaceutical Preparations,
CBFV,CB Financial Services Inc. Common Stock,$24.60,0.57,2.372%,126158173,1892,Finance,Major Banks,
CBIO,Catalyst Biosciences Inc. Common Stock,$0.5936,-0.0064,-1.067%,18272744,815613,Health Care,Biotechnology: Pharmaceutical Preparations,
CBNK,Capital Bancorp Inc. Common Stock,$23.12,-0.31,-1.323%,322809162,8283,Finance,Major Banks,
CBRG,Chain Bridge I Class A Ordinary Shares,$9.93,0.02,0.202%,285487500,183118,,,
CBRGU,Chain Bridge I Units,$10.02,-0.01,-0.10%,0,11000,,,
CBRGW,Chain Bridge I Warrants,$0.2799,-0.0101,-3.483%,0,48133,,,
CBRL,Cracker Barrel Old Country Store Inc Common Stock,$116.43,-0.61,-0.521%,2704184784,415144,Consumer Services,Restaurants,
CBSH,Commerce Bancshares Inc. Common Stock,$71.56,0.43,0.605%,8666638470,372686,Finance,Major Banks,
CBTX,CBTX Inc. Common Stock,$31.18,-0.14,-0.447%,767291845,61268,Finance,Major Banks,
CCAI,Cascadia Acquisition Corp. Class A Common Stock,$9.79,0.06,0.617%,183562500,217,,,
CCAIU,Cascadia Acquisition Corp. Unit,$9.92,0.07,0.711%,0,452,,,
CCAIW,Cascadia Acquisition Corp. Warrant,$0.41,0.0002,0.049%,0,1800,,,
CCAP,Crescent Capital BDC Inc. Common stock,$17.64,-0.13,-0.732%,544853030,60615,,,
CCB,Coastal Financial Corporation Common Stock,$47.91,0.44,0.927%,616856342,28375,Finance,Commercial Banks,
CCBG,Capital City Bank Group Common Stock,$26.98,-0.71,-2.564%,457087633,14453,Finance,Major Banks,
CCCC,C4 Therapeutics Inc. Common Stock,$21.50,0.23,1.081%,1047885533,293354,Health Care,Biotechnology: Pharmaceutical Preparations,
CCD,Calamos Dynamic Convertible & Income Fund Common Stock,$23.59,0.32,1.375%,586167623,69281,Finance,Trusts Except Educational Religious and Charitable,
CCEL,Cryo-Cell International Inc. Common Stock,$7.50,-0.17,-2.216%,63769635,3327,Health Care,Managed Health Care,
CCLP,CSI Compressco LP Common Units,$1.4045,0.0045,0.321%,197173276,90455,Energy,Oilfield Services/Equipment,
CCMP,CMC Materials Inc. Common Stock,$181.70,1.63,0.905%,5192553917,521100,Technology,Semiconductors,
CCNE,CNB Financial Corporation Common Stock,$27.14,0.17,0.63%,458962396,36988,Finance,Major Banks,
CCNEP,CNB Financial Corporation Depositary Shares each representing a 1/40th ownership interest in a share of 7.125% Series A Fixed-Rate Non-Cumulative Perpetual Preferred Stock,$25.99,0.0914,0.353%,0,2500,Finance,Major Banks,
CCOI,Cogent Communications Holdings Inc.,$63.19,0.23,0.365%,3028571331,230740,Consumer Services,Telecommunications Equipment,
CCRN,Cross Country Healthcare Inc. Common Stock $0.0001 Par Value,$20.68,1.46,7.596%,787144887,796764,Technology,Diversified Commercial Services,
CCSI,Consensus Cloud Solutions Inc. Common Stock,$55.54,1.43,2.643%,1109610333,78170,Technology,Retail: Computer Software & Peripheral Equipment,
CCTSW,Cactus Acquisition Corp. 1 Limited Warrant,$0.25,0.0145,6.157%,0,200,,,
CCXI,ChemoCentryx Inc. Common Stock,$22.91,0.69,3.105%,1622958650,805689,Health Care,Biotechnology: Pharmaceutical Preparations,
CDAK,Codiak BioSciences Inc. Common Stock,$4.87,0.16,3.397%,109545132,87469,Consumer Durables,Specialty Chemicals,
CDAQU,Compass Digital Acquisition Corp. Unit,$9.82,0.1111,1.144%,0,2229,,,
CDAQW,Compass Digital Acquisition Corp. Warrant,$0.49,0,0.00%,0,1,,,
CDEV,Centennial Resource Development Inc. Class A Common Stock,$7.63,0.03,0.395%,2173101734,10627339,Energy,Oil & Gas Production,
CDK,CDK Global Inc. Common Stock,$46.87,-0.5,-1.056%,5473672501,657437,Technology,Retail: Computer Software & Peripheral Equipment,
CDLX,Cardlytics Inc. Common Stock,$44.21,1.54,3.609%,1491764679,331204,Technology,Advertising,
CDMO,Avid Bioservices Inc. Common Stock,$19.46,0.55,2.909%,1201545051,368031,Health Care,Biotechnology: Pharmaceutical Preparations,
CDNA,CareDx Inc. Common Stock,$31.17,2.98,10.571%,1652793676,1231127,Health Care,Medical Specialities,
CDNS,Cadence Design Systems Inc. Common Stock,$142.50,3.34,2.40%,39520380000,2831095,Technology,Computer Software: Prepackaged Software,
CDTX,Cidara Therapeutics Inc. Common Stock,$0.6988,0.0171,2.508%,47626464,147984,Health Care,Biotechnology: Pharmaceutical Preparations,
CDW,CDW Corporation Common Stock,$172.28,5.68,3.409%,23248208828,751441,Technology,EDP Services,
CDXC,ChromaDex Corporation Common Stock,$2.02,-0.065,-3.118%,137614520,414529,Consumer Durables,Specialty Chemicals,
CDXS,Codexis Inc. Common Stock,$17.39,0.42,2.475%,1133144208,703272,Health Care,Biotechnology: Commercial Physical & Biological Resarch,
CDZI,CADIZ Inc. Common Stock,$1.85,0.12,6.936%,80763913,366225,Public Utilities,Water Supply,
CDZIP,Cadiz Inc. Depositary Shares,$12.70,-0.18,-1.398%,0,4192,Public Utilities,Water Supply,
CEAD,CEA Industries Inc. Common Stock,$2.29,0.15,7.009%,16981129,1338856,Capital Goods,Industrial Machinery/Components,
CEADW,CEA Industries Inc. Warrant,$0.5099,0.0399,8.489%,0,13985,Capital Goods,Industrial Machinery/Components,
CECE,CECO Environmental Corp. Common Stock,$5.34,0.04,0.755%,191220541,80167,Capital Goods,Pollution Control Equipment,
CEG,Constellation Energy Corporation Common Stock ,$51.29,0.34,0.667%,16754593329,2117448,,,
CELC,Celcuity Inc. Common Stock,$8.30,0.19,2.343%,123826762,18231,Health Care,Medical Specialities,
CELH,Celsius Holdings Inc. Common Stock,$45.04,2.65,6.251%,3373522799,1165945,Consumer Non-Durables,Beverages (Production/Distribution),
CELU,Celularity Inc. Class A Common Stock,$6.94,0.01,0.144%,949013763,221286,Health Care,Biotechnology: Pharmaceutical Preparations,
CELUW,Celularity Inc. Warrant,$0.9201,-0.0399,-4.156%,0,16813,Health Care,Biotechnology: Pharmaceutical Preparations,
CELZ,Creative Medical Technology Holdings Inc. Common Stock,$1.52,0,0.00%,9617569,41226,Health Care,Biotechnology: Pharmaceutical Preparations,
CEMI,Chembio Diagnostics Inc. Common Stock,$0.6708,0.0142,2.163%,20162188,109179,Health Care,Biotechnology: In Vitro & In Vivo Diagnostic Substances,
CENQ,CENAQ Energy Corp. Class A Ordinary Shares,$9.99,0,0.00%,217304978,5,,,
CENQW,CENAQ Energy Corp. Warrant,$0.19,0,0.00%,0,18406,,,
CENT,Central Garden & Pet Company Common Stock,$44.84,0.83,1.886%,2471739623,23651,,,
CENTA,Central Garden & Pet Company Class A Common Stock Nonvoting,$41.35,0.79,1.948%,2279358462,133202,,,
CENX,Century Aluminum Company Common Stock,$22.59,-0.17,-0.747%,2060922092,1492839,Basic Industries,Aluminum,
CERE,Cerevel Therapeutics Holdings Inc. Common Stock,$28.98,-1.06,-3.529%,4289244947,453414,Consumer Durables,Specialty Chemicals,
CERN,Cerner Corporation Common Stock,$93.60,0.17,0.182%,27457006824,2997878,Health Care,Managed Health Care,
CERS,Cerus Corporation Common Stock,$4.85,-0.06,-1.222%,842549391,3010019,Health Care,Biotechnology: Electromedical & Electrotherapeutic Apparatus,
CERT,Certara Inc. Common Stock,$19.03,1.14,6.372%,3038286488,1096855,Technology,Retail: Computer Software & Peripheral Equipment,
CETX,Cemtrex Inc. Common Stock,$0.6101,0.0301,5.19%,15053125,120477,Technology,EDP Services,
CETXP,Cemtrex Inc. Series 1 Preferred Stock,$1.50,0,0.00%,0,11095,Technology,EDP Services,
CEVA,CEVA Inc. Common Stock,$37.47,1.01,2.77%,869454779,90319,Technology,Semiconductors,
CFB,CrossFirst Bankshares Inc. Common Stock,$15.93,-0.13,-0.809%,799829513,88028,Finance,Commercial Banks,
CFBK,CF Bankshares Inc. Common Stock,$20.57,-0.05,-0.242%,133710101,2491,Finance,Savings Institutions,
CFFE,CF Acquisition Corp. VIII Class A Common Stock,$10.05,0.01,0.10%,319489500,231046,,,
CFFEW,CF Acquisition Corp. VIII Warrant,$0.2427,-0.0339,-12.256%,0,117366,,,
CFFI,C&F Financial Corporation Common Stock,$50.55,-0.54,-1.057%,179567653,3226,Finance,Major Banks,
CFFN,Capitol Federal Financial Inc. Common Stock,$11.07,-0.07,-0.628%,1537039434,565967,Finance,Savings Institutions,
CFFSW,CF Acquisition Corp. VII Warrant,$0.5431,0.0572,11.772%,0,50606,,,
CFIV,CF Acquisition Corp. IV Class A common stock,$9.80,0.01,0.102%,622300000,190770,,,
CFIVU,CF Acquisition Corp. IV Unit,$9.875,0,0.00%,0,4,,,
CFIVW,CF Acquisition Corp. IV Warrant,$0.30,-0.0096,-3.101%,0,27421,,,
CFLT,Confluent Inc. Class A Common Stock,$30.38,0.31,1.031%,8292174671,5572168,Technology,EDP Services,
CFMS,Conformis Inc. Common Stock,$0.5884,-0.0186,-3.064%,109182982,766395,Health Care,Industrial Specialties,
CFRX,ContraFect Corporation Common Stock,$3.22,0.07,2.222%,126651362,21957,Health Care,Biotechnology: Pharmaceutical Preparations,
CFSB,CFSB Bancorp Inc. Common Stock,$10.46,-0.04,-0.381%,68216375,4066,Finance,Major Banks,
CFVI,CF Acquisition Corp. VI Class A Common Stock,$11.35,-0.08,-0.70%,433570000,887859,,,
CFVIU,CF Acquisition Corp. VI Unit,$12.09,-0.17,-1.387%,0,384,,,
CFVIW,CF Acquisition Corp. VI Warrant,$3.1801,-0.1799,-5.354%,0,56383,,,
CG,The Carlyle Group Inc. Common Stock,$43.09,1.32,3.16%,15353722842,1863591,Finance,Investment Managers,
CGABL,The Carlyle Group Inc. 4.625% Subordinated Notes due 2061,$20.20,0.09,0.448%,0,77514,,,
CGBD,TCG BDC Inc. Common Stock,$14.36,0.08,0.56%,758817668,134380,Finance,Finance Companies,
CGEM,Cullinan Oncology Inc. Common Stock,$12.74,0.12,0.951%,556541040,105163,Health Care,Biotechnology: Pharmaceutical Preparations,
CGNX,Cognex Corporation Common Stock,$66.74,2.17,3.361%,11607150570,777017,Capital Goods,Industrial Machinery/Components,
CGO,Calamos Global Total Return Fund Common Stock,$12.90,-0.22,-1.677%,121215766,27988,Finance,Investment Managers,
CGRN,Capstone Green Energy Corporation Common Stock,$3.61,-0.11,-2.957%,55109256,27162,,,
CGTX,Cognition Therapeutics Inc. Common Stock,$2.51,-0.09,-3.462%,55311319,37210,Health Care,Biotechnology: Pharmaceutical Preparations,
CHCI,Comstock Holding Companies Inc. Class A Common Stock,$5.21,-0.33,-5.957%,43352113,17623,Consumer Services,Building operators,
CHCO,City Holding Company Common Stock,$79.69,-0.46,-0.574%,1200600376,44616,Finance,Major Banks,
CHDN,Churchill Downs Incorporated Common Stock,$218.54,8.66,4.126%,8324189911,103913,Consumer Services,Services-Misc. Amusement & Recreation,
CHEF,The Chefs' Warehouse Inc. Common Stock,$28.66,0.82,2.945%,1085826459,155404,Consumer Non-Durables,Food Distributors,
CHI,Calamos Convertible Opportunities and Income Fund Common Stock,$11.92,0.11,0.931%,861161640,180789,Finance,Investment Managers,
CHK,Chesapeake Energy Corporation Common Stock,$75.46,-0.8,-1.049%,9658752246,1644245,Energy,Oil & Gas Production,
CHKEL,Chesapeake Energy Corporation Class C Warrants,$43.53,-0.88,-1.982%,0,45913,Energy,Oil & Gas Production,
CHKEW,Chesapeake Energy Corporation Class A Warrants,$52.67,-0.51,-0.959%,0,3124,Energy,Oil & Gas Production,
CHKEZ,Chesapeake Energy Corporation Class B Warrants,$48.192,-3.348,-6.496%,0,4215,Energy,Oil & Gas Production,
CHMG,Chemung Financial Corp Common Stock,$46.02,-0.19,-0.411%,215787780,1744,Finance,Major Banks,
CHNG,Change Healthcare Inc. Common Stock,$21.60,0.04,0.186%,6738314962,1086101,Health Care,Managed Health Care,
CHNGU,Change Healthcare Inc. Tangible Equity Units,$69.751,0.151,0.217%,0,474,Health Care,Managed Health Care,
CHPM,CHP Merger Corp. Class A Common Stock,$10.15,0,0.00%,265026680,115016,Finance,Business Services,
CHPMW,CHP Merger Corp. Warrant,$0.1479,-0.042,-22.117%,0,11013,,,
CHRS,Coherus BioSciences Inc. Common Stock,$12.54,0.48,3.98%,969032249,876216,Health Care,Biotechnology: Biological Products (No Diagnostic Substances),
CHRW,C.H. Robinson Worldwide Inc. Common Stock,$98.54,-0.29,-0.293%,12691810004,1519106,Transportation,Oil Refining/Marketing,
CHSCL,CHS Inc Class B Cumulative Redeemable Preferred Stock Series 4,$27.63,0.58,2.144%,0,24074,Consumer Non-Durables,Tobacco,
CHSCM,CHS Inc Class B Reset Rate Cumulative Redeemable Preferred Stock Series 3,$26.34,-0.14,-0.529%,0,8322,Consumer Non-Durables,Tobacco,
CHSCN,CHS Inc Preferred Class B Series 2 Reset Rate,$26.16,-0.09,-0.343%,0,14635,Consumer Non-Durables,Tobacco,
CHSCO,CHS Inc. Class B Cumulative Redeemable Preferred Stock,$27.31,0.11,0.404%,0,16055,Consumer Non-Durables,Tobacco,
CHSCP,CHS Inc. 8%  Cumulative Redeemable Preferred Stock,$32.225,0.605,1.913%,0,31723,Consumer Non-Durables,Tobacco,
CHTR,Charter Communications Inc. Class A Common Stock New,$569.16,3.02,0.533%,116620415581,1091632,Consumer Services,Television Services,
CHUY,Chuy's Holdings Inc. Common Stock,$26.57,-0.37,-1.373%,504599133,131869,Consumer Services,Restaurants,
CHW,Calamos Global Dynamic Income Fund Common Stock,$8.15,0.11,1.368%,489275723,140349,Finance,Investment Managers,
CHWA,CHW Acquisition Corporation Ordinary Share,$9.85,0,0.00%,154521875,63,,,
CHWAU,CHW Acquisition Corporation Unit,$10.1066,0,0.00%,0,97,,,
CHWAW,CHW Acquisition Corporation Warrant,$0.2499,-0.0002,-0.08%,0,31857,,,
CHX,ChampionX Corporation Common Stock ,$23.50,-1.22,-4.935%,4768434491,1392551,Capital Goods,Construction/Ag Equipment/Trucks,
CHY,Calamos Convertible and High Income Fund Common Stock,$12.65,0.0299,0.237%,935661931,154261,Finance,Investment Managers,
CIDM,Cinedigm Corp. Class A Common Stock,$0.6464,0.0058,0.905%,113036754,1142014,Consumer Services,Movies/Entertainment,
CIFR,Cipher Mining Inc. Common Stock,$2.71,0.05,1.88%,677972226,170834,Finance,Investment Bankers/Brokers/Service,
CIFRW,Cipher Mining Inc. Warrant,$0.48,-0.0099,-2.021%,0,5755,Finance,Investment Bankers/Brokers/Service,
CIIG,CIIG Capital Partners II Inc. Class A Common Stock,$9.86,0.01,0.102%,354343750,120,,,
CIIGU,CIIG Capital Partners II Inc. Unit,$10.01,0,0.00%,0,10,,,
CIIGW,CIIG Capital Partners II Inc. Warrant,$0.3501,-0.0199,-5.378%,0,1000,,,
CINC,CinCor Pharma Inc. Common Stock,$21.91,-0.04,-0.182%,800133459,88534,Health Care,Biotechnology: Pharmaceutical Preparations,
CINF,Cincinnati Financial Corporation Common Stock,$130.72,2.68,2.093%,20971902284,674227,Finance,Property-Casualty Insurers,
CING,Cingulate Inc. Common Stock,$1.43,0.13,10.00%,16172459,132104,Health Care,Biotechnology: Pharmaceutical Preparations,
CINGW,Cingulate Inc. Warrants,$0.26,-0.03,-10.345%,0,60618,Health Care,Biotechnology: Pharmaceutical Preparations,
CISO,Cerberus Cyber Sentinel Corporation Common Stock,$5.19,0.81,18.493%,698878388,361664,Technology,Computer Software: Prepackaged Software,
CITE,Cartica Acquisition Corp Class A Ordinary Shares,$9.95,-0.03,-0.301%,286062500,596177,,,
CITEW,Cartica Acquisition Corp Warrant,$0.2102,0.0076,3.751%,0,26144,,,
CIVB,Civista Bancshares Inc. Common Stock,$24.37,-0.11,-0.449%,364302183,21120,Finance,Major Banks,
CIZN,Citizens Holding Company Common Stock,$18.51,-0.44,-2.322%,103569373,1896,Finance,Major Banks,
CKPT,Checkpoint Therapeutics Inc. Common Stock,$1.69,0.09,5.625%,141576617,730496,Health Care,Biotechnology: Pharmaceutical Preparations,
CLAQ,CleanTech Acquisition Corp. Common stock,$10.01,0,0.00%,215840625,206465,,,
CLAQR,CleanTech Acquisition Corp. Rights,$0.2801,0.0401,16.708%,0,13234,,,
CLAQU,CleanTech Acquisition Corp. Units,$10.40,0.2,1.961%,0,7415,,,
CLAQW,CleanTech Acquisition Corp. Warrant,$0.35,-0.0011,-0.313%,0,19694,,,
CLAR,Clarus Corporation Common Stock,$23.30,-0.02,-0.086%,866745065,373241,Consumer Non-Durables,Recreational Products/Toys,
CLAY,Chavant Capital Acquisition Corp. Ordinary Shares,$9.92,0,0.00%,99200000,50,,,
CLAYW,Chavant Capital Acquisition Corp. Warrants,$0.22,0,0.00%,0,800,,,
CLBK,Columbia Financial Inc. Common Stock,$22.02,-0.56,-2.48%,2349565995,69902,Finance,Commercial Banks,
CLBS,Caladrius Biosciences Inc. Common Stock,$0.634,-0.016,-2.462%,37900428,249377,Health Care,Managed Health Care,
CLDX,Celldex Therapeutics Inc.,$31.21,1.24,4.137%,1458600161,472822,Health Care,Biotechnology: In Vitro & In Vivo Diagnostic Substances,
CLFD,Clearfield Inc. Common Stock,$59.54,1.91,3.314%,819417047,97343,Public Utilities,Telecommunications Equipment,
CLINU,Clean Earth Acquisitions Corp. Unit,$9.9944,0,0.00%,0,4,,,
CLIR,ClearSign Technologies Corporation Common Stock,$1.26,0,0.00%,39784127,18322,Technology,Industrial Machinery/Components,
CLMT,Calumet Specialty Products Partners L.P. Common Units,$13.99,0.46,3.40%,1100680905,178833,Energy,Oil & Gas Production,
CLNE,Clean Energy Fuels Corp. Common Stock,$7.17,-0.04,-0.555%,1595351099,3650539,Public Utilities,Natural Gas Distribution,
CLNN,Clene Inc. Common Stock,$2.42,-0.26,-9.701%,150795275,116734,Consumer Durables,Specialty Chemicals,
CLNNW,Clene Inc. Warrant,$0.3135,-0.0864,-21.605%,0,11325,Consumer Durables,Specialty Chemicals,
CLOE,Clover Leaf Capital Corp. Class A Common Stock,$10.05,0,0.00%,181934567,1,,,
CLOER,Clover Leaf Capital Corp. Rights,$0.308,0.0029,0.951%,0,800,,,
CLOV,Clover Health Investments Corp. Class A Common Stock,$2.88,0.22,8.271%,1269216000,9858970,Health Care,Medical Specialities,
CLPT,ClearPoint Neuro Inc. Common Stock,$8.04,0.03,0.375%,126480070,128989,Health Care,Medical/Dental Instruments,
CLRB,Cellectar Biosciences Inc.  Common Stock,$0.471,-0.0044,-0.926%,28778695,57193,Health Care,Biotechnology: Pharmaceutical Preparations,
CLRM,Clarim Acquisition Corp. Class A Common Stock,$9.78,0,0.00%,351468750,698,,,
CLRMU,Clarim Acquisition Corp. Unit,$9.82,-0.04,-0.406%,0,150000,,,
CLRMW,Clarim Acquisition Corp. Warrant,$0.2601,-0.0395,-13.184%,0,4860,,,
CLRO,ClearOne Inc. (DE) Common Stock,$0.7601,0.02,2.702%,17028497,23822,Technology,Radio And Television Broadcasting And Communications Equipment,
CLSD,Clearside Biomedical Inc. Common Stock,$2.49,0.41,19.712%,148569632,6383203,Health Care,Biotechnology: Pharmaceutical Preparations,
CLSK,CleanSpark Inc. Common Stock,$9.67,0.12,1.257%,401005994,1199933,Technology,Computer Software: Prepackaged Software,
CLSN,Celsion Corporation Common Stock,$4.90,-0.04,-0.81%,28275666,21351,Health Care,Biotechnology: Pharmaceutical Preparations,
CLST,Catalyst Bancorp Inc. Common Stock,$13.61,0,0.00%,71996900,225,,,
CLVR,Clever Leaves Holdings Inc. Common Shares,$0.955,-0.0027,-0.282%,25953088,135628,,,
CLVRW,Clever Leaves Holdings Inc. Warrant,$0.1751,-0.0119,-6.364%,0,115339,,,
CLVS,Clovis Oncology Inc. Common Stock,$1.43,0,0.00%,203409850,4359157,Health Care,Biotechnology: Pharmaceutical Preparations,
CLXT,Calyxt Inc. Common Stock,$1.02,-0.075,-6.849%,43573309,159403,Consumer Non-Durables,Food Distributors,
CMAX,CareMax Inc. Class A Common Stock,$8.00,0.19,2.433%,698943776,437261,Technology,Computer Software: Prepackaged Software,
CMAXW,CareMax Inc. Warrant,$1.79,0.15,9.146%,0,9439,Technology,Computer Software: Prepackaged Software,
CMCA,Capitalworks Emerging Markets Acquisition Corp Class A Ordinary Shares,$9.93,-0.01,-0.101%,285487500,8640,,,
CMCAU,Capitalworks Emerging Markets Acquisition Corp Unit,$10.04,-0.03,-0.298%,0,3121,,,
CMCAW,Capitalworks Emerging Markets Acquisition Corp Warrant,$0.2801,-0.0188,-6.29%,0,700,,,
CMCO,Columbus McKinnon Corporation Common Stock,$42.00,-0.01,-0.024%,1197322308,107715,Capital Goods,Construction/Ag Equipment/Trucks,
CMCSA,Comcast Corporation Class A Common Stock,$45.54,0.57,1.268%,206443309001,22824223,Consumer Services,Television Services,
CMCT,CIM Commercial Trust Corporation Common stock,$8.03,0.03,0.375%,187655728,9275,Consumer Services,Real Estate Investment Trusts,
CME,CME Group Inc. Class A Common Stock,$232.00,2.43,1.059%,83380271736,1188695,Finance,Investment Bankers/Brokers/Service,
CMLS,Cumulus Media Inc. Class A Common Stock,$10.05,-0.2,-1.951%,207186197,21852,Consumer Services,Broadcasting,
CMPI,Checkmate Pharmaceuticals Inc. Common Stock,$3.28,0.17,5.466%,70948867,1999,Consumer Durables,Specialty Chemicals,
CMPO,CompoSecure Inc. Class A Common Stock,$7.73,0.17,2.249%,115408761,107172,Capital Goods,Metal Fabrications,
CMPOW,CompoSecure Inc. Warrant,$1.61,0.09,5.921%,0,2550,Capital Goods,Metal Fabrications,
CMPX,Compass Therapeutics Inc. Common Stock,$1.54,0.1,6.944%,150968610,92226,Health Care,Biotechnology: Pharmaceutical Preparations,
CMRX,Chimerix Inc. Common Stock,$5.10,0.11,2.204%,443841153,652376,Health Care,Biotechnology: Pharmaceutical Preparations,
CMTL,Comtech Telecommunications Corp. Common Stock,$15.80,0.3,1.935%,418954506,135481,Technology,Radio And Television Broadcasting And Communications Equipment,
CNCE,Concert Pharmaceuticals Inc. Common Stock,$2.82,0.09,3.297%,98568424,26550,Health Care,Biotechnology: Pharmaceutical Preparations,
CNDT,Conduent Incorporated Common Stock ,$4.42,0.09,2.079%,952158743,808230,Technology,Retail: Computer Software & Peripheral Equipment,
CNFR,Conifer Holdings Inc. Common Stock,$2.44,0.03,1.245%,23687073,1915,Finance,Property-Casualty Insurers,
CNFRL,Conifer Holdings Inc. 6.75% Senior Unsecured Notes due 2023,$23.61,0.4219,1.819%,0,136,Finance,Property-Casualty Insurers,
CNGL,Canna-Global Acquisition Corp. Class A Common Stock,$9.95,-0.0022,-0.022%,294619500,51234,,,
CNGLU,Canna-Global Acquisition Corp Unit,$10.07,-0.04,-0.396%,0,51939,,,
CNGLW,Canna-Global Acquisition Corp Warrant,$0.1399,-0.0101,-6.733%,0,62632,,,
CNNB,Cincinnati Bancorp Inc. Common Stock,$15.25,0,0.00%,44676736,987,Finance,Commercial Banks,
CNOB,ConnectOne Bancorp Inc. Common Stock,$32.76,-0.36,-1.087%,1297489710,121288,Finance,Major Banks,
CNOBP,ConnectOne Bancorp Inc. Depositary Shares each representing a 1/40th interest in a share of 5.25% Fixed-Rate Reset Non-Cumulative Perpetual Preferred Stock Series A,$23.75,-0.25,-1.042%,0,14182,Finance,Major Banks,
CNSL,Consolidated Communications Holdings Inc. Common Stock,$5.39,0.1,1.89%,612373240,248820,Public Utilities,Telecommunications Equipment,
CNSP,CNS Pharmaceuticals Inc. Common Stock,$0.3203,0.0151,4.948%,12822404,637865,Health Care,Biotechnology: Pharmaceutical Preparations,
CNTQ,Chardan NexTech Acquisition 2 Corp. Class A Common Stock,$10.05,0,0.00%,158915625,40,,,
CNTQW,Chardan NexTech Acquisition 2 Corp. Warrant,$0.2666,-0.0034,-1.259%,0,1900,,,
CNTX,Context Therapeutics Inc. Common Stock,$1.79,0.07,4.07%,19625499,70580,Health Care,Biotechnology: Pharmaceutical Preparations,
CNTY,Century Casinos Inc. Common Stock,$11.33,0.71,6.685%,335649143,172870,Consumer Services,Hotels/Resorts,
CNXC,Concentrix Corporation Common Stock,$194.59,2.19,1.138%,10180486454,141728,Technology,Computer Software: Prepackaged Software,
CNXN,PC Connection Inc. Common Stock,$51.22,0.66,1.305%,1344627440,26936,Technology,Retail: Computer Software & Peripheral Equipment,
COCO,The Vita Coco Company Inc. Common Stock,$8.19,0.63,8.333%,455023149,546661,Consumer Non-Durables,Beverages (Production/Distribution),
COCP,Cocrystal Pharma Inc. Common Stock,$0.48,-0.0009,-0.187%,46785002,220728,Health Care,Biotechnology: Pharmaceutical Preparations,
CODA,Coda Octopus Group Inc. Common stock,$5.89,-0.53,-8.255%,63948879,46599,Capital Goods,Industrial Machinery/Components,
CODX,Co-Diagnostics Inc. Common Stock,$5.69,0.66,13.121%,165920730,1461882,Health Care,Medical Specialities,
COFS,ChoiceOne Financial Services Inc. Common Stock,$25.20,-0.31,-1.215%,190870722,5585,Finance,Major Banks,
COGT,Cogent Biosciences Inc. Common Stock,$5.54,0.23,4.331%,220774662,114347,Health Care,Biotechnology: Pharmaceutical Preparations,
COHR,Coherent Inc. Common Stock,$258.56,1.79,0.697%,6405280248,156787,Capital Goods,Biotechnology: Laboratory Analytical Instruments,
COHU,Cohu Inc. Common Stock,$28.57,1.22,4.461%,1387468337,355583,Capital Goods,Electrical Products,
COIN,Coinbase Global Inc. Class A Common Stock,$155.98,2.79,1.821%,40851162000,4236203,Technology,EDP Services,
COKE,Coca-Cola Consolidated Inc. Common Stock,$488.67,37.46,8.302%,4580640604,46633,Consumer Non-Durables,Beverages (Production/Distribution),
COLB,Columbia Banking System Inc. Common Stock,$34.17,0.05,0.147%,2683649986,744986,Finance,Major Banks,
COLI,Colicity Inc. Class A Common Stock,$9.7554,-0.0146,-0.149%,420701625,218958,,,
COLIU,Colicity Inc. Units,$9.80,-0.05,-0.508%,0,24506,,,
COLIW,Colicity Inc. Warrant,$0.38,-0.0402,-9.567%,0,4997,,,
COLL,Collegium Pharmaceutical Inc. Common Stock,$18.14,0.58,3.303%,605473074,259558,Health Care,Biotechnology: Pharmaceutical Preparations,
COLM,Columbia Sportswear Company Common Stock,$88.63,2.17,2.51%,5717801016,671590,Consumer Non-Durables,Apparel,
COMM,CommScope Holding Company Inc. Common Stock,$7.39,0.3,4.231%,1512133449,4776553,Technology,Radio And Television Broadcasting And Communications Equipment,
COMS,ComSovereign Holding Corp. Common Stock,$0.56,-0.015,-2.609%,44763295,139250,Consumer Services,Telecommunications Equipment,
COMSP,ComSovereign Holding Corp. 9.25% Series A Cumulative Redeemable Perpetual Preferred Stock,$15.00,0,0.00%,0,213,Consumer Services,Telecommunications Equipment,
COMSW,ComSovereign Holding Corp. Warrants,$0.26,0.0099,3.958%,0,1350,Consumer Services,Telecommunications Equipment,
CONE,CyrusOne Inc Common Stock,$90.20,0.15,0.167%,11686608758,2210006,Consumer Services,Real Estate Investment Trusts,
CONN,Conn's Inc. Common Stock,$18.93,-0.14,-0.734%,558748935,919964,Consumer Services,Consumer Electronics/Video Chains,
CONX,CONX Corp. Class A Common Stock,$9.83,-0.005,-0.051%,921857400,466867,,,
CONXU,CONX Corp. Unit,$9.9501,-0.0949,-0.945%,0,16319,,,
CONXW,CONX Corp. Warrant,$0.3966,-0.0034,-0.85%,0,23208,,,
COOL,Corner Growth Acquisition Corp. Class A Ordinary Shares,$9.79,-0.01,-0.102%,489500000,123,Finance,Business Services,
COOLU,Corner Growth Acquisition Corp. Unit,$9.875,0,0.00%,0,22,Finance,Business Services,
COOLW,Corner Growth Acquisition Corp. Warrant,$0.255,-0.0153,-5.66%,0,7578,Finance,Business Services,
COOP,Mr. Cooper Group Inc. Common Stock,$47.39,-0.35,-0.733%,3496287291,1061302,Finance,Finance: Consumer Services,
CORT,Corcept Therapeutics Incorporated Common Stock,$24.00,1,4.348%,2543097336,726559,Health Care,Biotechnology: Pharmaceutical Preparations,
CORZ,Core Scientific Inc. Common Stock,$7.69,0.34,4.626%,2439882431,1849288,Technology,EDP Services,
CORZW,Core Scientific Inc. Warrant,$1.82,0.112,6.557%,0,68149,Technology,EDP Services,
COSM,Cosmos Holdings Inc. Common Stock,$2.85,-0.17,-5.629%,50001893,831,Health Care,Biotechnology: Pharmaceutical Preparations,
COST,Costco Wholesale Corporation Common Stock,$542.32,16.37,3.112%,240369396953,2544241,Consumer Services,Department/Specialty Retail Stores,
COUP,Coupa Software Incorporated Common Stock,$72.55,-17.27,-19.227%,5418067518,24554333,Technology,Computer Software: Prepackaged Software,
COVA,COVA Acquisition Corp. Class A Ordinary Share,$9.79,0.02,0.205%,367125000,3025,Finance,Business Services,
COVAU,COVA Acquisition Corp. Unit,$9.82,0,0.00%,0,1255,Finance,Business Services,
COVAW,COVA Acquisition Corp. Warrants to purchase Class A ordinary shares,$0.15,0.01,7.143%,0,275854,Finance,Business Services,
COWN,Cowen Inc. Class A Common Stock,$26.47,0.63,2.438%,726827792,325379,Finance,Investment Bankers/Brokers/Service,
COWNL,Cowen Inc. 7.75% Senior Notes due 2033,$25.78,-0.0006,-0.002%,0,4286,Finance,Investment Bankers/Brokers/Service,
CPAA,Conyers Park III Acquisition Corp. Class A Common Stock,$9.71,0,0.00%,433308750,162,,,
CPAAW,Conyers Park III Acquisition Corp. Warrants,$0.5085,-0.1915,-27.357%,0,40584,,,
CPAQU,Counter Press Acquisition Corporation Unit,$10.1395,-0.0297,-0.292%,0,900,,,
CPAR,Catalyst Partners Acquisition Corp. Class A Ordinary Share,$9.70,-0.015,-0.154%,433284528,6410,,,
CPARU,Catalyst Partners Acquisition Corp. Unit,$9.8192,0.0192,0.196%,0,738,,,
CPARW,Catalyst Partners Acquisition Corp. Warrant,$0.49,0,0.00%,0,15443,,,
CPHC,Canterbury Park Holding Corporation 'New' Common Stock,$19.52,0.22,1.14%,93622859,5021,Consumer Services,Services-Misc. Amusement & Recreation,
CPIX,Cumberland Pharmaceuticals Inc. Common Stock,$2.56,-0.01,-0.389%,37741450,24833,Health Care,Biotechnology: Pharmaceutical Preparations,
CPRT,Copart Inc. (DE) Common Stock,$120.27,4.17,3.592%,28563800632,1558250,Consumer Services,Other Specialty Stores,
CPRX,Catalyst Pharmaceuticals Inc. Common Stock,$7.54,-0.09,-1.18%,777506546,928564,Health Care,Biotechnology: Pharmaceutical Preparations,
CPSH,CPS Technologies Corp. Common Stock,$3.53,-0.06,-1.671%,50817711,98044,,,
CPSI,Computer Programs and Systems Inc. Common Stock,$33.39,-0.07,-0.209%,488996550,102529,Technology,EDP Services,
CPSS,Consumer Portfolio Services Inc. Common Stock,$10.28,-0.2,-1.908%,216636310,99903,Finance,Diversified Financial Services,
CPTAG,Capitala Finance Corp. 5.75% Convertible Notes Due 2022,$25.09,-0.04,-0.159%,0,4696,Finance,Trusts Except Educational Religious and Charitable,
CPTAL,Capitala Finance Corp. 6% Notes Due 2022,$25.07,0.11,0.441%,0,444,Finance,Trusts Except Educational Religious and Charitable,
CPTN,Cepton Inc. Common Stock,$4.28,-1.73,-28.785%,659325444,514417,Technology,Computer Software: Prepackaged Software,
CPTNW,Cepton Inc. Warrant,$0.4001,-0.0189,-4.511%,0,8426,Technology,Computer Software: Prepackaged Software,
CPZ,Calamos Long/Short Equity & Dynamic Income Trust Common Stock,$18.98,0.26,1.389%,372619042,33005,Finance,Trusts Except Educational Religious and Charitable,
CRAI,CRA International Inc. Common Stock,$88.53,3.4,3.994%,655140503,32396,Miscellaneous,Other Consumer Services,
CRBP,Corbus Pharmaceuticals Holdings Inc. Common Stock,$0.3801,-0.0475,-11.109%,47605009,655639,Health Care,Biotechnology: Pharmaceutical Preparations,
CRBU,Caribou Biosciences Inc. Common Stock,$8.57,0.15,1.781%,519028912,610751,Consumer Durables,Specialty Chemicals,
CRCT,Cricut Inc. Class A Common Stock,$10.78,0.38,3.654%,2392565677,263402,Capital Goods,Wholesale Distributors,
CRDF,Cardiff Oncology Inc. Common Stock,$2.27,0.16,7.583%,98304758,579724,Health Care,Biotechnology: Biological Products (No Diagnostic Substances),
CRDO,Credo Technology Group Holding Ltd Ordinary Shares,$14.30,0.63,4.609%,2070691480,338216,,,
CREX,Creative Realities Inc. Common Stock,$0.8155,-0.0272,-3.228%,12768164,62016,Technology,EDP Services,
CRIS,Curis Inc. Common Stock,$2.66,0.04,1.527%,243776682,3136635,Health Care,Biotechnology: Biological Products (No Diagnostic Substances),
CRKN,Crown Electrokinetics Corp. Common Stock,$1.33,0.01,0.758%,19325068,82813,,,
CRMD,CorMedix Inc. Common Stock,$4.82,0.13,2.772%,183576626,173966,Health Care,Biotechnology: Pharmaceutical Preparations,
CRMT,America's Car-Mart Inc Common Stock,$89.01,2.45,2.83%,573194404,65400,Consumer Services,Other Specialty Stores,
CRNC,Cerence Inc. Common Stock,$32.31,2.02,6.669%,1265471780,1075415,Technology,EDP Services,
CRNX,Crinetics Pharmaceuticals Inc. Common Stock,$19.08,0.05,0.263%,906297825,179693,Health Care,Biotechnology: Pharmaceutical Preparations,
CROX,Crocs Inc. Common Stock,$72.30,4.73,7.00%,4425212092,1489137,Consumer Non-Durables,Shoe Manufacturing,
CRSR,Corsair Gaming Inc. Common Stock,$18.34,0.55,3.092%,1745968000,1184272,Technology,Computer Manufacturing,
CRTD,Creatd Inc. Common Stock,$1.06,-0.05,-4.505%,19358367,268563,Consumer Services,Publishing,
CRTDW,Creatd Inc. Warrant,$0.25,-0.002,-0.794%,0,2001,Consumer Services,Publishing,
CRTX,Cortexyme Inc. Common Stock,$5.17,0.38,7.933%,155852292,456623,Health Care,Biotechnology: Biological Products (No Diagnostic Substances),
CRUS,Cirrus Logic Inc. Common Stock,$79.91,0.6,0.757%,4577451287,517847,Technology,Semiconductors,
CRVL,CorVel Corp. Common Stock,$159.30,3.07,1.965%,2806947243,34258,Finance,Specialty Insurers,
CRVS,Corvus Pharmaceuticals Inc. Common Stock,$1.46,-0.04,-2.667%,67968126,134940,Health Care,Biotechnology: Pharmaceutical Preparations,
CRWD,CrowdStrike Holdings Inc. Class A Common Stock,$188.64,5.52,3.014%,43262568193,5073118,Technology,EDP Services,
CRWS,Crown Crafts Inc Common Stock,$6.50,0.03,0.464%,65521430,8648,,,
CRXT,Clarus Therapeutics Holdings Inc. Common Stock,$0.6505,-0.0383,-5.56%,15628794,144446,Health Care,Biotechnology: Pharmaceutical Preparations,
CRXTW,Clarus Therapeutics Holdings Inc. Warrants,$0.1199,0.0189,18.713%,0,6060,Health Care,Biotechnology: Pharmaceutical Preparations,
CRZN,Corazon Capital V838 Monoceros Corp Class A Ordinary Shares,$9.75,0.01,0.103%,248380031,14778,Finance,Business Services,
CSBR,Champions Oncology Inc. Common Stock,$7.59,-0.36,-4.528%,102578045,14614,Health Care,Biotechnology: Biological Products (No Diagnostic Substances),
CSCO,Cisco Systems Inc. Common Stock (DE),$55.60,1.3,2.394%,230971740800,18824579,Technology,Computer peripheral equipment,
CSCW,Color Star Technology Co. Ltd. Ordinary Shares,$0.2144,0.0004,0.187%,40100637,3244188,Basic Industries,Engineering & Construction,
CSGP,CoStar Group Inc. Common Stock,$57.84,1.89,3.378%,22846088799,3294374,Finance,Real Estate,
CSGS,CSG Systems International Inc. Common Stock,$62.57,-0.62,-0.981%,2024041828,165488,Technology,EDP Services,
CSII,Cardiovascular Systems Inc. Common Stock,$19.47,0.96,5.186%,790072390,274080,Health Care,Medical/Dental Instruments,
CSLM,Consilium Acquisition Corp I Ltd. Class A Ordinary Share,$9.745,0.005,0.051%,0,221421,,,
CSLMR,Consilium Acquisition Corp I Ltd. Right,$0.1501,0,0.00%,0,75,,,
CSLMU,Consilium Acquisition Corp I Ltd. Unit,$10.00,0,0.00%,0,113,,,
CSLMW,Consilium Acquisition Corp I Ltd. Warrant,$0.15,0,0.00%,0,217828,,,
CSPI,CSP Inc. Common Stock,$7.48,-0.23,-2.983%,33882979,35081,Technology,EDP Services,
CSQ,Calamos Strategic Total Return Common Stock,$15.74,0.3,1.943%,2476070670,246933,Finance,Finance Companies,
CSSE,Chicken Soup for the Soul Entertainment Inc. Class A Common Stock,$9.08,0.93,11.411%,114851994,53984,Consumer Services,Movies/Entertainment,
CSSEN,Chicken Soup for the Soul Entertainment Inc. 9.50% Notes due 2025,$25.454,-0.016,-0.063%,0,769,Consumer Services,Movies/Entertainment,
CSSEP,Chicken Soup for the Soul Entertainment Inc. 9.75% Series A Cumulative Redeemable Perpetual Preferred Stock,$24.85,0,0.00%,0,4839,Consumer Services,Movies/Entertainment,
CSTL,Castle Biosciences Inc. Common Stock,$36.46,-0.56,-1.513%,926470549,155363,Health Care,Medical Specialities,
CSTR,CapStar Financial Holdings Inc. Common Stock,$21.67,-0.19,-0.869%,481638937,31450,Finance,Major Banks,
CSWC,Capital Southwest Corporation Common Stock,$23.51,0.04,0.17%,562493278,155060,Finance,Finance/Investors Services,
CSWI,CSW Industrials Inc. Common Stock,$117.75,-0.51,-0.431%,1863332285,35624,Basic Industries,Home Furnishings,
CSX,CSX Corporation Common Stock,$34.36,0.13,0.38%,75364861296,24581332,Transportation,Railroads,
CTAQ,Carney Technology Acquisition Corp. II Class A Common Stock,$9.795,0.005,0.051%,501626438,405,,,
CTAQU,Carney Technology Acquisition Corp. II Units,$9.89,0,0.00%,0,2109,,,
CTAQW,Carney Technology Acquisition Corp. II Warrant,$0.36,0.01,2.857%,0,26402,,,
CTAS,Cintas Corporation Common Stock,$382.11,7.1,1.893%,39637254615,364697,Miscellaneous,Business Services,
CTBI,Community Trust Bancorp Inc. Common Stock,$41.51,-0.57,-1.355%,742365131,91630,Finance,Major Banks,
CTG,Computer Task Group Inc. Common Stock,$8.82,-0.07,-0.787%,135322808,9608,Technology,EDP Services,
CTHR,Charles & Colvard Ltd Common Stock,$1.88,0.16,9.302%,57602615,111149,Consumer Non-Durables,Consumer Specialties,
CTIB,Yunhong CTI Ltd. Common Stock,$0.92,-0.0067,-0.723%,5415810,14122,Miscellaneous,Diversified Commercial Services,
CTIC,CTI BioPharma Corp. (DE) Common Stock,$4.47,0.3,7.194%,432215135,2699661,Health Care,Biotechnology: Pharmaceutical Preparations,
CTKB,Cytek Biosciences Inc. Common Stock,$12.19,0.02,0.164%,1630408392,1427048,Health Care,Biotechnology: Electromedical & Electrotherapeutic Apparatus,
CTLP,Cantaloupe Inc. Common Stock,$6.85,0.34,5.223%,486931099,179020,Technology,EDP Services,
CTMX,CytomX Therapeutics Inc. Common Stock,$2.98,-0.15,-4.792%,194870419,865388,Health Care,Biotechnology: Pharmaceutical Preparations,
CTRE,CareTrust REIT Inc. Common Stock,$18.01,0.45,2.563%,1747858235,733790,Consumer Services,Real Estate Investment Trusts,
CTRN,Citi Trends Inc. Common Stock,$34.34,2.05,6.349%,291722730,1331402,,,
CTSH,Cognizant Technology Solutions Corporation Class A Common Stock,$88.17,0.74,0.846%,46248235785,3190115,Technology,EDP Services,
CTSO,Cytosorbents Corporation Common Stock,$2.94,0.055,1.906%,127907487,106905,Health Care,Medical/Dental Instruments,
CTXR,Citius Pharmaceuticals Inc. Common Stock,$1.58,0.06,3.947%,230726815,893128,Health Care,Biotechnology: Pharmaceutical Preparations,
CTXRW,Citius Pharmaceuticals Inc. Warrant,$0.40,0.0001,0.025%,0,810,Health Care,Biotechnology: Pharmaceutical Preparations,
CTXS,Citrix Systems Inc. Common Stock,$100.49,-0.02,-0.02%,12616409865,2392312,Technology,Computer Software: Prepackaged Software,
CUBA,Herzfeld Caribbean Basin Fund Inc. (The) Common Stock,$4.84,0.04,0.833%,28921212,13989,Finance,Investment Managers,
CUE,Cue Biopharma Inc. Common Stock,$4.41,-0.01,-0.226%,140065772,500997,Health Care,Biotechnology: Pharmaceutical Preparations,
CUEN,Cuentas Inc. Common Stock,$1.045,0.075,7.732%,15639146,52960,Technology,Computer Software: Prepackaged Software,
CUENW,Cuentas Inc. Warrant,$0.4073,-0.0126,-3.001%,0,400,Technology,Computer Software: Prepackaged Software,
CULL,Cullman Bancorp Inc. Common Stock,$11.95,0.3,2.575%,88500421,624,Finance,Savings Institutions,
CURI,CuriosityStream Inc. Class A Common Stock,$3.20,0.4,14.286%,168385046,502025,Consumer Services,Broadcasting,
CUTR,Cutera Inc. Common Stock,$42.67,1.17,2.819%,770631337,203591,Health Care,Biotechnology: Electromedical & Electrotherapeutic Apparatus,
CVBF,CVB Financial Corporation Common Stock,$23.72,-0.25,-1.043%,3366351888,1063120,Finance,Major Banks,
CVCO,Cavco Industries Inc. Common Stock When Issued,$277.39,13.39,5.072%,2541887953,67770,Basic Industries,Homebuilding,
CVCY,Central Valley Community Bancorp Common Stock,$22.94,0.01,0.044%,271123662,32783,Finance,Major Banks,
CVET,Covetrus Inc. Common Stock,$16.02,0.06,0.376%,2212941059,483716,Health Care,Other Pharmaceuticals,
CVGI,Commercial Vehicle Group Inc. Common Stock,$7.79,-0.3,-3.708%,256128579,100807,Capital Goods,Auto Parts:O.E.M.,
CVGW,Calavo Growers Inc. Common Stock,$35.13,0,0.00%,621801000,372909,Consumer Non-Durables,Specialty Foods,
CVLG,Covenant Logistics Group Inc. Class A Common Stock,$22.65,0.64,2.908%,380927111,90478,Transportation,Trucking Freight/Courier Services,
CVLT,Commvault Systems Inc. Common Stock,$61.26,1.46,2.441%,2729720728,324619,Technology,Computer Software: Prepackaged Software,
CVLY,Codorus Valley Bancorp Inc Common Stock,$21.87,-0.2,-0.906%,207355769,8328,Finance,Savings Institutions,
CVRX,CVRx Inc. Common Stock,$6.31,0.2,3.273%,136936844,54070,Health Care,Biotechnology: Electromedical & Electrotherapeutic Apparatus,
CVT,Cvent Holding Corp. Common Stock,$6.64,-0.34,-4.871%,3194648055,441877,Technology,Computer Software: Prepackaged Software,
CVV,CVD Equipment Corporation Common Stock,$3.92,0.01,0.256%,26355877,32119,Technology,Industrial Machinery/Components,
CWBC,Community West Bancshares Common Stock,$13.67,0.06,0.441%,118245500,3896,Finance,Major Banks,
CWBR,CohBar Inc. Common Stock,$0.255,0.005,2.00%,21944362,273032,Health Care,Biotechnology: In Vitro & In Vivo Diagnostic Substances,
CWST,Casella Waste Systems Inc. Class A Common Stock,$87.90,-0.21,-0.238%,4519064873,510232,Public Utilities,Environmental Services,
CXDO,Crexendo Inc. Common Stock,$3.67,-0.17,-4.427%,79584735,32013,Consumer Services,Telecommunications Equipment,
CYAN,Cyanotech Corporation Common Stock,$3.08,-0.07,-2.222%,19078031,19038,Consumer Non-Durables,Farming/Seeds/Milling,
CYBE,CyberOptics Corporation Common Stock,$35.55,0.77,2.214%,261489767,25545,Capital Goods,Electronic Components,
CYCC,Cyclacel Pharmaceuticals Inc. Common Stock,$2.71,-0.08,-2.867%,27032616,16836,Health Care,Biotechnology: Pharmaceutical Preparations,
CYCCP,Cyclacel Pharmaceuticals Inc. 6% Convertible Preferred Stock,$6.00,0,0.00%,0,3,Health Care,Biotechnology: Pharmaceutical Preparations,
CYCN,Cyclerion Therapeutics Inc. Common Stock,$1.00,0,0.00%,43410185,56680,Health Care,Biotechnology: Pharmaceutical Preparations,
CYN,Cyngn Inc. Common Stock,$1.25,-0.03,-2.344%,33667856,80408,Technology,EDP Services,
CYRN,CYREN Ltd. Ordinary Shares,$5.50,-1.02,-15.644%,29115345,1720685,Technology,Computer Software: Prepackaged Software,
CYRX,CryoPort Inc. Common Stock,$27.50,0.51,1.89%,1366606643,1142281,,,
CYT,Cyteir Therapeutics Inc. Common Stock,$3.58,-0.07,-1.918%,126627926,242478,Health Care,Biotechnology: Pharmaceutical Preparations,
CYTH,Cyclo Therapeutics Inc. Common Stock,$2.62,-0.16,-5.755%,22021690,56528,Health Care,Biotechnology: Pharmaceutical Preparations,
CYTHW,Cyclo Therapeutics Inc. Warrant,$1.5699,0,0.00%,0,10,Health Care,Biotechnology: Pharmaceutical Preparations,
CYTK,Cytokinetics Incorporated Common Stock,$33.94,-0.75,-2.162%,2880013896,798594,Health Care,Biotechnology: Pharmaceutical Preparations,
CYXT,Cyxtera Technologies Inc. Class A Common Stock,$11.42,0.12,1.062%,2039227740,148594,Technology,EDP Services,
CZNC,Citizens & Northern Corp Common Stock,$24.72,-0.09,-0.363%,391197832,21511,Finance,Major Banks,
CZR,Caesars Entertainment Inc. Common Stock,$74.97,3,4.168%,16052835121,1992500,Consumer Services,Hotels/Resorts,
CZWI,Citizens Community Bancorp Inc. Common Stock,$15.21,0.03,0.198%,160260834,6781,Finance,Savings Institutions,
DAIO,Data I/O Corporation Common Stock,$4.42,-0.02,-0.45%,38104851,2173,Capital Goods,Industrial Machinery/Components,
DAKT,Daktronics Inc. Common Stock,$3.93,0.04,1.028%,178682783,430567,Capital Goods,Office Equipment/Supplies/Services,
DALN,DallasNews Corporation Series A Common Stock,$6.64,-0.01,-0.15%,35540534,14075,Consumer Services,Newspapers/Magazines,
DALS,DA32 Life Science Tech Acquisition Corp. Class A Common Stock,$9.66,-0.01,-0.103%,247779000,19554,,,
DAOO,Crypto 1 Acquisition Corp Class A Ordinary Shares,$9.86,0.01,0.102%,283475000,105098,,,
DAOOU,Crypto 1 Acquisition Corp Unit,$10.0503,0,0.00%,0,15,,,
DAOOW,Crypto 1 Acquisition Corp Warrants,$0.27,0.0099,3.806%,0,41883,,,
DARE,Dare Bioscience Inc. Common Stock,$1.46,0.02,1.389%,111838371,814563,Health Care,Biotechnology: Pharmaceutical Preparations,
DATS,DatChat Inc. Common Stock,$1.46,0.06,4.286%,28612232,276174,Technology,Computer Software: Prepackaged Software,
DATSW,DatChat Inc. Series A Warrant,$0.5135,-0.0666,-11.481%,0,210,Technology,Computer Software: Prepackaged Software,
DAVE,Dave Inc. Class A Common Stock,$6.69,0.26,4.044%,2488684897,890685,Technology,Retail: Computer Software & Peripheral Equipment,
DAVEW,Dave Inc. Warrants,$1.03,0.0499,5.091%,0,39081,Technology,Retail: Computer Software & Peripheral Equipment,
DAWN,Day One Biopharmaceuticals Inc. Common Stock,$10.48,-0.25,-2.33%,649760000,227528,Health Care,Biotechnology: Pharmaceutical Preparations,
DBGI,Digital Brands Group Inc. Common Stock,$1.54,-0.03,-1.911%,19710532,209360,Consumer Non-Durables,Apparel,
DBGIW,Digital Brands Group Inc. Warrant,$0.4442,-0.0259,-5.509%,0,6528,Consumer Non-Durables,Apparel,
DBTX,Decibel Therapeutics Inc. Common Stock,$2.83,-0.11,-3.741%,70533117,19358,Health Care,Biotechnology: Pharmaceutical Preparations,
DBX,Dropbox Inc. Class A Common Stock,$21.29,0.8,3.904%,8125433800,3886850,Technology,Computer Software: Prepackaged Software,
DCGO,DocGo Inc. Common Stock,$7.46,1.3,21.104%,746518007,937134,Health Care,Managed Health Care,
DCGOW,DocGo Inc. Warrants,$1.945,0.04,2.10%,0,32450,Health Care,Managed Health Care,
DCOM,Dime Community Bancshares Inc. Common Stock,$33.83,-0.07,-0.206%,1341279086,103832,Finance,Savings Institutions,
DCOMP,Dime Community Bancshares Inc. Fixed-Rate Non-Cumulative Perpetual Preferred Stock Series A,$23.62,0.05,0.212%,0,3669,Finance,Savings Institutions,
DCPH,Deciphera Pharmaceuticals Inc. Common Stock,$7.72,0.41,5.609%,452024312,1279060,Health Care,Biotechnology: Pharmaceutical Preparations,
DCRD,Decarbonization Plus Acquisition Corporation IV Class A Ordinary Share,$9.86,0,0.00%,389778125,76,,,
DCRDW,Decarbonization Plus Acquisition Corporation IV Warrant,$0.4479,-0.0025,-0.555%,0,2311,,,
DCT,Duck Creek Technologies Inc. Common Stock,$19.13,0.33,1.755%,2527010732,675370,Technology,Retail: Computer Software & Peripheral Equipment,
DCTH,Delcath Systems Inc. Common Stock,$6.13,0.01,0.163%,45094052,4164,Health Care,Medical Specialities,
DDOG,Datadog Inc. Class A Common Stock,$120.94,2.18,1.836%,37964238997,3475124,Technology,EDP Services,
DENN,Denny's Corporation Common Stock,$14.04,0.19,1.372%,866442826,342622,Consumer Services,Restaurants,
DERM,Journey Medical Corporation Common Stock,$4.18,0.1,2.451%,69637320,16148,Health Care,Biotechnology: Pharmaceutical Preparations,
DFFN,Diffusion Pharmaceuticals Inc. Common Stock,$0.215,-0.0009,-0.417%,21913785,665147,Health Care,Biotechnology: Pharmaceutical Preparations,
DFH,Dream Finders Homes Inc. Class A Common Stock,$21.91,1.51,7.402%,2027145671,151982,,,
DGICA,Donegal Group Inc. Class A Common Stock,$13.52,-0.07,-0.515%,424050703,41807,Finance,Property-Casualty Insurers,
DGICB,Donegal Group Inc. Class B Common Stock,$13.3029,0,0.00%,417241428,54,Finance,Property-Casualty Insurers,
DGII,Digi International Inc. Common Stock,$19.84,0.34,1.744%,694282924,111201,Technology,Computer peripheral equipment,
DGLY,Digital Ally Inc. Common Stock,$1.00,-0.01,-0.99%,52702947,1404818,Miscellaneous,Diversified Manufacture,
DGNU,Dragoneer Growth Opportunities Corp. III Class A Ordinary Shares,$9.73,0.01,0.103%,523809763,12899,Finance,Business Services,
DH,Definitive Healthcare Corp. Class A Common Stock,$19.88,1.36,7.343%,1928958289,441123,Technology,Computer Software: Prepackaged Software,
DHAC,Digital Health Acquisition Corp. Common Stock,$9.98,0.01,0.10%,149021360,196004,,,
DHACU,Digital Health Acquisition Corp. Unit,$10.1501,0.0301,0.297%,0,100,,,
DHACW,Digital Health Acquisition Corp. Warrant,$0.18,-0.015,-7.692%,0,181400,,,
DHBC,DHB Capital Corp. Class A common stock,$9.735,-0.015,-0.154%,349851563,33470,,,
DHBCU,DHB Capital Corp. Unit,$9.88,0.02,0.203%,355062500,56823,,,
DHBCW,DHB Capital Corp. Warrant,$0.34,-0.0042,-1.22%,0,17613,,,
DHC,Diversified Healthcare Trust Common Shares of Beneficial Interest,$3.08,0.13,4.407%,736104274,1821220,Consumer Services,Real Estate Investment Trusts,
DHCA,DHC Acquisition Corp. Class A ordinary share,$9.73,0,0.00%,376369438,8651,Finance,Business Services,
DHCAU,DHC Acquisition Corp. Unit,$9.80,0,0.00%,0,2000,Finance,Business Services,
DHCNI,Diversified Healthcare Trust 5.625% Senior Notes due 2042,$18.14,-0.17,-0.928%,0,13430,Consumer Services,Real Estate Investment Trusts,
DHCNL,Diversified Healthcare Trust 6.25% Senior Notes Due 2046,$19.39,-0.045,-0.232%,0,25592,Consumer Services,Real Estate Investment Trusts,
DHHC,DiamondHead Holdings Corp. Class A Common Stock,$9.78,0,0.00%,421762500,11,,,
DHHCW,DiamondHead Holdings Corp. Warrant,$0.33,0,0.00%,0,5,,,
DHIL,Diamond Hill Investment Group Inc. Class A Common Stock,$183.86,0.35,0.191%,592238800,11489,Finance,Investment Managers,
DIBS,1stdibs.com Inc. Common Stock,$7.71,-0.22,-2.774%,293215795,344918,Miscellaneous,Diversified Commercial Services,
DICE,DICE Therapeutics Inc. Common Stock,$17.08,-0.92,-5.111%,652992568,304902,Health Care,Biotechnology: Pharmaceutical Preparations,
DIOD,Diodes Incorporated Common Stock,$84.92,3.19,3.903%,3823238518,244837,Technology,Semiconductors,
DISA,Disruptive Acquisition Corporation I Class A Ordinary Shares,$9.72,0,0.00%,334125000,6107,Finance,Business Services,
DISAU,Disruptive Acquisition Corporation I Unit,$9.81,-0.045,-0.457%,0,10607,Finance,Business Services,
DISAW,Disruptive Acquisition Corporation I Warrant,$0.20,0.0099,5.208%,0,298619,Finance,Business Services,
DISCA,Discovery Inc. Series A Common Stock,$25.02,1.14,4.774%,12666270441,7460884,Consumer Services,Television Services,
DISCB,Discovery Inc. Series B Common Stock,$26.98,0.47,1.773%,13658512251,6920,Consumer Services,Television Services,
DISCK,Discovery Inc. Series C Common Stock,$25.04,1.1,4.595%,12676395358,6167773,Consumer Services,Television Services,
DISH,DISH Network Corporation Class A Common Stock,$29.45,0,0.00%,15579238568,2351287,Consumer Services,Television Services,
DJCO,Daily Journal Corp. (S.C.) Common Stock,$297.40,5.39,1.846%,410633860,1283,Consumer Services,Newspapers/Magazines,
DKNG,DraftKings Inc. Class A Common Stock,$16.13,0.87,5.701%,6591962736,24369604,Consumer Services,Services-Misc. Amusement & Recreation,
DLCA,Deep Lake Capital Acquisition Corp. Class A Ordinary Shares,$9.79,0.01,0.102%,253316250,6469,Finance,Business Services,
DLCAU,Deep Lake Capital Acquisition Corp. Unit,$9.86,0,0.00%,0,81,Finance,Business Services,
DLCAW,Deep Lake Capital Acquisition Corp. Warrant,$0.237,0.017,7.727%,0,100,Finance,Business Services,
DLHC,DLH Holdings Corp.,$16.61,0.16,0.973%,212074620,14257,Miscellaneous,Business Services,
DLPN,Dolphin Entertainment Inc. Common Stock,$3.62,0.07,1.972%,29250979,79390,,,
DLTH,Duluth Holdings Inc. Class B Common Stock,$13.11,0.21,1.628%,433449611,89706,Consumer Services,Department/Specialty Retail Stores,
DLTR,Dollar Tree Inc. Common Stock,$151.06,-0.02,-0.013%,33981862273,3323236,Consumer Services,Department/Specialty Retail Stores,
DMAC,DiaMedica Therapeutics Inc. Common Stock,$2.30,-0.01,-0.433%,60810199,26506,,,
DMAQR,Deep Medicine Acquisition Corp. Rights,$0.20,-0.01,-4.762%,0,400,,,
DMLP,Dorchester Minerals L.P. Common Units Representing Limited Partnership Interests,$23.00,-0.25,-1.075%,850649802,123483,Energy,Oil & Gas Production,
DMRC,Digimarc Corporation Common Stock,$24.31,1.01,4.335%,429979017,111579,Technology,EDP Services,
DMTK,DermTech Inc. Common Stock,$11.74,0.495,4.402%,350447570,744993,Health Care,Managed Health Care,
DNAA,Social Capital Suvretta Holdings Corp. I Class A Ordinary Share,$9.87,-0.02,-0.202%,314754300,14796,,,
DNAB,Social Capital Suvretta Holdings Corp. II Class A Ordinary Shares,$9.67,0,0.00%,308376300,2259,,,
DNAC,Social Capital Suvretta Holdings Corp. III Class A ordinary shares,$9.86,-0.0003,-0.003%,314435400,18174,,,
DNAD,Social Capital Suvretta Holdings Corp. IV Class A Ordinary Shares,$9.685,-0.013,-0.134%,308854650,32824,Health Care,Biotechnology: Pharmaceutical Preparations,
DNAY,Codex DNA Inc. Common Stock,$9.21,0.01,0.109%,269919303,127323,Health Care,Medical Specialities,
DNLI,Denali Therapeutics Inc. Common Stock,$29.61,0.61,2.103%,3637096559,521339,Health Care,Biotechnology: Biological Products (No Diagnostic Substances),
DNUT,Krispy Kreme Inc. Common Stock,$14.18,0.77,5.742%,2371617124,1946458,Consumer Services,Specialty Foods,
DOCU,DocuSign Inc. Common Stock,$76.64,3.4,4.642%,15165256723,8358362,Technology,EDP Services,
DOMO,Domo Inc. Class B Common Stock,$40.81,1,2.512%,1330820262,329575,Technology,Computer Software: Prepackaged Software,
DORM,Dorman Products Inc. Common Stock,$96.92,0.18,0.186%,3057399843,122093,Capital Goods,Auto Parts:O.E.M.,
DPCS,DP Cap Acquisition Corp I Class A Ordinary Shares,$9.91,0,0.00%,284912500,2,,,
DPCSU,DP Cap Acquisition Corp I Unit,$10.065,0,0.00%,0,2,,,
DPCSW,DP Cap Acquisition Corp I Warrants,$0.3861,0.0673,21.11%,0,200,,,
DRAY,Macondray Capital Acquisition Corp. I Class A Ordinary Shares,$9.87,0.01,0.101%,354703125,173877,,,
DRAYW,Macondray Capital Acquisition Corp. I Warrant,$0.29,-0.02,-6.452%,0,45000,,,
DRCT,Direct Digital Holdings Inc. Class A Common Stock,$2.69,-0.16,-5.614%,38138820,1845180,Technology,Advertising,
DRCTW,Direct Digital Holdings Inc. Warrant,$0.52,0.0001,0.019%,0,4429,Technology,Advertising,
DRMA,Dermata Therapeutics Inc. Common Stock,$0.9352,-0.0024,-0.256%,7788934,25875,Health Care,Biotechnology: Pharmaceutical Preparations,
DRMAW,Dermata Therapeutics Inc. Warrant,$0.1911,-0.0288,-13.097%,0,5465,Health Care,Biotechnology: Pharmaceutical Preparations,
DRRX,DURECT Corporation Common Stock,$0.5489,-0.0041,-0.741%,124981245,690594,Health Care,Biotechnology: Pharmaceutical Preparations,
DRVN,Driven Brands Holdings Inc. Common Stock,$26.42,0.75,2.922%,4422173920,299013,,,
DSEY,Diversey Holdings Ltd. Ordinary Shares,$7.47,0.01,0.134%,2380237752,541232,Consumer Durables,Specialty Chemicals,
DSGN,Design Therapeutics Inc. Common Stock,$17.42,0.47,2.773%,970296718,100898,Health Care,Biotechnology: Pharmaceutical Preparations,
DSKE,Daseke Inc. Common Stock,$11.13,0.45,4.213%,705461583,345074,,,
DSP,Viant Technology Inc. Class A Common Stock,$6.00,-0.21,-3.382%,82449048,491472,Technology,EDP Services,
DTIL,Precision BioSciences Inc. Common Stock,$2.96,-0.58,-16.384%,179871229,1699025,Health Care,Biotechnology: Pharmaceutical Preparations,
DTOC,Digital Transformation Opportunities Corp. Class A Common Stock,$9.73,0,0.00%,405619375,32846,,,
DTOCW,Digital Transformation Opportunities Corp. Warrant,$0.3967,0.0366,10.164%,0,1800,,,
DTRT,DTRT Health Acquisition Corp. Class A Common Stock,$10.00,0,0.00%,287500000,15,,,
DTRTW,DTRT Health Acquisition Corp. Warrant,$0.1881,-0.0519,-21.625%,0,2610,,,
DTST,Data Storage Corporation Common Stock,$3.14,-0.15,-4.559%,21015210,225615,Technology,EDP Services,
DTSTW,Data Storage Corporation Warrant,$0.6799,0.0499,7.921%,0,1301,Technology,EDP Services,
DUNE,Dune Acquisition Corporation Class A Common Stock,$9.935,-0.005,-0.05%,214223438,35474,,,
DUNEU,Dune Acquisition Corporation Unit,$10.02,0,0.00%,0,70,,,
DUNEW,Dune Acquisition Corporation Warrant,$0.1714,0,0.00%,0,119,,,
DUOL,Duolingo Inc. Class A Common Stock,$68.11,1.12,1.672%,2630768774,343237,Technology,Computer Software: Prepackaged Software,
DUOT,Duos Technologies Group Inc. Common Stock,$5.86,-0.05,-0.846%,35683550,15994,Technology,Computer Software: Prepackaged Software,
DVAX,Dynavax Technologies Corporation Common Stock,$10.44,0.19,1.854%,1304183143,1618256,Health Care,Biotechnology: Pharmaceutical Preparations,
DWAC,Digital World Acquisition Corp. Class A Common Stock,$66.30,4.31,6.953%,2467336864,2484582,,,
DWACU,Digital World Acquisition Corp. Units,$76.01,4.83,6.786%,0,3097,,,
DWACW,Digital World Acquisition Corp. Warrants,$16.43,1.7439,11.874%,0,379500,,,
DWSN,Dawson Geophysical Company Common Stock,$2.33,0,0.00%,55203243,3615,Energy,Oil & Gas Production,
DXCM,DexCom Inc. Common Stock,$416.08,8.79,2.158%,40387068995,856839,Health Care,Medical Specialities,
DXLG,Destination XL Group Inc. Common Stock,$4.30,0.28,6.965%,271992398,604275,Consumer Services,Clothing/Shoe/Accessory Stores,
DXPE,DXP Enterprises Inc. Common Stock,$30.10,-0.96,-3.091%,564392970,62943,Capital Goods,Industrial Machinery/Components,
DXR,Daxor Corporation Common Stock,$10.59,-0.3106,-2.849%,42772968,182,Health Care,Medical/Dental Instruments,
DXYN,Dixie Group Inc. (The) Common Stock,$3.05,0.34,12.546%,48182747,139723,Consumer Durables,Home Furnishings,
DYAI,Dyadic International Inc. Common Stock,$3.36,-0.1,-2.89%,94345968,21758,Health Care,Biotechnology: Biological Products (No Diagnostic Substances),
DYN,Dyne Therapeutics Inc. Common Stock,$8.63,-0.12,-1.371%,445628182,434089,Consumer Durables,Specialty Chemicals,
DYNS,Dynamics Special Purpose Corp. Class A Common Stock,$9.88,-0.02,-0.202%,291119140,49969,,,
DYNT,Dynatronics Corporation Common Stock,$0.6901,-0.0099,-1.414%,12384822,60683,Health Care,Medical/Dental Instruments,
DZSI,DZS Inc. Common Stock,$13.32,0.09,0.68%,367019173,83186,Public Utilities,Telecommunications Equipment,
EA,Electronic Arts Inc. Common Stock,$120.80,1.67,1.402%,33971649974,1815927,Technology,Computer Software: Prepackaged Software,
EAC,Edify Acquisition Corp. Class A Common Stock,$9.77,-0.01,-0.102%,337065000,400856,,,
EACPW,Edify Acquisition Corp. Warrant,$0.18,0,0.00%,0,1,,,
EAR,Eargo Inc. Common Stock,$3.58,0.28,8.485%,140561135,530602,Health Care,Medical Specialities,
EAST,Eastside Distilling Inc. Common Stock,$0.8978,-0.0647,-6.722%,14195520,180398,Consumer Non-Durables,Beverages (Production/Distribution),
EBAY,eBay Inc. Common Stock,$53.94,1.85,3.552%,31691309675,8927250,Consumer Services,Catalog/Specialty Distribution,
EBC,Eastern Bankshares Inc. Common Stock,$21.68,0.4,1.88%,3998600729,815809,Finance,Major Banks,
EBET,Esports Technologies Inc. Common Stock,$7.47,0.25,3.463%,106068315,105119,Consumer Services,Services-Misc. Amusement & Recreation,
EBIX,Ebix Inc. Common Stock,$32.08,-0.34,-1.049%,991426337,322961,Technology,EDP Services,
EBMT,Eagle Bancorp Montana Inc. Common Stock,$22.35,0.3,1.361%,149629026,51848,Finance,Savings Institutions,
EBTC,Enterprise Bancorp Inc Common Stock,$38.58,-0.11,-0.284%,465029894,8674,Finance,Major Banks,
ECOL,US Ecology Inc Common Stock,$47.50,-0.17,-0.357%,1496835390,417887,Public Utilities,Environmental Services,
ECOLW,US Ecology Inc. Warrant,$4.168,0.068,1.659%,0,110,Public Utilities,Environmental Services,
ECOR,electroCore Inc. Common Stock,$0.505,-0.0025,-0.493%,35712686,192763,Health Care,Biotechnology: Electromedical & Electrotherapeutic Apparatus,
ECPG,Encore Capital Group Inc Common Stock,$60.97,-0.53,-0.862%,1495664642,324981,,,
EDIT,Editas Medicine Inc. Common Stock,$14.91,0.83,5.895%,1021617858,1272292,Health Care,Biotechnology: Pharmaceutical Preparations,
EDNC,Endurance Acquisition Corp. Class A Ordinary Shares,$9.86,0,0.00%,253895000,25,,,
EDNCU,Endurance Acquisition Corp. Unit,$9.97,0,0.00%,0,2,,,
EDNCW,Endurance Acquisition Corp. Warrant,$0.25,0.0012,0.482%,0,8300,,,
EDSA,Edesa Biotech Inc. Common Shares,$3.09,0.37,13.603%,42588330,82336,,,
EDUC,Educational Development Corporation Common Stock,$8.19,0.02,0.245%,71312353,2753,Consumer Services,Books,
EEFT,Euronet Worldwide Inc. Common Stock,$120.00,3.64,3.128%,6138982320,498616,Technology,EDP Services,
EEIQ,Elite Education Group International Ltd. Common Stock,$1.63,-0.0999,-5.775%,17791960,4882,Consumer Services,Other Consumer Services,
EFOI,Energy Focus Inc. Common Stock,$1.30,-0.01,-0.763%,8164987,617334,Consumer Durables,Building Products,
EFSC,Enterprise Financial Services Corporation Common Stock,$49.06,-0.05,-0.102%,1855506796,116824,Finance,Major Banks,
EFSCP,Enterprise Financial Services Corporation Depositary Shares Each Representing a 1/40th Interest in a Share of 5% Fixed Rate Non-Cumulative Perpetual Preferred Stock Series A,$22.04,-0.47,-2.088%,0,3122,Finance,Major Banks,
EFTR,eFFECTOR Therapeutics Inc. Common Stock,$4.00,0.15,3.896%,163331656,42269,Health Care,Biotechnology: Pharmaceutical Preparations,
EFTRW,eFFECTOR Therapeutics Inc. Warrant,$0.2902,0.0337,13.138%,0,37251,Health Care,Biotechnology: Pharmaceutical Preparations,
EGAN,eGain Corporation Common Stock,$11.50,0,0.00%,362177021,138951,Technology,Computer Software: Prepackaged Software,
EGBN,Eagle Bancorp Inc. Common Stock,$58.74,-0.73,-1.228%,1876800448,107242,Finance,Major Banks,
EGLE,Eagle Bulk Shipping Inc. Common Stock,$55.46,-5.96,-9.704%,716378317,788036,Transportation,Marine Transportation,
EGRX,Eagle Pharmaceuticals Inc. Common Stock,$50.30,-0.86,-1.681%,638664180,102885,Health Care,Biotechnology: Pharmaceutical Preparations,
EHTH,eHealth Inc. Common Stock,$10.31,0.52,5.312%,276039497,638733,Finance,Specialty Insurers,
EIGR,Eiger BioPharmaceuticals Inc. Common Stock,$5.45,0.18,3.416%,188787368,462710,Health Care,Biotechnology: Biological Products (No Diagnostic Substances),
EJFA,EJF Acquisition Corp. Class A Ordinary Share,$9.87,-0.005,-0.051%,354703125,12801,Finance,Business Services,
EJFAU,EJF Acquisition Corp. Unit,$10.1515,0,0.00%,0,178,Finance,Business Services,
EJFAW,EJF Acquisition Corp. Warrant,$0.9499,-0.0163,-1.687%,0,48058,Finance,Business Services,
EKSO,Ekso Bionics Holdings Inc. Common Stock,$2.58,-0.01,-0.386%,32747731,34246,Health Care,Medical/Dental Instruments,
ELDN,Eledon Pharmaceuticals Inc. Common Stock,$3.065,-0.075,-2.389%,42164555,39340,Health Care,Biotechnology: Pharmaceutical Preparations,
ELEV,Elevation Oncology Inc. Common stock,$2.51,-0.14,-5.283%,58246847,22044,Health Care,Biotechnology: Pharmaceutical Preparations,
ELMS,Electric Last Mile Solutions Inc. Class A Common stock,$0.9621,-0.0314,-3.161%,119326966,2143142,Capital Goods,Auto Manufacturing,
ELMSW,Electric Last Mile Solutions Inc. Warrant,$0.097,-0.0019,-1.921%,0,145547,Capital Goods,Auto Manufacturing,
ELOX,Eloxx Pharmaceuticals Inc. Common Stock,$0.425,0.005,1.19%,36657255,96474,Health Care,Biotechnology: Pharmaceutical Preparations,
ELSE,Electro-Sensors Inc. Common Stock,$5.25,-0.17,-3.137%,17826485,20537,Capital Goods,Industrial Machinery/Components,
ELYM,Eliem Therapeutics Inc Common Stock,$9.26,-0.16,-1.699%,246016726,45118,Health Care,Biotechnology: Pharmaceutical Preparations,
EMBK,Embark Technology Inc. Common Stock,$4.23,0.46,12.202%,1901609469,1066558,Technology,Computer Software: Prepackaged Software,
EMBKW,Embark Technology Inc. Warrants,$0.7114,0.2005,39.244%,0,6862,Technology,Computer Software: Prepackaged Software,
EMCF,Emclaire Financial Corp Common Stock,$26.90,-0.43,-1.573%,73577203,2147,Finance,Major Banks,
EMKR,EMCORE Corporation Common Stock,$3.72,0.09,2.479%,138672642,299628,Technology,Semiconductors,
EML,Eastern Company (The) Common Stock,$23.82,0.14,0.591%,149474788,16266,Capital Goods,Industrial Specialties,
EMLD,FTAC Emerald Acquisition Corp. Class A Common Stock,$9.78,0,0.00%,0,30,,,
EMLDU,FTAC Emerald Acquisition Corp. Unit,$9.9304,0,0.00%,0,167,,,
EMLDW,FTAC Emerald Acquisition Corp. Warrant,$0.4128,-0.0672,-14.00%,0,200000,,,
ENER,Accretion Acquisition Corp. Common Stock,$9.80,0,0.00%,254751000,2,,,
ENERW,Accretion Acquisition Corp. Warrant,$0.1799,-0.0059,-3.175%,0,1000,,,
ENG,ENGlobal Corporation Common Stock,$1.25,-0.01,-0.794%,44038344,472003,Consumer Services,Military/Government/Technical,
ENJY,Enjoy Technology Inc. Common Stock,$3.50,0.06,1.744%,418676531,25914,Miscellaneous,Diversified Commercial Services,
ENJYW,Enjoy Technology Inc. Warrant,$0.2201,-0.0644,-22.636%,0,1026,Miscellaneous,Diversified Commercial Services,
ENOB,Enochian Biosciences Inc. Common Stock,$6.56,0.09,1.391%,345274232,103441,Health Care,Biotechnology: Pharmaceutical Preparations,
ENPH,Enphase Energy Inc. Common Stock,$164.64,7,4.44%,22051152903,2732007,Capital Goods,Electrical Products,
ENSC,Ensysce Biosciences Inc. Common Stock,$1.08,0.03,2.857%,26196249,125334,Health Care,Biotechnology: Pharmaceutical Preparations,
ENSG,The Ensign Group Inc. Common Stock,$84.64,1.03,1.232%,4662515774,215873,Health Care,Hospital/Nursing Management,
ENTA,Enanta Pharmaceuticals Inc. Common Stock,$65.62,1.23,1.91%,1347184178,112419,Health Care,Biotechnology: In Vitro & In Vivo Diagnostic Substances,
ENTF,Enterprise 4.0 Technology Acquisition Corp. Class A Ordinary Shares,$9.93,0,0.00%,379326000,33029,,,
ENTFU,Enterprise 4.0 Technology Acquisition Corp. Unit,$10.09,0.01,0.099%,0,1703,,,
ENTFW,Enterprise 4.0 Technology Acquisition Corp. Warrant,$0.36,-0.0399,-9.977%,0,12550,,,
ENTG,Entegris Inc. Common Stock,$124.17,4.42,3.691%,16827141668,1903315,Technology,Semiconductors,
ENVB,Enveric Biosciences Inc. Common Stock,$0.2782,0.0182,7.00%,14627332,845686,Health Care,Biotechnology: Pharmaceutical Preparations,
ENVX,Enovix Corporation Common Stock,$12.92,0.25,1.973%,1967357948,619781,Capital Goods,Industrial Machinery/Components,
EOLS,Evolus Inc. Common Stock,$9.95,0.45,4.737%,554159797,495002,Consumer Durables,Specialty Chemicals,
EOSE,Eos Energy Enterprises Inc. Class A Common Stock,$2.96,0.1,3.497%,159715718,1178401,Technology,Electronic Components,
EOSEW,Eos Energy Enterprises Inc. Warrant,$0.81,-0.0899,-9.99%,0,7860,Technology,Electronic Components,
EPAY,Bottomline Technologies Inc. Common Stock,$56.46,-0.11,-0.194%,2539432642,1025460,Technology,EDP Services,
EPHY,Epiphany Technology Acquisition Corp. Class A Common Stock,$9.78,-0.01,-0.102%,499880250,43545,,,
EPHYU,Epiphany Technology Acquisition Corp. Unit,$9.86,-0.02,-0.202%,0,3848,,,
EPHYW,Epiphany Technology Acquisition Corp. Warrant,$0.3375,-0.0006,-0.177%,0,7346,,,
EPSN,Epsilon Energy Ltd. Common Share,$5.53,-0.17,-2.982%,129939892,20196,,,
EPZM,Epizyme Inc. Common Stock,$1.20,-0.01,-0.826%,197378443,1374003,Health Care,Biotechnology: Pharmaceutical Preparations,
EQ,Equillium Inc. Common Stock,$3.28,-0.01,-0.304%,115308925,19377,Health Care,Biotechnology: Pharmaceutical Preparations,
EQBK,Equity Bancshares Inc. Class A Common Stock,$32.17,0.2,0.626%,535964167,48999,Finance,Finance: Consumer Services,
EQIX,Equinix Inc. Common Stock REIT,$701.64,18.04,2.639%,63653509804,330810,Consumer Services,Real Estate Investment Trusts,
EQRX,EQRx Inc.  Common Stock,$3.97,0.28,7.588%,1935901482,1668761,Health Care,Biotechnology: Pharmaceutical Preparations,
EQRXW,EQRx Inc. Warrant,$0.62,-0.0391,-5.932%,0,53412,Health Care,Biotechnology: Pharmaceutical Preparations,
ERAS,Erasca Inc. Common Stock,$10.67,-0.3,-2.735%,1293741501,657610,Health Care,Biotechnology: Pharmaceutical Preparations,
ERES,East Resources Acquisition Company Class A Common Stock,$9.90,0,0.00%,426937500,56392,,,
ERESU,East Resources Acquisition Company Unit,$9.98,-0.02,-0.20%,0,82194,,,
ERESW,East Resources Acquisition Company Warrant,$0.2099,0.0133,6.765%,0,59471,,,
ERIE,Erie Indemnity Company Class A Common Stock,$170.00,1.11,0.657%,8889277560,117281,Finance,Specialty Insurers,
ERII,Energy Recovery Inc. Common Stock,$18.93,0.46,2.491%,1075421800,291835,Technology,Industrial Machinery/Components,
ESAC,ESGEN Acquisition Corporation Class A Ordinary Shares,$9.98,0.01,0.10%,0,2005,,,
ESACW,ESGEN Acquisition Corporation Warrants,$0.2701,-0.0298,-9.937%,0,2700,,,
ESBK,Elmira Savings Bank Elmira NY Common Stock,$22.91,-0.04,-0.174%,80464639,11381,Finance,Major Banks,
ESCA,Escalade Incorporated Common Stock,$13.08,0.46,3.645%,176492783,20257,Consumer Non-Durables,Recreational Products/Toys,
ESPR,Esperion Therapeutics Inc. Common Stock,$4.60,-0.14,-2.954%,288979374,963317,Health Care,Biotechnology: Pharmaceutical Preparations,
ESQ,Esquire Financial Holdings Inc. Common Stock,$32.51,0.23,0.713%,262968383,8942,Finance,Commercial Banks,
ESSA,ESSA Bancorp Inc. Common Stock,$18.08,-0.17,-0.932%,189648189,2623,Finance,Banks,
ESSC,East Stone Acquisition Corporation Ordinary Shares,$10.33,0.01,0.097%,74051690,39379,Technology,Computer Software: Programming Data Processing,
ESSCR,East Stone Acquisition Corporation Right,$0.3651,-0.013,-3.438%,0,1000,Finance,Business Services,
ESSCW,East Stone Acquisition Corporation Warrant,$0.2166,0.0067,3.192%,0,77468,Technology,Computer Software: Programming Data Processing,
ETAC,E.Merge Technology Acquisition Corp. Class A Common Stock,$9.89,-0.01,-0.101%,753618000,625071,,,
ETACU,E.Merge Technology Acquisition Corp. Unit,$9.96,0.02,0.201%,0,600,,,
ETACW,E.Merge Technology Acquisition Corp. Warrant,$0.16,-0.0001,-0.062%,0,23960,,,
ETNB,89bio Inc. Common Stock,$3.58,0.13,3.768%,72610319,181503,Health Care,Biotechnology: Pharmaceutical Preparations,
ETON,Eton Pharmaceuticals Inc. Common Stock,$3.93,0.08,2.078%,96702268,45841,Health Care,Biotechnology: Pharmaceutical Preparations,
ETSY,Etsy Inc. Common Stock,$124.98,6.66,5.629%,15876577591,3232437,Consumer Services,Catalog/Specialty Distribution,
ETTX,Entasis Therapeutics Holdings Inc. Common Stock,$1.86,0.2,12.048%,89004309,422775,Health Care,Biotechnology: Pharmaceutical Preparations,
EUCR,Eucrates Biomedical Acquisition Corp. Ordinary Shares,$9.83,0,0.00%,132303189,7350,Finance,Business Services,
EUCRW,Eucrates Biomedical Acquisition Corp. Warrant,$0.2528,0,0.00%,0,60,Finance,Business Services,
EVBG,Everbridge Inc. Common Stock,$33.98,2.53,8.045%,1339772173,1451058,Technology,Retail: Computer Software & Peripheral Equipment,
EVCM,EverCommerce Inc. Common Stock,$12.60,0.38,3.11%,2461554383,325438,Technology,EDP Services,
EVER,EverQuote Inc. Class A Common Stock,$13.38,0.43,3.32%,415019810,196077,Technology,EDP Services,
EVFM,Evofem Biosciences Inc. Common Stock,$0.3699,0.007,1.929%,62062935,1146123,Health Care,Biotechnology: Pharmaceutical Preparations,
EVGO,EVgo Inc. Class A Common Stock,$11.57,0.48,4.328%,3060690429,1741375,Consumer Services,Catalog/Specialty Distribution,
EVGOW,EVgo Inc. Warrants,$3.12,0.18,6.122%,0,39962,Consumer Services,Catalog/Specialty Distribution,
EVLMC,Eaton Vance NextShares Trust II Eaton Vance TABS 5-to-15 Year Laddered Municipal Bond NextShares,$99.96,0,0.00%,0,23,Finance,Investment Managers,
EVLO,Evelo Biosciences Inc. Common Stock,$2.85,0.16,5.948%,152360852,186283,Consumer Durables,Specialty Chemicals,
EVLV,Evolv Technologies Holdings Inc. Class A Common Stock,$1.70,-1.29,-43.144%,242139978,7165054,Miscellaneous,Diversified Manufacture,
EVLVW,Evolv Technologies Holdings Inc. Warrant,$0.20,-0.21,-51.22%,0,341565,Miscellaneous,Diversified Manufacture,
EVOJ,Evo Acquisition Corp. Class A Common Stock,$9.75,-0.02,-0.205%,152349844,11171,,,
EVOK,Evoke Pharma Inc. Common Stock,$0.46,-0.017,-3.564%,15142234,83640,Health Care,Biotechnology: Pharmaceutical Preparations,
EVOL,Evolving Systems Inc. Common Stock,$1.78,0.02,1.136%,21817898,26943,Technology,EDP Services,
EVOP,EVO Payments Inc. Class A Common Stock,$23.50,1.11,4.958%,974645416,238157,Technology,EDP Services,
EWBC,East West Bancorp Inc. Common Stock,$76.53,0.86,1.137%,10860258576,1616866,Finance,Commercial Banks,
EWCZ,European Wax Center Inc. Class A Common Stock,$24.81,1.35,5.754%,845321035,417813,Consumer Non-Durables,Package Goods/Cosmetics,
EWTX,Edgewise Therapeutics Inc. Common Stock,$10.23,-0.15,-1.445%,506507341,114540,Health Care,Biotechnology: Pharmaceutical Preparations,
EXAS,Exact Sciences Corporation Common Stock,$57.56,-1.15,-1.959%,10022151381,1881909,Health Care,Biotechnology: Commercial Physical & Biological Resarch,
EXC,Exelon Corporation Common Stock,$43.76,0.18,0.413%,42890793720,6384871,Public Utilities,Power Generation,
EXEL,Exelixis Inc. Common Stock,$20.30,-0.29,-1.408%,6484797932,1980169,Health Care,Biotechnology: Commercial Physical & Biological Resarch,
EXFY,Expensify Inc. Class A Common Stock,$16.75,0.89,5.612%,1358032112,360608,Technology,Computer Software: Prepackaged Software,
EXLS,ExlService Holdings Inc. Common Stock,$131.55,5.32,4.215%,4368179447,261503,Technology,Retail: Computer Software & Peripheral Equipment,
EXPD,Expeditors International of Washington Inc. Common Stock,$99.49,1.31,1.334%,16635722900,1127677,Transportation,Oil Refining/Marketing,
EXPE,Expedia Group Inc. Common Stock,$188.50,9.39,5.243%,29359696295,3837369,Transportation,Other Consumer Services,
EXPI,eXp World Holdings Inc. Common Stock,$23.23,1.91,8.959%,3455801472,1298563,Finance,Real Estate,
EXPO,Exponent Inc. Common Stock,$97.24,1.49,1.556%,5067775496,188951,Consumer Services,Professional Services,
EXTR,Extreme Networks Inc. Common Stock,$11.00,0.26,2.421%,1421341548,886273,Capital Goods,Telecommunications Equipment,
EYE,National Vision Holdings Inc. Common Stock,$41.71,0.71,1.732%,3395525344,1019856,Health Care,Ophthalmic Goods,
EYEN,Eyenovia Inc. Common Stock,$2.70,0.04,1.504%,92899594,32614,Health Care,Biotechnology: Pharmaceutical Preparations,
EYES,Second Sight Medical Products Inc. Common Stock,$1.22,0.06,5.172%,48079195,133309,Health Care,Industrial Specialties,
EYESW,Second Sight Medical Products Inc. Warrants expiring 03/14/2024,$0.2599,-0.0003,-0.115%,0,9449,Health Care,Industrial Specialties,
EYPT,EyePoint Pharmaceuticals Inc. Common Stock,$12.05,-0.2,-1.633%,408488216,143113,Health Care,Biotechnology: Pharmaceutical Preparations,
EZFL,EzFill Holdings Inc. Common Stock,$1.01,0,0.00%,26538553,217857,Technology,EDP Services,
EZPW,EZCORP Inc. Class A Non Voting Common Stock,$5.69,0.06,1.066%,321642954,523698,Miscellaneous,Diversified Commercial Services,
FA,First Advantage Corporation Common Stock,$16.87,0.39,2.367%,2579002532,326140,Miscellaneous,Business Services,
FANG,Diamondback Energy Inc. Commmon Stock,$124.56,-1.63,-1.292%,22098808539,3327771,Energy,Oil & Gas Production,
FARM,Farmer Brothers Company Common Stock,$6.37,0.21,3.409%,116576446,90227,Consumer Non-Durables,Specialty Foods,
FARO,FARO Technologies Inc. Common Stock,$50.81,1.2,2.419%,925050112,70954,Capital Goods,Industrial Machinery/Components,
FAST,Fastenal Company Common Stock,$55.79,1.3,2.386%,32110137352,3127116,,,
FAT,FAT Brands Inc. Class A Common Stock,$7.45,0.05,0.676%,122087925,6317,Consumer Services,Restaurants,
FATBB,FAT Brands Inc. Class B Common Stock,$8.18,0.39,5.006%,134050903,213,Consumer Services,Restaurants,
FATBP,FAT Brands Inc. 8.25% Series B Cumulative Preferred Stock,$11.86,-0.21,-1.74%,0,26831,Consumer Services,Restaurants,
FATE,Fate Therapeutics Inc. Common Stock,$31.31,1.64,5.527%,3019151068,1015470,Health Care,Biotechnology: Biological Products (No Diagnostic Substances),
FB,Meta Platforms Inc. Class A Common Stock,$192.03,5.4,2.893%,522694514579,31692992,Technology,Internet and Information Services,
FBIO,Fortress Biotech Inc. Common Stock,$1.26,0.02,1.613%,125533039,206532,Health Care,Biotechnology: Pharmaceutical Preparations,
FBIOP,Fortress Biotech Inc. 9.375% Series A Cumulative Redeemable Perpetual Preferred Stock,$19.95,-0.6,-2.92%,0,43173,Health Care,Biotechnology: Pharmaceutical Preparations,
FBIZ,First Business Financial Services Inc. Common Stock,$31.71,-0.12,-0.377%,267174412,6364,Finance,Major Banks,
FBMS,First Bancshares Inc.,$34.97,-0.07,-0.20%,735035724,57438,Finance,Major Banks,
FBNC,First Bancorp Common Stock,$43.76,-0.05,-0.114%,1560029603,107099,Finance,Major Banks,
FBRX,Forte Biosciences Inc. Common Stock,$1.40,0.05,3.704%,20656380,288243,Health Care,Biotechnology: Pharmaceutical Preparations,
FCAP,First Capital Inc. Common Stock,$39.00,0,0.00%,131581008,1873,Finance,Savings Institutions,
FCBC,First Community Bankshares Inc. (VA) Common Stock,$28.44,-0.19,-0.664%,477972878,22582,Finance,Major Banks,
FCCO,First Community Corporation Common Stock,$21.26,0.05,0.236%,160484044,3630,Finance,Major Banks,
FCEL,FuelCell Energy Inc. Common Stock,$5.87,0.05,0.859%,2152457181,18261550,Public Utilities,Electric Utilities: Central,
FCFS,FirstCash Holdings Inc. Common Stock,$66.43,-0.25,-0.375%,3221056445,292729,Miscellaneous,Diversified Commercial Services,
FCNCA,First Citizens BancShares Inc. Class A Common Stock,$726.71,4.01,0.555%,11611673238,82756,Finance,Major Banks,
FCNCO,First Citizens BancShares Inc. 5.625% Non-Cumulative Perpetual Preferred Stock Series C,$24.12,0.47,1.987%,0,5330,Finance,Major Banks,
FCNCP,First Citizens BancShares Inc. Depositary Shares,$24.35,-0.05,-0.205%,0,8327,Finance,Major Banks,
FCRD,First Eagle Alternative Capital BDC Inc. Common Stock,$4.29,-0.04,-0.924%,128665307,27925,Finance,Finance/Investors Services,
FCUV,Focus Universal Inc. Common Stock,$9.98,0.41,4.284%,431732215,17923,Capital Goods,Industrial Machinery/Components,
FDBC,Fidelity D & D Bancorp Inc. Common Stock,$48.00,1.23,2.63%,270992976,13758,Finance,Major Banks,
FDMT,4D Molecular Therapeutics Inc. Common Stock,$14.07,0.22,1.588%,452193113,152205,Health Care,Biotechnology: Pharmaceutical Preparations,
FDUS,Fidus Investment Corporation Common Stock,$20.05,0.15,0.754%,489969870,170258,Finance,Finance/Investors Services,
FEAM,5E Advanced Materials Inc. Common Stock,$33.01,3.01,10.033%,0,2126,,,
FEIM,Frequency Electronics Inc. Common Stock,$8.45,0.05,0.595%,78285786,3621,Capital Goods,Electrical Products,
FELE,Franklin Electric Co. Inc. Common Stock,$82.56,0.81,0.991%,3837480689,157490,Consumer Durables,Metal Fabrications,
FEMY,Femasys Inc. Common Stock,$1.94,-0.01,-0.513%,22891457,15385,Health Care,Medical/Dental Instruments,
FENC,Fennec Pharmaceuticals Inc. Common Stock,$5.20,0.08,1.563%,135270299,52220,,,
FEXD,Fintech Ecosystem Development Corp. Class A Common Stock,$9.92,0,0.00%,143170400,23,,,
FEXDU,Fintech Ecosystem Development Corp. Units,$10.16,0,0.00%,0,2,,,
FEXDW,Fintech Ecosystem Development Corp. Warrant,$0.1751,-0.0249,-12.45%,0,1902,,,
FFBC,First Financial Bancorp. Common Stock,$23.82,-0.03,-0.126%,2242634587,372490,Finance,Major Banks,
FFBW,FFBW Inc. Common Stock (MD),$11.97,-0.08,-0.664%,82304762,4392,Finance,Major Banks,
FFIC,Flushing Financial Corporation Common Stock,$23.07,-0.34,-1.452%,703209197,111260,Finance,Major Banks,
FFIE,Faraday Future Intelligent Electric Inc. Common Stock,$4.04,0.06,1.508%,119246704,2128160,Capital Goods,Auto Manufacturing,
FFIEW,Faraday Future Intelligent Electric Inc. Warrant,$0.70,-0.0098,-1.381%,0,82874,Capital Goods,Auto Manufacturing,
FFIN,First Financial Bankshares Inc. Common Stock,$45.37,-0.39,-0.852%,6470035445,395098,Finance,Major Banks,
FFIV,F5 Inc. Common Stock,$194.23,5.04,2.664%,11797174759,352388,Technology,EDP Services,
FFNW,First Financial Northwest Inc. Common Stock,$17.01,0,0.00%,155229161,8869,Finance,Banks,
FFWM,First Foundation Inc. Common Stock,$25.83,0.04,0.155%,1457692028,271954,Finance,Major Banks,
FGBI,First Guaranty Bancshares Inc. Common Stock,$21.75,0.54,2.546%,233090313,7164,Finance,Major Banks,
FGBIP,First Guaranty Bancshares Inc. 6.75% Series A Fixed-Rate Non-Cumulative Perpetual Preferred Stock,$25.75,-0.25,-0.962%,0,2171,Finance,Major Banks,
FGEN,FibroGen Inc Common Stock,$12.33,0.29,2.409%,1146714265,569741,Health Care,Biotechnology: Pharmaceutical Preparations,
FGF,FG Financial Group Inc. Common Stock,$2.92,-0.04,-1.351%,18960162,9518,Finance,Property-Casualty Insurers,
FGFPP,FG Financial Group Inc. 8.00% Cumulative Preferred Stock,$21.66,1.6,7.976%,0,967,Finance,Property-Casualty Insurers,
FGI,FGI Industries Ltd. Ordinary Shares,$3.01,0.02,0.669%,28595000,113660,Capital Goods,Industrial Specialties,
FGIWW,FGI Industries Ltd. Warrant,$0.50,-0.1372,-21.532%,0,2027,Capital Goods,Industrial Specialties,
FGMCU,FG Merger Corp. Unit,$10.02,0.03,0.30%,0,77254,,,
FHB,First Hawaiian Inc. Common Stock,$28.21,0.04,0.142%,3615318928,507194,Finance,Major Banks,
FHLT,Future Health ESG Corp. Common stock,$9.82,-0.04,-0.406%,0,863,,,
FHLTW,Future Health ESG Corp. Warrant,$0.33,0,0.00%,0,2700,,,
FHTX,Foghorn Therapeutics Inc. Common Stock,$11.21,0.5,4.669%,464340216,172815,Consumer Durables,Specialty Chemicals,
FIAC,Focus Impact Acquisition Corp. Class A Common Stock,$9.92,0,0.00%,285200000,2,,,
FIACW,Focus Impact Acquisition Corp. Warrant,$0.30,-0.03,-9.091%,0,88465,,,
FIBK,First Interstate BancSystem Inc. Class A Common Stock,$39.24,0.24,0.615%,4281406631,805271,Finance,Major Banks,
FICV,Frontier Investment Corp Class A Ordinary Shares,$9.65,-0.02,-0.207%,241250000,52944,,,
FICVW,Frontier Investment Corp Warrants,$0.39,0,0.00%,0,5,,,
FINM,Marlin Technology Corporation Class A Ordinary Share,$9.80,0.01,0.102%,507150000,70145,Finance,Business Services,
FINMU,Marlin Technology Corporation Unit,$9.86,-0.02,-0.202%,0,505,Finance,Business Services,
FINW,FinWise Bancorp Common Stock,$17.45,0.2,1.159%,222871575,43589,Finance,Commercial Banks,
FISI,Financial Institutions Inc. Common Stock,$32.78,-0.52,-1.562%,508963292,69190,Finance,Major Banks,
FISV,Fiserv Inc. Common Stock,$95.45,1.46,1.553%,62252194582,3272085,Technology,EDP Services,
FITB,Fifth Third Bancorp Common Stock,$45.79,-0.06,-0.131%,31396947896,7080420,Finance,Major Banks,
FITBI,Fifth Third Bancorp Depositary Shares,$25.82,-0.0923,-0.356%,0,30051,Finance,Major Banks,
FITBO,Fifth Third Bancorp Depositary Shares each representing a 1/1000th ownership interest in a share of Non-Cumulative Perpetual Preferred Stock Series K,$23.35,-0.23,-0.975%,0,42811,Finance,Major Banks,
FITBP,Fifth Third Bancorp Depositary Shares each representing 1/40th share of Fifth Third 6.00% Non-Cumulative Perpetual Class B Preferred Stock Series A,$25.42,-0.05,-0.196%,0,3864,Finance,Major Banks,
FIVE,Five Below Inc. Common Stock,$153.95,5.15,3.461%,8625108175,756623,Consumer Services,Department/Specialty Retail Stores,
FIVN,Five9 Inc. Common Stock,$85.03,1.91,2.298%,5879792359,874220,Technology,EDP Services,
FIXX,Homology Medicines Inc. Common Stock,$2.93,-0.07,-2.333%,167450303,731523,Health Care,Biotechnology: Pharmaceutical Preparations,
FIZZ,National Beverage Corp. Common Stock,$40.51,1.51,3.872%,3781018917,207759,Consumer Non-Durables,Beverages (Production/Distribution),
FKWL,Franklin Wireless Corp. Common Stock,$3.80,-0.05,-1.299%,44058264,2255,Public Utilities,Telecommunications Equipment,
FLAC,Frazier Lifesciences Acquisition Corporation Class A Ordinary Shares,$9.81,0,0.00%,174137310,2902,Finance,Business Services,
FLDM,Fluidigm Corporation Common Stock,$3.35,0.08,2.446%,258615233,884775,Capital Goods,Biotechnology: Laboratory Analytical Instruments,
FLGT,Fulgent Genetics Inc. Common Stock,$56.25,2.08,3.84%,1701703744,468455,Health Care,Medical Specialities,
FLIC,First of Long Island Corporation (The) Common Stock,$20.70,-0.37,-1.756%,481080337,33180,Finance,Major Banks,
FLL,Full House Resorts Inc. Common Stock,$8.81,0.09,1.032%,301544213,210215,Consumer Services,Movies/Entertainment,
FLMN,Falcon Minerals Corporation Class A Common Stock,$5.99,0.25,4.355%,277796673,2806731,Energy,Oil & Gas Production,
FLMNW,Falcon Minerals Corporation Warrant,$0.26,0.0188,7.794%,0,50405,Energy,Oil & Gas Production,
FLNC,Fluence Energy Inc. Class A Common Stock,$11.33,1.07,10.429%,1941017814,1758776,,,
FLNT,Fluent Inc. Common Stock,$1.81,0.06,3.429%,143452670,244198,Consumer Services,EDP Services,
FLUX,Flux Power Holdings Inc. Common Stock,$2.07,0.07,3.50%,33094129,60208,Capital Goods,Electrical Products,
FLWS,1-800-FLOWERS.COM Inc. Common Stock,$13.13,0.01,0.076%,854021785,912463,Consumer Services,Catalog/Specialty Distribution,
FLXS,Flexsteel Industries Inc. Common Stock,$19.73,1.25,6.764%,128003406,788243,Consumer Durables,Home Furnishings,
FLYW,Flywire Corporation Voting Common Stock,$23.29,0.78,3.465%,2479238131,644405,Technology,EDP Services,
FMAO,Farmers & Merchants Bancorp Inc. Common Stock,$34.30,-0.07,-0.204%,448173507,12096,Finance,Savings Institutions,
FMBH,First Mid Bancshares Inc. Common Stock,$40.40,-0.15,-0.37%,825727480,22257,Finance,Major Banks,
FMIV,Forum Merger IV Corporation Class A Common stock,$9.725,0,0.00%,418213083,52193,,,
FMIVU,Forum Merger IV Corporation Unit,$9.80,-0.04,-0.407%,0,3600,,,
FMNB,Farmers National Banc Corp. Common Stock,$17.40,0.06,0.346%,591685504,58738,Finance,Major Banks,
FMTX,Forma Therapeutics Holdings Inc. Common Stock,$8.67,0.33,3.957%,433316283,672669,Health Care,Biotechnology: Pharmaceutical Preparations,
FNCB,FNCB Bancorp Inc. Common Stock,$9.68,-0.14,-1.426%,193501990,79734,Finance,Major Banks,
FNCH,Finch Therapeutics Group Inc. Common Stock,$5.17,0.14,2.783%,245465013,56385,Health Care,Biotechnology: Pharmaceutical Preparations,
FNGR,FingerMotion Inc. Common Stock,$2.78,0.06,2.206%,118336983,4475,Consumer Services,Telecommunications Equipment,
FNHC,FedNat Holding Company Common Stock,$1.21,0.01,0.833%,21110785,28454,Finance,Property-Casualty Insurers,
FNKO,Funko Inc. Class A Common Stock,$16.21,0.63,4.044%,651606565,525950,Consumer Non-Durables,Recreational Products/Toys,
FNLC,First Bancorp Inc  (ME) Common Stock,$29.90,-0.17,-0.565%,328863074,10367,Finance,Major Banks,
FNWB,First Northwest Bancorp Common Stock,$22.86,0.42,1.872%,227975876,23709,Finance,Banks,
FNWD,Finward Bancorp Common Stock,$47.99,0.73,1.545%,205136230,7043,Finance,Savings Institutions,
FOCS,Focus Financial Partners Inc. Class A Common Stock,$44.09,0.44,1.008%,3392590496,306852,Finance,Investment Managers,
FOLD,Amicus Therapeutics Inc. Common Stock,$8.95,0.35,4.07%,2506262638,2867044,Health Care,Biotechnology: Pharmaceutical Preparations,
FONR,Fonar Corporation Common Stock,$17.31,0.22,1.287%,115662997,7013,Health Care,Biotechnology: Electromedical & Electrotherapeutic Apparatus,
FORA,Forian Inc. Common Stock,$6.24,0.09,1.463%,203181370,44696,Technology,Computer Software: Prepackaged Software,
FORD,Forward Industries Inc. Common Stock,$1.52,0.07,4.828%,15293001,24726,,,
FORM,FormFactor Inc. FormFactor Inc. Common Stock,$38.21,0.87,2.33%,2993132970,321895,Technology,Semiconductors,
FORR,Forrester Research Inc. Common Stock,$52.34,0.6,1.16%,993570220,49064,Consumer Services,EDP Services,
FOSL,Fossil Group Inc. Common Stock,$9.17,1.1,13.631%,478176417,1668658,Consumer Non-Durables,Consumer Specialties,
FOSLL,Fossil Group Inc. 7% Senior Notes due 2026,$23.85,0.57,2.448%,0,4624,,,
FOUN,Founder SPAC Class A Ordinary Shares,$10.01,-0.0063,-0.063%,395707813,6964,,,
FOUNU,Founder SPAC Units,$10.16,-0.04,-0.392%,0,18850,,,
FOUNW,Founder SPAC Warrants,$0.3525,-0.0274,-7.212%,0,10724,,,
FOX,Fox Corporation Class B Common Stock,$36.62,0.9,2.52%,20613493725,806626,Consumer Services,Broadcasting,
FOXA,Fox Corporation Class A Common Stock,$39.78,1.03,2.658%,22392265985,4830875,Consumer Services,Broadcasting,
FOXF,Fox Factory Holding Corp. Common Stock,$101.90,-2.08,-2.00%,4292211726,300787,Capital Goods,Auto Parts:O.E.M.,
FOXW,FoxWayne Enterprises Acquisition Corp. Class A Common Stock,$10.06,0.02,0.199%,72809250,1406,,,
FOXWU,FoxWayne Enterprises Acquisition Corp. Unit,$10.10,0.01,0.099%,0,100,,,
FOXWW,FoxWayne Enterprises Acquisition Corp. Warrant,$0.05,-0.0136,-21.384%,0,43855,,,
FPAY,FlexShopper Inc. Common Stock,$1.53,-0.02,-1.29%,32741660,52079,Consumer Services,Consumer Electronics/Video Chains,
FRAF,Franklin Financial Services Corporation Common Stock,$33.70,-0.05,-0.148%,149963955,2342,Finance,Major Banks,
FRBA,First Bank Common Stock,$14.14,0.03,0.213%,275297146,38354,Finance,Major Banks,
FRBK,Republic First Bancorp Inc. Common Stock,$5.26,0.03,0.574%,312733289,313306,Finance,Major Banks,
FRBN,Forbion European Acquisition Corp. Class A Ordinary Shares,$9.90,-0.01,-0.101%,156543750,725,,,
FRBNU,Forbion European Acquisition Corp. Unit,$10.00,0.02,0.20%,0,2757,,,
FRBNW,Forbion European Acquisition Corp. Warrants,$0.40,0,0.00%,0,36185,,,
FREE,Whole Earth Brands Inc. Class A Common Stock,$6.69,-0.455,-6.368%,275206945,689297,Miscellaneous,Home Furnishings,
FREEW,Whole Earth Brands Inc. Warrant,$0.38,-0.0012,-0.315%,0,75039,Miscellaneous,Home Furnishings,
FREQ,Frequency Therapeutics Inc. Common Stock,$1.96,0.26,15.294%,67820479,361358,Health Care,Biotechnology: Pharmaceutical Preparations,
FRG,Franchise Group Inc. Common Stock,$43.19,0.61,1.433%,1740479863,271854,Miscellaneous,Diversified Commercial Services,
FRGAP,Franchise Group Inc. 7.50% Series A Cumulative Perpetual Preferred Stock,$25.2106,-0.1894,-0.746%,0,9176,Miscellaneous,Diversified Commercial Services,
FRGI,Fiesta Restaurant Group Inc. Common Stock,$8.86,0.06,0.682%,227765128,66832,Consumer Services,Restaurants,
FRLA,Fortune Rise Acquisition Corporation Class A Common Stock,$10.03,0.01,0.10%,129229028,230860,,,
FRLAU,Fortune Rise Acquisition Corporation Units,$10.11,0.01,0.099%,0,1019,,,
FRLAW,Fortune Rise Acquisition Corporation Warrant,$0.29,-0.009,-3.01%,0,1400,,,
FRME,First Merchants Corporation Common Stock,$43.46,-0.02,-0.046%,2339058313,172682,Finance,Major Banks,
FROG,JFrog Ltd. Ordinary Shares,$21.77,0.16,0.74%,2120068663,1084237,Technology,Computer Software: Prepackaged Software,
FRON,Frontier Acquisition Corp. Class A Ordinary Shares,$9.76,0.02,0.205%,287041600,44794,Finance,Business Services,
FRONU,Frontier Acquisition Corp. Units,$9.85,-0.01,-0.101%,0,12681,Finance,Business Services,
FRONW,Frontier Acquisition Corp. Warrant,$0.6505,-0.0002,-0.031%,0,2325,Finance,Business Services,
FRPH,FRP Holdings Inc. Common Stock,$56.41,-0.13,-0.23%,530876089,9170,Finance,Real Estate,
FRPT,Freshpet Inc. Common Stock,$85.27,0.91,1.079%,3704592072,497464,,,
FRSG,First Reserve Sustainable Growth Corp. Class A Common Stock,$9.76,0.01,0.103%,271376253,238,,,
FRSGW,First Reserve Sustainable Growth Corp. Warrant,$0.33,-0.0083,-2.453%,0,100,,,
FRSH,Freshworks Inc. Class A Common Stock,$16.93,0.03,0.178%,4785206041,4138700,Technology,EDP Services,
FRST,Primis Financial Corp. Common Stock,$14.07,-0.16,-1.124%,345764889,78085,Finance,Major Banks,
FRTA,Forterra Inc. Common Stock,$23.32,-0.23,-0.977%,1572926421,242175,,,
FRW,PWP Forward Acquisition Corp. I Class A Common Stock,$9.735,-0.015,-0.154%,257532523,9060,,,
FRWAW,PWP Forward Acquisition Corp. I Warrant,$0.29,-0.04,-12.121%,0,11600,,,
FSBC,Five Star Bancorp Common Stock,$29.44,0.07,0.238%,507738403,11670,Finance,Banks,
FSBW,FS Bancorp Inc. Common Stock,$31.01,-0.67,-2.115%,253348196,12777,Finance,Banks,
FSEA,First Seacoast Bancorp Common Stock,$10.22,-0.03,-0.293%,61445359,126,Finance,Commercial Banks,
FSFG,First Savings Financial Group Inc. Common Stock,$25.15,0.12,0.479%,180321124,22984,Finance,Major Banks,
FSLR,First Solar Inc. Common Stock,$74.96,2.97,4.126%,7970778949,1444517,Technology,Semiconductors,
FSRD,Fast Radius Inc. Class A Common Stock,$1.53,0.1,6.993%,111752969,235977,Technology,Computer Software: Prepackaged Software,
FSRDW,Fast Radius Inc. Warrants,$0.17,-0.0049,-2.802%,0,52431,Technology,Computer Software: Prepackaged Software,
FSRX,FinServ Acquisition Corp. II Class A Common Stock,$9.76,0,0.00%,373808000,29,,,
FSRXW,FinServ Acquisition Corp. II Warrant,$0.3575,-0.0074,-2.028%,0,5666,,,
FSSI,Fortistar Sustainable Solutions Corp. Class A Common Stock,$9.78,0,0.00%,316321875,40006,,,
FSSIU,Fortistar Sustainable Solutions Corp. Unit,$9.92,0,0.00%,0,4115,,,
FSSIW,Fortistar Sustainable Solutions Corp. Warrant,$0.3599,0.0057,1.609%,0,1701,,,
FSTR,L.B. Foster Company Common Stock,$15.05,0.05,0.333%,162952536,15082,Basic Industries,Metal Fabrications,
FSTX,F-star Therapeutics Inc. Common Stock,$2.82,0.05,1.805%,58161073,91247,Health Care,Biotechnology: Pharmaceutical Preparations,
FTAA,FTAC Athena Acquisition Corp. Class A Ordinary Share,$9.77,0.01,0.102%,334264263,8935,Finance,Business Services,
FTCI,FTC Solar Inc. Common Stock,$5.62,0.67,13.535%,477613705,1419092,Technology,Semiconductors,
FTCV,FinTech Acquisition Corp. V Class A Common Stock,$9.865,-0.005,-0.051%,337251470,408484,,,
FTCVU,FinTech Acquisition Corp. V Unit,$10.15,-0.01,-0.098%,0,110,,,
FTCVW,FinTech Acquisition Corp. V Warrant,$0.9052,0.0351,4.034%,0,36122,,,
FTDR,Frontdoor Inc. Common Stock,$28.62,0.16,0.562%,2351356522,619068,Miscellaneous,Other Consumer Services,
FTEK,Fuel Tech Inc. Common Stock,$1.35,0.03,2.273%,40856118,91612,Capital Goods,Pollution Control Equipment,
FTHM,Fathom Holdings Inc. Common Stock,$10.95,0.37,3.497%,186358882,59882,Finance,Real Estate,
FTNT,Fortinet Inc. Common Stock,$283.32,7.88,2.861%,45562232161,1225972,Miscellaneous,Diversified Manufacture,
FTPA,FTAC Parnassus Acquisition Corp. Class A Common Stock,$9.72,0,0.00%,332942397,12718,,,
FTPAW,FTAC Parnassus Acquisition Corp. Warrant,$0.40,0.0799,24.961%,0,6621,,,
FTVI,FinTech Acquisition Corp. VI Class A Common Stock,$9.79,0,0.00%,335340130,65859,,,
FTVIU,FinTech Acquisition Corp. VI Units,$9.95,0,0.00%,0,2,,,
FTVIW,FinTech Acquisition Corp. VI Warrants,$0.50,-0.05,-9.091%,0,105,,,
FULC,Fulcrum Therapeutics Inc. Common Stock,$15.73,0.35,2.276%,639223408,1191823,Health Care,Biotechnology: Pharmaceutical Preparations,
FULT,Fulton Financial Corporation Common Stock,$17.56,-0.09,-0.51%,2818766320,1088954,Finance,Major Banks,
FULTP,Fulton Financial Corporation Depositary Shares Each Representing a 1/40th Interest in a Share of Fixed Rate Non-Cumulative Perpetual Preferred Stock Series A,$22.75,-0.07,-0.307%,0,20738,Finance,Major Banks,
FUNC,First United Corporation Common Stock,$21.25,0.15,0.711%,140695294,7385,Finance,Major Banks,
FUND,Sprott Focus Trust Inc. Common Stock,$8.51,0.1,1.189%,249546185,30128,Finance,Investment Managers,
FUSB,First US Bancshares Inc. Common Stock,$10.86,0.01,0.092%,67032025,2072,Finance,Major Banks,
FUV,Arcimoto Inc. Common Stock,$6.20,0.31,5.263%,233515231,463391,Consumer Non-Durables,Motor Vehicles,
FVAM,5:01 Acquisition Corp. Class A Common Stock,$9.84,0,0.00%,105144995,529,,,
FVCB,FVCBankcorp Inc. Common Stock,$20.83,-0.05,-0.239%,285934347,22657,Finance,Commercial Banks,
FWAC,Fifth Wall Acquisition Corp. III Class A Ordinary Shares,$9.70,0.01,0.103%,342235400,2150,,,
FWBI,First Wave BioPharma Inc. Common Stock,$1.06,0.01,0.952%,17591659,98257,Health Care,Biotechnology: Pharmaceutical Preparations,
FWONA,Liberty Media Corporation Series A Liberty Formula One Common Stock,$52.77,0.39,0.745%,12245539289,90545,Consumer Services,Broadcasting,
FWONK,Liberty Media Corporation Series C Liberty Formula One Common Stock,$57.78,0.48,0.838%,13408134549,807914,Consumer Services,Broadcasting,
FWRD,Forward Air Corporation Common Stock,$100.93,-0.67,-0.659%,2719202264,116746,Transportation,Oil Refining/Marketing,
FWRG,First Watch Restaurant Group Inc. Common Stock,$12.37,0.55,4.653%,730429277,201616,Consumer Services,Restaurants,
FXCO,Financial Strategies Acquisition Corp. Class A Common Stock,$9.89,0,0.00%,128680768,19124,,,
FXCOR,Financial Strategies Acquisition Corp. Rights,$0.18,-0.0001,-0.056%,0,300,,,
FXCOW,Financial Strategies Acquisition Corp. Warrants,$0.1697,-0.0003,-0.176%,0,13600,,,
FXNC,First National Corporation Common Stock,$20.75,0,0.00%,129234652,185,Finance,Major Banks,
FYBR,Frontier Communications Parent Inc. Common Stock,$26.52,1.42,5.657%,6482044920,699062,Consumer Services,Telecommunications Equipment,
GABC,German American Bancorp Inc. Common Stock,$39.93,0.12,0.301%,1174893971,46650,Finance,Major Banks,
GACQ,Global Consumer Acquisition Corp. Common Stock,$10.02,0,0.00%,233289267,31,,,
GACQW,Global Consumer Acquisition Corp. Warrant,$0.258,0,0.00%,0,800,,,
GAIA,Gaia Inc. Class A Common Stock,$5.47,0.12,2.243%,111876718,46807,Consumer Services,Movies/Entertainment,
GAIN,Gladstone Investment Corporation Business Development Company,$15.48,0.26,1.708%,514013756,148418,Finance,Finance/Investors Services,
GAINN,Gladstone Investment Corporation 5.00% Notes Due 2026,$25.20,0.12,0.478%,0,4772,Finance,Investment Bankers/Brokers/Service,
GAINZ,Gladstone Investment Corporation 4.875% Notes due 2028,$24.67,0.1,0.407%,0,1205,Finance,Investment Bankers/Brokers/Service,
GALT,Galectin Therapeutics Inc. Common Stock,$1.74,-0.01,-0.571%,103253871,39980,Health Care,Biotechnology: Pharmaceutical Preparations,
GAMC,Golden Arrow Merger Corp. Class A Common Stock,$9.75,0,0.00%,350390625,9,,,
GANX,Gain Therapeutics Inc. Common Stock,$3.35,0.05,1.515%,39797139,74538,Health Care,Biotechnology: Pharmaceutical Preparations,
GATE,Marblegate Acquisition Corp. Class A Common Stock,$9.85,0.01,0.102%,405951330,2000,,,
GATEU,Marblegate Acquisition Corp. Unit,$10.05,0.18,1.824%,0,250,,,
GATEW,Marblegate Acquisition Corp. Warrant,$0.3101,-0.001,-0.321%,0,475,,,
GBDC,Golub Capital BDC Inc. Common Stock,$14.80,0.1,0.68%,2528812982,747676,Finance,Investment Managers,
GBIO,Generation Bio Co. Common Stock,$4.55,0.05,1.111%,259355242,375904,Health Care,Biotechnology: Pharmaceutical Preparations,
GBNY,Generations Bancorp NY Inc. Common Stock,$11.05,0.15,1.376%,27165331,24562,Finance,Major Banks,
GBOX,Greenbox POS Common Stock,$2.43,0.095,4.069%,104925556,184811,Technology,EDP Services,
GBS,GBS Inc. Common Stock,$0.7325,0.0625,9.328%,10901447,456810,Capital Goods,Industrial Machinery/Components,
GBT,Global Blood Therapeutics Inc. Common Stock,$28.85,0.46,1.62%,1870098573,755813,Health Care,Biotechnology: Pharmaceutical Preparations,
GCBC,Greene County Bancorp Inc. Common Stock,$44.05,0.8,1.85%,375015887,18763,Finance,Banks,
GCMG,GCM Grosvenor Inc. Class A Common Stock,$10.40,0.16,1.563%,1915161123,210036,Finance,Finance/Investors Services,
GCMGW,GCM Grosvenor Inc. Warrant,$1.47,0.05,3.521%,0,28857,Finance,Finance/Investors Services,
GDEN,Golden Entertainment Inc. Common Stock,$54.42,1.75,3.323%,1569612768,335326,Consumer Services,Hotels/Resorts,
GDNRW,Gardiner Healthcare Acquisitions Corp. Warrant,$0.23,0,0.00%,0,800,,,
GDRX,GoodRx Holdings Inc. Class A Common Stock,$15.03,1.41,10.352%,6024745320,3534355,Technology,Retail: Computer Software & Peripheral Equipment,
GDYN,Grid Dynamics Holdings Inc. Class A Common Stock,$9.20,0.01,0.109%,467737908,1669547,Technology,EDP Services,
GECC,Great Elm Capital Corp. Common Stock,$14.75,-0.4,-2.64%,67870517,35154,Finance,Finance/Investors Services,
GECCM,Great Elm Capital Corp. 6.75% Notes Due 2025,$25.0039,-0.0261,-0.104%,0,4442,Finance,Finance/Investors Services,
GECCN,Great Elm Capital Corp. 6.5% Notes due 2024,$24.70,-0.12,-0.483%,0,4165,Finance,Finance/Investors Services,
GECCO,Great Elm Capital Corp. 5.875% Notes due 2026,$25.05,-0.07,-0.279%,0,8562,,,
GEEX,Games & Esports Experience Acquisition Corp. Class A Ordinary Shares,$9.98,0,0.00%,249500000,4,,,
GEEXU,Games & Esports Experience Acquisition Corp. Unit,$10.08,0,0.00%,0,20,,,
GEEXW,Games & Esports Experience Acquisition Corp. Warrants,$0.2496,-0.0486,-16.298%,6240000,12601,,,
GEG,Great Elm Group Inc. Common Stock,$1.85,0.03,1.648%,50791008,3654,Health Care,Other Pharmaceuticals,
GENC,Gencor Industries Inc. Common Stock,$10.42,0,0.00%,152733255,7866,Capital Goods,Construction/Ag Equipment/Trucks,
GENQU,Genesis Unicorn Capital Corp. Unit,$9.98,-0.0571,-0.569%,0,429,,,
GEOS,Geospace Technologies Corporation Common Stock (Texas),$5.66,-0.36,-5.98%,73476654,47762,Capital Goods,Industrial Machinery/Components,
GERN,Geron Corporation Common Stock,$1.04,0.03,2.97%,336680855,1059616,Health Care,Biotechnology: Pharmaceutical Preparations,
GEVO,Gevo Inc. Common Stock,$3.65,0.04,1.108%,737258616,6681285,Health Care,Biotechnology: Commercial Physical & Biological Resarch,
GFED,Guaranty Federal Bancshares Inc. Common Stock,$32.04,0.48,1.521%,140459643,29017,Finance,Major Banks,
GFGD,The Growth for Good Acquisition Corporation Class A Ordinary Shares,$9.67,-0.01,-0.103%,313549750,443122,,,
GFGDR,The Growth for Good Acquisition Corporation Right,$0.1899,0.0005,0.264%,0,6714,,,
GFGDU,The Growth for Good Acquisition Corporation Unit,$9.90,-0.05,-0.503%,0,11345,,,
GFGDW,The Growth for Good Acquisition Corporation Warrant,$0.16,0,0.00%,0,26066,,,
GFS,GlobalFoundries Inc. Ordinary Shares,$65.79,7.38,12.635%,34990131498,4092824,,,
GGGV,G3 VRM Acquisition Corp. Class A Common Stock,$10.0884,0,0.00%,140815602,3,,,
GGGVR,G3 VRM Acquisition Corp. Rights,$0.2251,-0.008,-3.432%,0,100,,,
GGGVU,G3 VRM Acquisition Corp. Units,$10.30,0,0.00%,0,166,,,
GGMC,Glenfarne Merger Corp. Class A Common Stock,$9.71,0,0.00%,339101485,13,,,
GGMCW,Glenfarne Merger Corp. Warrant,$0.23,0.01,4.545%,0,4000,,,
GGPI,Gores Guggenheim Inc. Class A Common Stock,$10.69,0.11,1.04%,1069000000,1484947,,,
GGPIU,Gores Guggenheim Inc. Unit,$11.29,-0.03,-0.265%,0,1950,,,
GGPIW,Gores Guggenheim Inc. Warrant,$2.84,0.09,3.273%,0,163137,,,
GH,Guardant Health Inc. Common Stock,$48.76,0.51,1.057%,4966978261,1217230,Health Care,Medical Specialities,
GHAC,Gaming & Hospitality Acquisition Corp. Class A Common Stock,$9.75,0,0.00%,251330625,16,,,
GHACU,Gaming & Hospitality Acquisition Corp. Unit,$9.83,-0.03,-0.304%,0,150000,,,
GHACW,Gaming & Hospitality Acquisition Corp. Warrants,$0.22,0.0549,33.253%,0,140,,,
GHIXU,Gores Holdings IX Inc. Unit,$9.98,0,0.00%,0,521281,,,
GHIXW,Gores Holdings IX Inc. Warrant,$0.55,0.02,3.774%,0,166,,,
GHSI,Guardion Health Sciences Inc. Common Stock,$0.2139,0.0104,5.111%,12187379,4532875,Consumer Durables,Specialty Chemicals,
GIFI,Gulf Island Fabrication Inc. Common Stock,$4.01,-0.13,-3.14%,62363083,128046,Capital Goods,Metal Fabrications,
GIII,G-III Apparel Group LTD. Common Stock,$24.66,0.72,3.008%,1197698544,397533,Consumer Non-Durables,Apparel,
GIIX,Gores Holdings VIII Inc. Class A Common Stock,$9.89,0,0.00%,426506250,30304,,,
GIIXU,Gores Holdings VIII Inc. Unit,$10.15,0.01,0.099%,0,1201,,,
GIIXW,Gores Holdings VIII Inc. Warrant,$1.23,0.16,14.953%,0,18647,,,
GILD,Gilead Sciences Inc. Common Stock,$58.32,0.17,0.292%,73126673744,10794591,Health Care,Biotechnology: Pharmaceutical Preparations,
GIPR,Generation Income Properties Inc. Common Stock,$7.75,0.25,3.333%,16741550,20510,Consumer Services,Real Estate Investment Trusts,
GIW,GigInternational1 Inc. Common Stock,$9.98,0,0.00%,270298320,3,,,
GIWWU,GigInternational1 Inc. Units,$10.04,-0.05,-0.496%,0,753,,,
GIWWW,GigInternational1 Inc. Warrant,$0.1805,-0.0693,-27.742%,0,300,,,
GLAD,Gladstone Capital Corporation Common Stock,$11.38,-0.06,-0.524%,390383742,183883,Finance,Finance/Investors Services,
GLAQ,Globis Acquisition Corp. common stock,$10.22,0,0.00%,153819513,202,,,
GLAQU,Globis Acquisition Corp. Unit,$10.68,-0.05,-0.466%,0,1550,,,
GLAQW,Globis Acquisition Corp. Warrant,$0.5002,-0.0099,-1.941%,0,886,,,
GLBL,Cartesian Growth Corporation Class A Ordinary Share,$9.87,0.01,0.101%,425643750,94654,Finance,Business Services,
GLBLU,Cartesian Growth Corporation Unit,$10.00,-0.02,-0.20%,0,3800,Finance,Business Services,
GLBLW,Cartesian Growth Corporation Warrant,$0.58,-0.02,-3.333%,0,44431,Finance,Business Services,
GLBZ,Glen Burnie Bancorp Common Stock,$12.50,-0.5,-3.846%,35673500,8209,Finance,Major Banks,
GLDD,Great Lakes Dredge & Dock Corporation Common Stock,$14.84,0.18,1.228%,975675122,172400,Capital Goods,Oilfield Services/Equipment,
GLEE,Gladstone Acquisition Corp. Class A Common Stock,$10.03,0.01,0.10%,133654264,154,,,
GLEEU,Gladstone Acquisition Corp. Unit,$10.315,0,0.00%,0,1,,,
GLEEW,Gladstone Acquisition Corp. Warrant,$0.4349,0.1148,35.864%,0,400,,,
GLHA,Glass Houses Acquisition Corp. Class A common stock,$9.75,0.005,0.051%,268701381,14790,,,
GLHAU,Glass Houses Acquisition Corp. Unit,$9.855,-0.005,-0.051%,0,200,,,
GLHAW,Glass Houses Acquisition Corp. Warrant,$0.2999,0.0017,0.57%,0,805,,,
GLLI,Globalink Investment Inc. Common Stock,$9.895,-0.005,-0.051%,147880775,25238,,,
GLLIU,Globalink Investment Inc. Unit,$10.01,0,0.00%,0,300,,,
GLLIW,Globalink Investment Inc. Warrants,$0.1149,-0.003,-2.545%,0,909,,,
GLPI,Gaming and Leisure Properties Inc. Common Stock,$44.53,0.45,1.021%,11023116063,1006486,Consumer Services,Real Estate Investment Trusts,
GLSI,Greenwich LifeSciences Inc. Common Stock,$21.33,0.83,4.049%,279921631,39446,Health Care,Biotechnology: Pharmaceutical Preparations,
GLSPT,Global SPAC Partners Co. Subunit ,$10.09,0.02,0.199%,0,539,Finance,Business Services,
GLSPU,Global SPAC Partners Co. Unit,$10.165,-0.005,-0.049%,0,208,Finance,Business Services,
GLSPW,Global SPAC Partners Co. Warrants,$0.2182,0.0082,3.905%,0,88105,Finance,Business Services,
GLUE,Monte Rosa Therapeutics Inc. Common Stock,$13.96,0.68,5.12%,649222559,254210,Health Care,Biotechnology: Pharmaceutical Preparations,
GLYC,GlycoMimetics Inc. Common Stock,$1.03,0.03,3.00%,53883311,152258,Health Care,Biotechnology: Pharmaceutical Preparations,
GMBT,Queen's Gambit Growth Capital Class A Ordinary Share,$9.95,0.03,0.302%,429093750,1193567,Finance,Business Services,
GMBTU,Queen's Gambit Growth Capital Unit,$10.07,0.0169,0.168%,0,2510,Finance,Business Services,
GMBTW,Queen's Gambit Growth Capital Warrant,$0.44,0.04,10.00%,0,78670,Finance,Business Services,
GMFI,Aetherium Acquisition Corp. Class A Common Stock,$9.84,-0.01,-0.102%,146650440,36833,,,
GMFIU,Aetherium Acquisition Corp. Unit,$9.9601,-0.0199,-0.199%,0,31298,,,
GMFIW,Aetherium Acquisition Corp. Warrant,$0.15,-0.0001,-0.067%,0,232799,,,
GMTX,Gemini Therapeutics Inc. Common Stock,$1.43,-0.05,-3.378%,61787667,864379,Health Care,Biotechnology: Pharmaceutical Preparations,
GNAC,Group Nine Acquisition Corp. Class A Common stock,$9.77,-0.005,-0.051%,280887500,101,,,
GNACU,Group Nine Acquisition Corp. Unit,$9.86,-0.01,-0.101%,0,403,,,
GNACW,Group Nine Acquisition Corp. Warrant,$0.2902,-0.0798,-21.568%,0,4400,,,
GNCA,Genocea Biosciences Inc. Common Stock,$1.11,-0.02,-1.77%,63764384,127453,Health Care,Biotechnology: Pharmaceutical Preparations,
GNLN,Greenlane Holdings Inc. Class A Common Stock,$0.4372,-0.0059,-1.332%,18415529,902990,,,
GNOG,Golden Nugget Online Gaming Inc. Class A Common Stock,$5.86,0.29,5.206%,272902521,704847,Consumer Services,Services-Misc. Amusement & Recreation,
GNPX,Genprex Inc. Common Stock,$2.02,0.03,1.508%,96573311,258235,Health Care,Biotechnology: Pharmaceutical Preparations,
GNSS,Genasys Inc. Common Stock,$2.71,-0.13,-4.577%,99398792,65043,Capital Goods,Industrial Machinery/Components,
GNTX,Gentex Corporation Common Stock,$28.09,0.24,0.862%,6641075750,1265554,Capital Goods,Auto Parts:O.E.M.,
GNTY,Guaranty Bancshares Inc. Common Stock,$36.26,-0.08,-0.22%,439381166,12291,Finance,Major Banks,
GNUS,Genius Brands International Inc. Common Stock,$0.8066,0.0066,0.825%,176669516,2017936,Consumer Services,Publishing,
GO,Grocery Outlet Holding Corp. Common Stock,$30.10,2.02,7.194%,2890667707,1168557,Consumer Non-Durables,Specialty Foods,
GOCO,GoHealth Inc. Class A Common Stock,$1.20,0.125,11.628%,137728714,4967139,Finance,Specialty Insurers,
GOEV,Canoo Inc. Class A Common Stock,$5.57,0.39,7.529%,1331131155,2471020,Capital Goods,Auto Parts:O.E.M.,
GOEVW,Canoo Inc. Warrant,$1.14,0.1,9.615%,0,79054,,,
GOGO,Gogo Inc. Common Stock,$17.01,0.13,0.77%,1886041278,626478,Consumer Services,Telecommunications Equipment,
GOOD,Gladstone Commercial Corporation Real Estate Investment Trust,$21.49,0.36,1.704%,812300059,349694,Consumer Services,Real Estate Investment Trusts,
GOODN,Gladstone Commercial Corporation 6.625% Series E Cumulative Redeemable Preferred Stock,$25.35,0.0001,0.00%,0,796,Consumer Services,Real Estate Investment Trusts,
GOODO,Gladstone Commercial Corporation 6.00% Series G Cumulative Redeemable Preferred Stock par value $0.001 per share,$25.45,0.5,2.004%,0,1962,Consumer Services,Real Estate Investment Trusts,
GOOG,Alphabet Inc. Class C Capital Stock,$2593.21,58.39,2.304%,1714037439330,1513707,Technology,Internet and Information Services,
GOOGL,Alphabet Inc. Class A Common Stock,$2583.96,64.94,2.578%,1707923454611,1544206,Technology,Internet and Information Services,
GOSS,Gossamer Bio Inc. Common Stock,$8.44,-0.38,-4.308%,645466834,740868,Health Care,Biotechnology: Pharmaceutical Preparations,
GOVX,GeoVax Labs Inc. Common Stock,$1.39,-0.02,-1.418%,9853745,30381,Health Care,Biotechnology: Pharmaceutical Preparations,
GOVXW,GeoVax Labs Inc. Warrants,$0.6036,0.0336,5.895%,0,101,Health Care,Biotechnology: Pharmaceutical Preparations,
GPAC,Global Partner Acquisition Corp II Class A Ordinary Share,$9.79,-0.01,-0.102%,367125000,52082,Finance,Business Services,
GPACU,Global Partner Acquisition Corp II Unit,$9.82,0,0.00%,0,10,Finance,Business Services,
GPACW,Global Partner Acquisition Corp II Warrant,$0.3641,0.034,10.30%,0,332,Finance,Business Services,
GPCO,Golden Path Acquisition Corporation Ordinary Shares,$10.06,0.03,0.299%,75027480,10933,,,
GPCOR,Golden Path Acquisition Corporation Rights,$0.2725,0.0121,4.647%,0,15862,,,
GPCOU,Golden Path Acquisition Corporation Units,$10.285,0,0.00%,0,44,,,
GPCOW,Golden Path Acquisition Corporation Warrant,$0.08,0.01,14.286%,0,10100,,,
GPP,Green Plains Partners LP Common Units,$13.18,-0.14,-1.051%,306140467,29250,,,
GPRE,Green Plains Inc. Common Stock,$28.57,-0.9,-3.054%,1531813463,1087697,Basic Industries,Major Chemicals,
GPRO,GoPro Inc. Class A Common Stock,$7.62,0.18,2.419%,1192394318,1829759,Miscellaneous,Industrial Machinery/Components,
GRAY,Graybug Vision Inc. Common Stock,$1.16,0.03,2.655%,24730777,139326,Health Care,Biotechnology: Pharmaceutical Preparations,
GREE,Greenidge Generation Holdings Inc. Class A Common Stock,$7.36,0.08,1.099%,299148709,344405,Finance,Investment Bankers/Brokers/Service,
GREEL,Greenidge Generation Holdings Inc. 8.50% Senior Notes due 2026,$22.00,0.15,0.686%,0,4314,Finance,Investment Bankers/Brokers/Service,
GRIL,Muscle Maker Inc Common Stock,$0.3738,0.0205,5.802%,4025071,292043,,,
GRNA,GreenLight Biosciences Holdings PBC Common Stock,$10.05,1.24,14.075%,1234361924,340659,Health Care,Biotechnology: Pharmaceutical Preparations,
GRNAW,GreenLight Biosciences Holdings PBC Warrant,$0.8493,0.2242,35.866%,0,55184,Health Care,Biotechnology: Pharmaceutical Preparations,
GROM,Grom Social Enterprises Inc. Common Stock,$0.95,-0.06,-5.941%,11969030,324687,,,
GROMW,Grom Social Enterprises Inc. Warrants,$0.1948,-0.1052,-35.067%,0,25407,,,
GROW,U.S. Global Investors Inc. Class A Common Stock,$4.73,0.15,3.275%,71022303,44246,Finance,Investment Managers,
GRPH,Graphite Bio Inc. Common Stock,$7.86,-0.28,-3.44%,456500956,128284,Consumer Durables,Specialty Chemicals,
GRPN,Groupon Inc. Common Stock,$18.20,0.35,1.961%,543411578,742729,Technology,Advertising,
GRTS,Gritstone bio Inc. Common Stock,$4.45,0.08,1.831%,323552122,1760792,Health Care,Biotechnology: Biological Products (No Diagnostic Substances),
GRTX,Galera Therapeutics Inc. Common Stock,$2.10,0.02,0.962%,56269861,123223,Consumer Durables,Specialty Chemicals,
GRVI,Grove Inc. Common Stock,$4.65,0.1,2.198%,76598236,34060,Health Care,Biotechnology: Pharmaceutical Preparations,
GRWG,GrowGeneration Corp. Common Stock,$8.14,0.38,4.897%,494129689,953535,Consumer Services,Other Specialty Stores,
GSAQ,Global Synergy Acquisition Corp. Class A Ordinary Shares,$9.90,0,0.00%,320203125,14842,Finance,Business Services,
GSAQU,Global Synergy Acquisition Corp. Units,$10.00,0.02,0.20%,0,1669,Finance,Business Services,
GSBC,Great Southern Bancorp Inc. Common Stock,$60.38,0.19,0.316%,778390340,60314,Finance,Major Banks,
GSEV,Gores Holdings VII Inc. Class A Common Stock,$9.75,0,0.00%,670312500,45023,,,
GSEVU,Gores Holdings VII Inc. Units,$9.90,0.06,0.61%,0,10846,,,
GSEVW,Gores Holdings VII Inc. Warrant,$0.8239,0.0039,0.476%,0,10423,,,
GSHD,Goosehead Insurance Inc. Class A Common Stock,$66.52,1.75,2.702%,1344831447,326564,Finance,Specialty Insurers,
GSIT,GSI Technology Common Stock,$3.93,-0.03,-0.758%,95710949,54668,Technology,Semiconductors,
GSKY,GreenSky Inc. Class A Common Stock,$9.28,-0.23,-2.419%,855021932,5441816,Technology,EDP Services,
GSRMU,GSR II Meteora Acquisition Corp. Unit,$10.05,-0.01,-0.099%,0,58605,,,
GT,The Goodyear Tire & Rubber Company Common Stock,$13.13,0.33,2.578%,3700362683,4948600,Consumer Durables,Automotive Aftermarket,
GTAC,Global Technology Acquisition Corp. I Class A Ordinary Shares,$9.92,0,0.00%,0,9,,,
GTACW,Global Technology Acquisition Corp. I Warrant,$0.40,-0.01,-2.439%,0,1800,,,
GTBP,GT Biopharma Inc. Common Stock,$2.70,-0.01,-0.369%,82572356,55704,Health Care,Biotechnology: Pharmaceutical Preparations,
GTHX,G1 Therapeutics Inc. Common Stock,$7.75,-0.79,-9.251%,330967873,1046984,Health Care,Biotechnology: Pharmaceutical Preparations,
GTIM,Good Times Restaurants Inc. Common Stock,$4.00,-0.055,-1.356%,50253964,8321,Consumer Services,Restaurants,
GTLB,GitLab Inc. Class A Common Stock,$35.67,2.57,7.764%,5165016000,6260249,Technology,EDP Services,
GTPA,Gores Technology Partners Inc. Class A Common Stock,$9.76,0.01,0.103%,335500000,181,,,
GTPAU,Gores Technology Partners Inc. Units,$9.85,0,0.00%,0,3901,,,
GTPAW,Gores Technology Partners Inc. Warrant,$0.71,0,0.00%,0,6966,,,
GTPB,Gores Technology Partners II Inc. Class A Common Stock,$9.75,0,0.00%,560625000,84327,,,
GTPBU,Gores Technology Partners II Inc. Units,$9.90,0.01,0.101%,0,3700,,,
GTPBW,Gores Technology Partners II Inc. Warrant,$0.5064,-0.0937,-15.614%,0,30199,,,
GTYH,GTY Technology Holdings Inc. Common Stock,$3.08,-0.08,-2.532%,177974150,99837,Technology,Computer Software: Prepackaged Software,
GVCI,Green Visor Financial Technology Acquisition Corp. I Class A Ordinary Shares,$9.97,0,0.00%,249374625,14466,,,
GVP,GSE Systems Inc. Common Stock,$1.75,0.15,9.375%,36575394,57655,Technology,Computer Software: Prepackaged Software,
GWGH,GWG Holdings Inc Common Stock,$5.14,0.19,3.838%,106705650,891,Finance,Life Insurance,
GWII,Good Works II Acquisition Corp. Common Stock,$9.84,0,0.00%,289296000,1531,,,
GWIIW,Good Works II Acquisition Corp. Warrant,$0.315,0.065,26.00%,0,100,,,
GWRS,Global Water Resources Inc. Common Stock,$16.01,-0.05,-0.311%,362614364,24684,Public Utilities,Water Supply,
GXII,GX Acquisition Corp. II Class A Common Stock,$9.715,0,0.00%,364312500,10623,,,
GYRO,Gyrodyne LLC Common Stock,$12.71,1.19,10.33%,18844863,724,Consumer Services,Real Estate Investment Trusts,
HA,Hawaiian Holdings Inc. Common Stock,$17.39,0.94,5.714%,890953017,782694,Transportation,Air Freight/Delivery Services,
HAAC,Health Assurance Acquisition Corp. Class A Common Stock,$9.83,0.01,0.102%,541878750,35014,,,
HAACU,Health Assurance Acquisition Corp. SAIL Securities,$9.94,0.005,0.05%,0,16548,,,
HAACW,Health Assurance Acquisition Corp. Warrants,$0.4949,-0.0051,-1.02%,0,45943,,,
HAFC,Hanmi Financial Corporation Common Stock,$24.81,-0.16,-0.641%,754669315,139730,Finance,Major Banks,
HAIN,Hain Celestial Group Inc. (The) Common Stock,$32.39,0.45,1.409%,2958097012,670199,Capital Goods,Office Equipment/Supplies/Services,
HALL,Hallmark Financial Services Inc. Common Stock,$3.83,-0.05,-1.289%,69600549,44746,Finance,Property-Casualty Insurers,
HALO,Halozyme Therapeutics Inc. Common Stock,$35.36,0.79,2.285%,4869196114,442562,Health Care,Biotechnology: Biological Products (No Diagnostic Substances),
HARP,Harpoon Therapeutics Inc. Common Stock,$3.58,0.04,1.13%,118002757,277031,Health Care,Biotechnology: Pharmaceutical Preparations,
HAS,Hasbro Inc. Common Stock,$88.02,1.18,1.359%,12231238779,1276981,Consumer Non-Durables,Recreational Products/Toys,
HAYN,Haynes International Inc. Common Stock,$40.36,-0.21,-0.518%,502671208,55441,,,
HBAN,Huntington Bancshares Incorporated Common Stock,$14.97,-0.07,-0.465%,21629054756,9500757,Finance,Major Banks,
HBANM,Huntington Bancshares Incorporated Depositary Shares each representing a 1/1000th interest in a share of Huntington Series I Preferred Stock,$24.57,0.235,0.966%,0,16913,Finance,Major Banks,
HBANP,Huntington Bancshares Incorporated Depositary Shares 4.500% Series H Non-Cumulative Perpetual Preferred Stock,$20.39,-0.24,-1.163%,0,137021,Finance,Major Banks,
HBCP,Home Bancorp Inc. Common Stock,$39.26,0.1,0.255%,332961665,9939,Finance,Banks,
HBIO,Harvard Bioscience Inc. Common Stock,$5.89,0.06,1.029%,240373933,120398,Capital Goods,Biotechnology: Laboratory Analytical Instruments,
HBNC,Horizon Bancorp Inc. Common Stock,$20.03,-0.26,-1.281%,872576144,88254,Finance,Major Banks,
HBP,Huttig Building Products Inc. Common Stock,$9.25,0.17,1.872%,252803860,45656,Capital Goods,Wholesale Distributors,
HBT,HBT Financial Inc. Common Stock,$19.07,-0.17,-0.884%,552764183,8437,Finance,Commercial Banks,
HCAR,Healthcare Services Acquisition Corporation Class A Common Stock,$9.78,0,0.00%,404892000,72177,,,
HCARW,Healthcare Services Acquisition Corporation Warrant,$0.3865,0.0765,24.677%,0,14686,,,
HCAT,Health Catalyst Inc Common Stock,$21.37,0.7,3.387%,1140030326,946294,Health Care,Managed Health Care,
HCCI,Heritage-Crystal Clean Inc. Common Stock,$28.38,0.78,2.826%,686845580,72757,Public Utilities,Water Supply,
HCDI,Harbor Custom Development Inc. Common Stock,$2.09,0,0.00%,31126566,37288,Consumer Services,Building operators,
HCDIP,Harbor Custom Development Inc. 8.0% Series A Cumulative Convertible Preferred Stock no par value,$13.97,0,0.00%,0,3226,Consumer Services,Building operators,
HCDIW,Harbor Custom Development Inc. Warrant,$0.223,-0.0001,-0.045%,0,100,Consumer Services,Building operators,
HCDIZ,Harbor Custom Development Inc. Warrant,$0.3509,-0.0141,-3.863%,0,116014,Consumer Services,Building operators,
HCIC,Hennessy Capital Investment Corp. V Class A Common Stock,$9.77,0,0.00%,421331250,1305,,,
HCICU,Hennessy Capital Investment Corp. V Units ,$9.851,-0.02,-0.203%,0,2424,,,
HCICW,Hennessy Capital Investment Corp. V Warrant,$0.3301,-0.0205,-5.847%,0,188533,,,
HCII,Hudson Executive Investment Corp. II Class A Common Stock,$9.76,-0.005,-0.051%,305000000,43200,,,
HCIIU,Hudson Executive Investment Corp. II Unit,$9.80,0,0.00%,0,10,,,
HCKT,Hackett Group Inc (The). Common Stock,$21.15,0.08,0.38%,668646950,163668,Technology,Retail: Computer Software & Peripheral Equipment,
HCMAU,HCM Acquisition Corp Unit,$9.97,0,0.00%,0,1,,,
HCMAW,HCM Acquisition Corp Warrant,$0.15,-0.01,-6.25%,0,365498,,,
HCNE,Jaws Hurricane Acquisition Corp. Class A Common Stock,$9.75,0.05,0.515%,385429688,2418,,,
HCP,HashiCorp Inc. Class A Common Stock,$33.79,1.34,4.129%,6155408062,1172192,Technology,EDP Services,
HCSG,Healthcare Services Group Inc. Common Stock,$17.93,0.49,2.81%,1326802070,965817,Health Care,Assisted Living Services,
HCTI,Healthcare Triangle Inc. Common Stock,$0.9073,-0.0427,-4.495%,31992155,42071,Technology,Retail: Computer Software & Peripheral Equipment,
HCVI,Hennessy Capital Investment Corp. VI Class A Common Stock,$9.62,-0.02,-0.207%,0,23798,,,
HCVIW,Hennessy Capital Investment Corp. VI Warrant,$0.4701,-0.0809,-14.682%,0,600,,,
HCWB,HCW Biologics Inc. Common Stock,$2.06,-0.04,-1.905%,73599911,41733,Health Care,Biotechnology: Pharmaceutical Preparations,
HDSN,Hudson Technologies Inc. Common Stock,$5.88,0.24,4.255%,263182479,1280443,Basic Industries,Specialty Chemicals,
HEAR,Turtle Beach Corporation Common Stock,$18.03,-0.36,-1.958%,291525123,381715,Consumer Non-Durables,Consumer Electronics/Appliances,
HEES,H&E Equipment Services Inc. Common Stock,$41.67,0.75,1.833%,1506539013,157774,Technology,Engineering & Construction,
HEPA,Hepion Pharmaceuticals Inc. Common Stock,$1.07,0.01,0.943%,81561022,183065,Health Care,Biotechnology: Pharmaceutical Preparations,
HERA,FTAC Hera Acquisition Corp. Class A Ordinary Shares,$9.74,0,0.00%,1060049978,73371,,,
HERAU,FTAC Hera Acquisition Corp. Units,$9.835,0,0.00%,0,1,,,
HERAW,FTAC Hera Acquisition Corp. Warrant,$0.39,-0.0041,-1.04%,0,123109,Finance,Business Services,
HFBL,Home Federal Bancorp Inc. of Louisiana Common StocK,$21.25,-0.2961,-1.374%,72652964,269,Finance,Savings Institutions,
HFFG,HF Foods Group Inc. Common Stock,$6.36,0.1,1.597%,341572653,26696,Consumer Non-Durables,Food Distributors,
HFWA,Heritage Financial Corporation Common Stock,$25.46,-0.02,-0.078%,893793133,126348,Finance,Banks,
HGBL,Heritage Global Inc. Common Stock,$1.33,-0.04,-2.92%,48644354,24152,Finance,Investment Bankers/Brokers/Service,
HGEN,Humanigen Inc. Common Stock,$2.61,0,0.00%,170509152,984625,Health Care,Biotechnology: Pharmaceutical Preparations,
HHS,Harte-Hanks Inc. Common Stock,$7.14,0.11,1.565%,49809668,17820,Technology,Advertising,
HIBB,Hibbett Inc. Common Stock,$47.41,3.24,7.335%,648981457,599587,Consumer Non-Durables,Apparel,
HIFS,Hingham Institution for Savings Common Stock,$341.00,-0.07,-0.021%,730558400,4525,Finance,Major Banks,
HIII,Hudson Executive Investment Corp. III Class A Common Stock,$9.76,-0.01,-0.102%,732000000,200,,,
HIIIU,Hudson Executive Investment Corp. III Unit,$9.85,0,0.00%,0,1,,,
HILS,Hillstream BioPharma Inc. Common Stock,$1.16,-0.12,-9.375%,13029705,149391,Health Care,Biotechnology: Pharmaceutical Preparations,
HLAH,Hamilton Lane Alliance Holdings I Inc. Class A Common Stock,$9.79,0,0.00%,317887057,637,,,
HLAHU,Hamilton Lane Alliance Holdings I Inc. Unit,$9.865,-0.035,-0.354%,0,1080,,,
HLAHW,Hamilton Lane Alliance Holdings I Inc. Warrant,$0.2396,-0.0604,-20.133%,0,9166,,,
HLBZ,Helbiz Inc. Class A Common stock,$2.94,0.1,3.521%,89714415,35019,Consumer Services,Other Specialty Stores,
HLBZW,Helbiz Inc. Warrant,$0.2355,-0.0244,-9.388%,0,19349,Consumer Services,Other Specialty Stores,
HLIT,Harmonic Inc. Common Stock,$8.91,0.19,2.179%,924293641,469772,Technology,Radio And Television Broadcasting And Communications Equipment,
HLMN,Hillman Solutions Corp. Common Stock,$10.69,0.33,3.185%,2073159687,1003746,Capital Goods,Industrial Specialties,
HLNE,Hamilton Lane Incorporated Class A Common Stock,$74.33,0.93,1.267%,2764655590,306477,Finance,Investment Managers,
HLTH,Cue Health Inc. Common Stock,$8.06,0.02,0.249%,1179682540,244627,Technology,Computer Software: Prepackaged Software,
HLXA,Helix Acquisition Corp. Class A Ordinary Shares,$9.93,-0.02,-0.201%,147013650,98402,Finance,Business Services,
HMCO,HumanCo Acquisition Corp. Class A Common Stock,$9.795,-0.005,-0.051%,376495313,610492,,,
HMCOU,HumanCo Acquisition Corp. Unit,$9.93,-0.04,-0.401%,0,288729,,,
HMCOW,HumanCo Acquisition Corp. Warrant,$0.30,-0.0104,-3.351%,0,14150,,,
HMHC,Houghton Mifflin Harcourt Company Common Stock,$20.93,-0.01,-0.048%,2672570893,7695300,Miscellaneous,Service to the Health Industry,
HMNF,HMN Financial Inc. Common Stock,$24.70,0.06,0.244%,112877765,1297,Finance,Savings Institutions,
HMPT,Home Point Capital Inc Common Stock,$3.23,-0.03,-0.92%,450673864,68977,Finance,Finance: Consumer Services,
HMST,HomeStreet Inc. Common Stock,$50.83,-0.01,-0.02%,981823690,195519,Finance,Banks,
HMTV,Hemisphere Media Group Inc. Class A Common Stock,$5.14,0.09,1.782%,206994189,118792,Consumer Services,Television Services,
HNNA,Hennessy Advisors Inc. Common Stock,$9.77,0,0.00%,73061066,17398,Finance,Investment Managers,
HNNAZ,Hennessy Advisors Inc. 4.875% Notes due 2026,$25.50,-0.43,-1.658%,0,826,,,
HNRG,Hallador Energy Company Common Stock,$3.49,0.08,2.346%,106837876,136444,Energy,Coal Mining,
HNST,The Honest Company Inc. Common Stock,$5.20,0.18,3.586%,473348138,781864,Consumer Non-Durables,Department/Specialty Retail Stores,
HOFT,Hooker Furnishings Corporation Common Stock,$20.44,0.08,0.393%,243692098,65540,Consumer Durables,Home Furnishings,
HOFV,Hall of Fame Resort & Entertainment Company Common Stock,$0.9607,0.1527,18.899%,91693828,1659616,Consumer Services,Movies/Entertainment,
HOFVW,Hall of Fame Resort &amp, Entertainment Company Warrant,$0.1815,-0.0073,-3.867%,,54772,Consumer Services,Movies/Entertainment
HOLX,Hologic Inc. Common Stock,$70.96,1.37,1.969%,17738872871,1241480,Health Care,Medical Electronics,
HON,Honeywell International Inc. Common Stock,$187.79,4.59,2.505%,128789907006,3922811,,,
HONE,HarborOne Bancorp Inc. Common Stock,$14.85,-0.26,-1.721%,777998598,191061,Finance,Major Banks,
HOOD,Robinhood Markets Inc. Class A Common Stock,$11.04,0.39,3.662%,9582606454,16281988,Technology,Computer Software: Prepackaged Software,
HOOK,HOOKIPA Pharma Inc. Common Stock,$1.51,0.11,7.857%,82579484,1423189,Health Care,Biotechnology: Pharmaceutical Preparations,
HOPE,Hope Bancorp Inc. Common Stock,$16.49,-0.23,-1.376%,1980682894,1229538,Finance,Major Banks,
HOTH,Hoth Therapeutics Inc. Common Stock,$0.5436,0.0246,4.74%,13032363,304638,Consumer Durables,Specialty Chemicals,
HOUR,Hour Loop Inc. Common Stock,$3.99,0.95,31.25%,139780684,14528107,Miscellaneous,Diversified Commercial Services,
HOVNP,Hovnanian Enterprises Inc Dep Shr Srs A Pfd,$20.90,0.095,0.457%,0,2665,Capital Goods,Homebuilding,
HOWL,Werewolf Therapeutics Inc. Common Stock,$4.59,0.01,0.218%,126589735,46869,Health Care,Biotechnology: Pharmaceutical Preparations,
HPK,HighPeak Energy Inc. Common Stock,$18.81,0.49,2.675%,1821233106,77272,Energy,Oil & Gas Production,
HPKEW,HighPeak Energy Inc. Warrant,$10.2001,-0.8139,-7.39%,0,677,Energy,Oil & Gas Production,
HPLT,Home Plate Acquisition Corporation Class A Common Stock,$9.72,0.02,0.206%,250290000,1694,,,
HQI,HireQuest Inc. Common Stock (DE),$16.85,0.37,2.245%,231436368,23234,Technology,Diversified Commercial Services,
HQY,HealthEquity Inc. Common Stock,$54.08,2.08,4.00%,4521162684,552370,Health Care,Managed Health Care,
HRMY,Harmony Biosciences Holdings Inc. Common Stock,$43.82,1.36,3.203%,2579777482,329791,Health Care,Biotechnology: Pharmaceutical Preparations,
HROW,Harrow Health Inc. Common Stock,$7.00,-0.22,-3.047%,189210889,29481,Health Care,Biotechnology: Pharmaceutical Preparations,
HROWL,Harrow Health Inc. 8.625% Senior Notes due 2026,$25.90,0.45,1.768%,0,8826,,,
HRTX,Heron Therapeutics Inc. Common Stock,$4.84,0.21,4.536%,494360751,2505312,Consumer Durables,Specialty Chemicals,
HRZN,Horizon Technology Finance Corporation Common Stock,$13.52,0.03,0.222%,290324803,175155,Finance,Finance/Investors Services,
HSAQ,Health Sciences Acquisitions Corporation 2 Ordinary Shares,$9.895,0.005,0.051%,202352750,55138,Finance,Business Services,
HSDT,Helius Medical Technologies Inc. Class A Common Stock (DE),$3.10,-0.04,-1.274%,11713790,8562,Health Care,Industrial Specialties,
HSIC,Henry Schein Inc. Common Stock,$86.31,1.51,1.781%,11839384368,924915,Health Care,Medical Specialities,
HSII,Heidrick & Struggles International Inc. Common Stock,$39.63,0.93,2.403%,776412215,145290,Technology,Diversified Commercial Services,
HSKA,Heska Corporation Common Stock,$145.40,4.43,3.143%,1557575254,51340,Health Care,Biotechnology: Electromedical & Electrotherapeutic Apparatus,
HSON,Hudson Global Inc. Common Stock,$33.42,0.41,1.242%,90478902,9266,Technology,Professional Services,
HST,Host Hotels & Resorts Inc. Common Stock,$18.15,0.25,1.397%,12961824242,7178858,Consumer Services,Real Estate Investment Trusts,
HSTM,HealthStream Inc. Common Stock,$19.65,0.49,2.557%,607912993,105600,Miscellaneous,Business Services,
HSTO,Histogen Inc. Common Stock,$0.2333,0.0103,4.619%,11653384,752242,Consumer Durables,Specialty Chemicals,
HTBI,HomeTrust Bancshares Inc. Common Stock,$30.49,0.02,0.066%,495368072,37318,Finance,Savings Institutions,
HTBK,Heritage Commerce Corp Common Stock,$11.41,-0.04,-0.349%,688840949,110379,Finance,Major Banks,
HTGM,HTG Molecular Diagnostics Inc. Common Stock,$1.99,0.06,3.109%,15100289,10372,Capital Goods,Biotechnology: Laboratory Analytical Instruments,
HTIA,Healthcare Trust Inc. 7.375% Series A Cumulative Redeemable Perpetual Preferred Stock,$24.7853,-0.1847,-0.74%,0,9097,Consumer Services,Real Estate Investment Trusts,
HTIBP,Healthcare Trust Inc. 7.125% Series B Cumulative Redeemable Perpetual Preferred Stock,$25.0238,0.0238,0.095%,0,6761,Consumer Services,Real Estate Investment Trusts,
HTLD,Heartland Express Inc. Common Stock,$14.36,0.17,1.198%,1133428941,574231,Transportation,Trucking Freight/Courier Services,
HTLF,Heartland Financial USA Inc. Common Stock,$50.38,-0.19,-0.376%,2129968008,109951,Finance,Major Banks,
HTLFP,Heartland Financial USA Inc. Depositary Shares each representing a 1/400th ownership interest in a share of 7.00% Fixed-Rate Reset Non-Cumulative Perpetual Preferred Stock Series E,$26.99,0.24,0.897%,0,10500,Finance,Major Banks,
HTZ,Hertz Global Holdings Inc Common Stock,$22.04,0.54,2.512%,9461646416,5789575,Miscellaneous,Rental/Leasing Companies,
HTZWW,Hertz Global Holdings Inc Warrant,$14.51,0.13,0.904%,0,439140,Miscellaneous,Rental/Leasing Companies,
HUBG,Hub Group Inc. Class A Common Stock,$78.27,-0.33,-0.42%,2715321864,181529,Transportation,Oil Refining/Marketing,
HUMA,Humacyte Inc. Common Stock,$5.67,0.21,3.846%,584029187,220362,Health Care,Biotechnology: Pharmaceutical Preparations,
HUMAW,Humacyte Inc. Warrant,$1.56,-0.03,-1.887%,0,533,Health Care,Biotechnology: Pharmaceutical Preparations,
HURC,Hurco Companies Inc. Common Stock,$34.17,-0.17,-0.495%,224737593,9232,Capital Goods,Industrial Machinery/Components,
HURN,Huron Consulting Group Inc. Common Stock,$45.00,0.25,0.559%,970842645,85866,Consumer Services,Professional Services,
HVBC,HV Bancorp Inc. Common Stock,$21.50,0.8,3.865%,46773895,12673,Finance,Major Banks,
HWBK,Hawthorn Bancshares Inc. Common Stock,$25.62,-0.17,-0.659%,169526900,6573,Finance,Major Banks,
HWC,Hancock Whitney Corporation Common Stock,$53.89,-0.11,-0.204%,4675806483,419257,Finance,Major Banks,
HWCPZ,Hancock Whitney Corporation 6.25% Subordinated Notes due 2060,$26.07,-0.12,-0.458%,0,5644,Finance,Major Banks,
HWEL,Healthwell Acquisition Corp. I Class A Common Stock,$9.62,0.01,0.104%,300625000,15140,,,
HWELU,Healthwell Acquisition Corp. I Unit,$9.79,0,0.00%,0,100,,,
HWKN,Hawkins Inc. Common Stock,$45.74,-0.59,-1.273%,965866743,65007,Basic Industries,Industrial Specialties,
HYAC,Haymaker Acquisition Corp. III Class A common stock,$9.84,0.01,0.102%,390525000,15032,,,
HYACW,Haymaker Acquisition Corp. III Warrant,$0.37,-0.05,-11.905%,0,22595,,,
HYFM,Hydrofarm Holdings Group Inc. Common Stock,$14.00,1.25,9.804%,625973782,990108,Capital Goods,Industrial Machinery/Components,
HYMC,Hycroft Mining Holding Corporation Class A Common Stock,$1.52,0.13,9.353%,76243264,328011024,Basic Industries,Precious Metals,
HYMCL,Hycroft Mining Holding Corporation Warrants,$0.3101,0.1382,80.396%,0,2449618,Basic Industries,Precious Metals,
HYMCW,Hycroft Mining Holding Corporation  Warrant,$0.28,0.1199,74.891%,0,8696044,Basic Industries,Precious Metals,
HYMCZ,Hycroft Mining Holding Corporation Warrant,$0.2365,0.0467,24.605%,0,853524,Basic Industries,Precious Metals,
HYPR,Hyperfine Inc. Class A Common Stock,$2.63,-0.02,-0.755%,184185078,252530,Health Care,Medical Specialities,
HYRE,HyreCar Inc. Common Stock,$2.21,0.05,2.315%,47535719,154980,Miscellaneous,Rental/Leasing Companies,
HYZN,Hyzon Motors Inc. Class A Common Stock,$5.39,0.29,5.686%,1334804982,1357832,Capital Goods,Construction/Ag Equipment/Trucks,
HYZNW,Hyzon Motors Inc. Warrants,$1.29,0.0101,0.789%,0,24048,Capital Goods,Construction/Ag Equipment/Trucks,
IAC,IAC/InterActiveCorp Common Stock,$97.81,3.21,3.393%,8779711792,428835,Consumer Services,EDP Services,
IART,Integra LifeSciences Holdings Corporation Common Stock,$64.90,-0.47,-0.719%,5402472712,411838,Health Care,Medical/Dental Instruments,
IAS,Integral Ad Science Holding Corp. Common Stock,$12.82,0.38,3.055%,1979941171,1067298,Technology,Advertising,
IBCP,Independent Bank Corporation Common Stock,$23.45,-0.3,-1.263%,497056284,43694,Finance,Major Banks,
IBKR,Interactive Brokers Group Inc. Class A Common Stock,$61.72,-0.07,-0.113%,6065857894,1255955,Finance,Investment Bankers/Brokers/Service,
IBOC,International Bancshares Corporation Common Stock,$42.71,-0.24,-0.559%,2706790711,230115,Finance,Major Banks,
IBRX,ImmunityBio Inc. Common Stock,$5.37,0.15,2.874%,2136782800,1132207,Health Care,Biotechnology: Commercial Physical & Biological Resarch,
IBTX,Independent Bank Group Inc Common Stock,$77.05,-0.43,-0.555%,3292421932,176016,Finance,Major Banks,
ICAD,iCAD Inc. Common Stock,$4.00,0.07,1.781%,100561020,155179,Health Care,Biotechnology: Electromedical & Electrotherapeutic Apparatus,
ICCC,ImmuCell Corporation Common Stock,$8.66,-0.18,-2.036%,67044542,5343,Health Care,Biotechnology: Pharmaceutical Preparations,
ICCH,ICC Holdings Inc. Common Stock,$16.36,0,0.00%,53889202,26,Finance,Property-Casualty Insurers,
ICFI,ICF International Inc. Common Stock,$90.39,1.15,1.289%,1696318126,54932,Consumer Services,Professional Services,
ICHR,Ichor Holdings Ordinary Shares,$33.72,0.93,2.836%,964143618,222211,Technology,Semiconductors,
ICMB,Investcorp Credit Management BDC Inc. Common Stock,$5.09,-0.1,-1.927%,73219843,31901,Finance,Finance/Investors Services,
ICPT,Intercept Pharmaceuticals Inc. Common Stock,$14.26,-0.11,-0.765%,423416362,730358,Health Care,Biotechnology: Pharmaceutical Preparations,
ICUI,ICU Medical Inc. Common Stock,$226.03,4.72,2.133%,5376550069,142951,Health Care,Medical/Dental Instruments,
ICVX,Icosavax Inc. Common Stock,$15.15,-0.12,-0.786%,591483346,137350,Health Care,Biotechnology: Pharmaceutical Preparations,
IDAI,T Stamp Inc. Class A Common Stock,$2.745,-0.065,-2.313%,62961988,6435,Technology,Computer Software: Prepackaged Software,
IDCC,InterDigital Inc. Common Stock,$62.19,0.75,1.221%,1908612282,93003,Public Utilities,Telecommunications Equipment,
IDEX,Ideanomics Inc. Common Stock,$0.851,0.0312,3.806%,423526314,4076010,Technology,Engineering & Construction,
IDN,Intellicheck Inc. Common Stock,$2.20,0.04,1.852%,41256607,103543,Technology,Retail: Computer Software & Peripheral Equipment,
IDRA,Idera Pharmaceuticals Inc. Common Stock,$0.4301,-0.005,-1.149%,22708547,79697,Health Care,Biotechnology: Biological Products (No Diagnostic Substances),
IDXX,IDEXX Laboratories Inc. Common Stock,$502.93,16.6,3.413%,42371392319,390139,Health Care,Biotechnology: In Vitro & In Vivo Diagnostic Substances,
IDYA,IDEAYA Biosciences Inc. Common Stock,$11.89,-0.28,-2.301%,457733266,865690,Health Care,Biotechnology: Pharmaceutical Preparations,
IEA,Infrastructure and Energy Alternatives Inc. Common Stock,$13.25,0.08,0.607%,636362507,544525,Basic Industries,Water Sewer Pipeline Comm & Power Line Construction,
IEAWW,Infrastructure and Energy Alternatives Inc. Warrant,$2.23,0.0201,0.91%,0,11241,Basic Industries,Water Sewer Pipeline Comm & Power Line Construction,
IEP,Icahn Enterprises L.P. Common Stock,$53.83,0.14,0.261%,15794600829,922990,,,
IESC,IES Holdings Inc. Common Stock,$43.18,0.35,0.817%,897517804,22514,Capital Goods,Engineering & Construction,
IGAC,IG Acquisition Corp. Class A Common Stock,$9.84,0.01,0.102%,369000000,422,,,
IGACU,IG Acquisition Corp. Unit,$9.9501,0,0.00%,0,1206,,,
IGACW,IG Acquisition Corp. Warrant,$0.2799,0.0009,0.323%,0,3318,,,
IGMS,IGM Biosciences Inc. Common Stock,$13.42,-1.2,-8.208%,435636162,326318,Health Care,Biotechnology: Pharmaceutical Preparations,
IGNY,Ignyte Acquisition Corp. Common Stock,$9.82,-0.01,-0.102%,71563250,14681,,,
IGNYU,Ignyte Acquisition Corp. Unit,$9.83,-0.18,-1.798%,0,1000,,,
IGNYW,Ignyte Acquisition Corp. Warrant,$0.2381,-0.0019,-0.792%,0,58050,,,
IGTA,Inception Growth Acquisition Limited Common Stock,$9.84,0.005,0.051%,0,212589,,,
IGTAR,Inception Growth Acquisition Limited Rights,$0.1372,-0.0278,-16.848%,0,938,,,
IGTAU,Inception Growth Acquisition Limited Unit,$10.00,0,0.00%,0,2,,,
IGTAW,Inception Growth Acquisition Limited Warrants,$0.16,-0.01,-5.882%,0,35854,,,
IHRT,iHeartMedia Inc. Class A Common Stock,$18.96,-0.04,-0.211%,2689662851,416720,Consumer Services,Broadcasting,
III,Information Services Group Inc. Information Services Group Inc. Common Stock,$7.17,0.62,9.466%,347481531,313775,Technology,Retail: Computer Software & Peripheral Equipment,
IIII,INSU Acquisition Corp. III Class A Common Stock,$9.79,0,0.00%,333839000,2693,,,
IIIIW,INSU Acquisition Corp. III Warrant,$0.1999,0.0342,20.64%,0,1861,,,
IIIV,i3 Verticals Inc. Class A Common Stock,$24.72,0.89,3.735%,545619593,108389,Technology,EDP Services,
IIN,Intricon Corporation Common Stock,$23.65,-0.04,-0.169%,219302666,60415,Health Care,Medical/Dental Instruments,
IIVI,II-VI Incorporated Common Stock,$64.71,2.04,3.255%,6880880970,882567,Capital Goods,Industrial Machinery/Components,
IIVIP,II-VI Incorporated 6.00% Series A Mandatory Convertible Preferred Stock,$267.83,4.09,1.551%,0,2481,Capital Goods,Industrial Machinery/Components,
IKNA,Ikena Oncology Inc. Common Stock,$5.69,0.08,1.426%,204309658,199406,Health Care,Biotechnology: Pharmaceutical Preparations,
IKT,Inhibikase Therapeutics Inc. Common Stock,$1.26,0.01,0.80%,31723084,42308,Health Care,Biotechnology: Pharmaceutical Preparations,
ILMN,Illumina Inc. Common Stock,$312.61,6.5,2.123%,49079770000,813835,Health Care,Medical Specialities,
ILPT,Industrial Logistics Properties Trust Common Shares of Beneficial Interest,$21.63,0.11,0.511%,1414701325,367798,Consumer Services,Real Estate Investment Trusts,
IMAC,IMAC Holdings Inc. Common Stock,$0.857,0.007,0.824%,22460399,70745,Health Care,Medical Specialities,
IMACW,IMAC Holdings Inc. Warrant,$0.19,-0.0201,-9.567%,0,1835,Health Care,Medical Specialities,
IMAQ,International Media Acquisition Corp. Class A Common Stock,$9.89,0,0.00%,292218841,21499,,,
IMAQR,International Media Acquisition Corp. Rights,$0.115,-0.005,-4.167%,0,82453,,,
IMAQU,International Media Acquisition Corp. Unit,$10.1301,-0.0399,-0.392%,0,1880,,,
IMAQW,International Media Acquisition Corp. Warrants,$0.209,-0.0174,-7.686%,0,21684,,,
IMBI,iMedia Brands Inc. Class A Common Stock,$5.95,-0.1,-1.653%,128285058,72074,Consumer Services,Catalog/Specialty Distribution,
IMBIL,iMedia Brands Inc. 8.5% Senior Notes Due 2026,$21.75,-0.1798,-0.82%,0,6920,,,
IMGN,ImmunoGen Inc. Common Stock,$4.96,0.12,2.479%,1093833259,5243858,Health Care,Biotechnology: Pharmaceutical Preparations,
IMGO,Imago BioSciences Inc. Common stock,$20.07,0.26,1.312%,672921370,247439,Health Care,Biotechnology: Pharmaceutical Preparations,
IMKTA,Ingles Markets Incorporated Class A Common Stock,$90.70,1.39,1.556%,1722789903,110734,Consumer Services,Food Chains,
IMMR,Immersion Corporation Common Stock,$5.09,0.23,4.733%,170631653,328452,Technology,Computer peripheral equipment,
IMMX,Immix Biopharma Inc. Common Stock,$2.04,0.14,7.368%,15453000,178454,Consumer Durables,Specialty Chemicals,
IMNM,Immunome Inc. Common Stock,$3.91,-0.12,-2.978%,47312513,27638,Consumer Durables,Specialty Chemicals,
IMPL,Impel NeuroPharma Inc. Common Stock,$6.06,0.2,3.413%,139618722,71821,Health Care,Biotechnology: Pharmaceutical Preparations,
IMRA,IMARA Inc. Common Stock,$1.58,0.14,9.722%,41515641,132159,Health Care,Biotechnology: Biological Products (No Diagnostic Substances),
IMRX,Immuneering Corporation Class A Common Stock,$6.56,-0.19,-2.815%,173035081,172364,Health Care,Biotechnology: Pharmaceutical Preparations,
IMUX,Immunic Inc. Common Stock,$10.35,0.14,1.371%,288836850,102961,Health Care,Biotechnology: Pharmaceutical Preparations,
IMVT,Immunovant Inc. Common Stock,$5.27,0.21,4.15%,431147801,724159,Health Care,Biotechnology: Pharmaceutical Preparations,
IMXI,International Money Express Inc. Common Stock,$18.34,0.34,1.889%,702757237,349760,Technology,Retail: Computer Software & Peripheral Equipment,
INAB,IN8bio Inc. Common Stock,$3.00,-0.15,-4.762%,56263659,34156,Health Care,Biotechnology: Pharmaceutical Preparations,
INBK,First Internet Bancorp Common Stock,$46.75,1.27,2.792%,456020771,31930,Finance,Major Banks,
INBKZ,First Internet Bancorp 6.0% Fixed-to-Floating Rate Subordinated Notes Due 2029,$25.61,-0.475,-1.821%,0,3122,Finance,Major Banks,
INBX,Inhibrx Inc. Common Stock,$20.18,-0.01,-0.05%,787537496,311667,Health Care,Biotechnology: Pharmaceutical Preparations,
INCY,Incyte Corp. Common Stock,$73.31,1.12,1.551%,16225349606,1382196,Health Care,Biotechnology: Commercial Physical & Biological Resarch,
INDB,Independent Bank Corp. Common Stock,$83.82,-0.44,-0.522%,3973066324,169711,Finance,Major Banks,
INDI,indie Semiconductor Inc. Class A Common Stock,$6.89,0.2,2.99%,773661633,1111097,Technology,Semiconductors,
INDIW,indie Semiconductor Inc. Warrant,$1.70,0.04,2.41%,0,95701,Technology,Semiconductors,
INDP,Indaptus Therapeutics Inc. Common Stock,$3.19,-0.07,-2.147%,26137517,108359,Health Care,Biotechnology: Pharmaceutical Preparations,
INDT,INDUS Realty Trust Inc. (MD) Common Stock,$72.01,-0.08,-0.111%,733330397,29720,Finance,Real Estate,
INFI,Infinity Pharmaceuticals Inc. Common Stock,$0.88,0.03,3.529%,78333550,639671,Health Care,Biotechnology: Pharmaceutical Preparations,
INFN,Infinera Corporation Common Stock,$7.93,0.16,2.059%,1687588288,1333991,Public Utilities,Telecommunications Equipment,
INGN,Inogen Inc Common Stock,$30.97,1.76,6.025%,704118001,162232,Health Care,Industrial Specialties,
INKA,KludeIn I Acquisition Corp. Class A Common Stock,$9.9001,-0.0199,-0.201%,213470906,145,,,
INKAU,KludeIn I Acquisition Corp. Unit,$9.98,0,0.00%,0,1545,,,
INKAW,KludeIn I Acquisition Corp. Warrant,$0.145,0.01,7.407%,0,11642,,,
INKT,MiNK Therapeutics Inc. Common Stock,$2.27,0.03,1.339%,76054875,4096,Consumer Durables,Specialty Chemicals,
INMB,INmune Bio Inc. Common stock,$6.42,-0.3,-4.464%,114681070,188787,Health Care,Biotechnology: Pharmaceutical Preparations,
INNV,InnovAge Holding Corp. Common Stock,$5.37,0.38,7.615%,727723675,292788,Health Care,Hospital/Nursing Management,
INO,Inovio Pharmaceuticals Inc. Common Stock,$3.14,0.12,3.974%,682646321,4023956,Health Care,Biotechnology: Biological Products (No Diagnostic Substances),
INOD,Innodata Inc. Common Stock,$5.13,-0.13,-2.471%,139297378,18107,Technology,EDP Services,
INPX,Inpixon Common Stock,$0.3023,0.0003,0.099%,37618491,2424304,Technology,Computer Software: Prepackaged Software,
INSE,Inspired Entertainment Inc. Common Stock,$13.21,0.13,0.994%,378464373,120889,Technology,EDP Peripherals,
INSG,Inseego Corp. Common Stock,$3.79,-0.03,-0.785%,399416874,1425428,Capital Goods,Telecommunications Equipment,
INSM,Insmed Inc. Common Stock,$21.79,0.59,2.783%,2590930994,467655,Health Care,Biotechnology: Pharmaceutical Preparations,
INTA,Intapp Inc. Common Stock,$23.00,0.82,3.697%,1412627087,201944,Technology,Computer Software: Prepackaged Software,
INTC,Intel Corporation Common Stock,$44.81,0.41,0.923%,182466320000,34438866,Technology,Semiconductors,
INTE,Integral Acquisition Corporation 1 Class A Common Stock,$9.855,0,0.00%,113332500,2,,,
INTEW,Integral Acquisition Corporation 1 Warrants,$0.3948,0.1146,40.899%,0,200,,,
INTG,Intergroup Corporation (The) Common Stock,$51.63,-2.36,-4.371%,115850956,275,Consumer Services,Hotels/Resorts,
INTU,Intuit Inc. Common Stock,$439.68,15.05,3.544%,124346989008,1952805,Technology,Computer Software: Prepackaged Software,
INTZ,Intrusion Inc. Common Stock,$2.00,0.03,1.523%,37586092,335925,Miscellaneous,Diversified Manufacture,
INVA,Innoviva Inc. Common Stock,$18.42,-0.46,-2.436%,1281396528,1245737,Health Care,Biotechnology: Pharmaceutical Preparations,
INVE,Identiv Inc. Common Stock,$15.25,0.15,0.993%,338654295,134482,Technology,Computer peripheral equipment,
INVO,INVO BioScience Inc. Common Stock,$2.19,-0.09,-3.947%,25906375,23973,Health Care,Medical/Dental Instruments,
INZY,Inozyme Pharma Inc. Common Stock,$4.03,-0.23,-5.399%,95368930,116982,Health Care,Biotechnology: Pharmaceutical Preparations,
IOAC,Innovative International Acquisition Corp. Class A Ordinary Shares,$9.94,0,0.00%,319173400,3,,,
IOACU,Innovative International Acquisition Corp. Unit,$10.05,0,0.00%,0,1500,,,
IOACW,Innovative International Acquisition Corp. Warrants,$0.18,0,0.00%,0,2,,,
IONM,Assure Holdings Corp. Common Stock,$6.75,-0.25,-3.571%,86527346,8856,Health Care,Assisted Living Services,
IONS,Ionis Pharmaceuticals Inc. Common Stock,$32.70,0.02,0.061%,4633221373,706523,Health Care,Biotechnology: Pharmaceutical Preparations,
IOSP,Innospec Inc. Common Stock,$91.24,-1.05,-1.138%,2260351841,77152,Basic Industries,Industrial Specialties,
IOVA,Iovance Biotherapeutics Inc. Common Stock,$12.51,0.13,1.05%,1966175696,1165014,Health Care,Biotechnology: Pharmaceutical Preparations,
IPAR,Inter Parfums Inc. Common Stock,$82.75,2.53,3.154%,2634944119,114698,Consumer Non-Durables,Package Goods/Cosmetics,
IPAXU,Inflection Point Acquisition Corp. Units,$9.90,0,0.00%,0,200,,,
IPAXW,Inflection Point Acquisition Corp. Warrants,$0.40,0,0.00%,0,1800,,,
IPDN,Professional Diversity Network Inc. Common Stock,$0.93,0.0278,3.081%,14942544,18920,Technology,EDP Services,
IPGP,IPG Photonics Corporation Common Stock,$112.49,6.13,5.763%,5955151194,648136,Technology,Semiconductors,
IPSC,Century Therapeutics Inc. Common Stock,$13.32,0.02,0.15%,753313572,58847,Consumer Durables,Specialty Chemicals,
IPVI,InterPrivate IV InfraTech Partners Inc. Class A Common Stock,$9.73,0,0.00%,349671875,1321,,,
IPVIU,InterPrivate IV InfraTech Partners Inc. Units,$9.87,0,0.00%,0,1,,,
IPW,iPower Inc. Common Stock,$1.35,-0.27,-16.667%,39922716,389497,Consumer Services,Catalog/Specialty Distribution,
IPWR,Ideal Power Inc. Common Stock,$7.81,-0.1,-1.264%,46016879,15351,Capital Goods,Industrial Machinery/Components,
IQMD,Intelligent Medicine Acquisition Corp. Class A Common Stock,$9.9601,-0.0099,-0.099%,282368835,79104,,,
IQMDU,Intelligent Medicine Acquisition Corp. Unit,$10.0501,0,0.00%,284920335,145,,,
IQMDW,Intelligent Medicine Acquisition Corp. Warrant,$0.245,-0.003,-1.21%,0,6450,,,
IRBT,iRobot Corporation Common Stock,$55.47,1.42,2.627%,1499294581,375547,,,
IRDM,Iridium Communications Inc Common Stock,$37.93,0.64,1.716%,4869205034,1230804,Consumer Services,Telecommunications Equipment,
IRIX,IRIDEX Corporation Common Stock,$4.10,0.11,2.757%,65049509,37901,Health Care,Biotechnology: Electromedical & Electrotherapeutic Apparatus,
IRMD,iRadimed Corporation Common Stock,$46.66,1.52,3.367%,586008866,30824,Health Care,Medical/Dental Instruments,
IROQ,IF Bancorp Inc. Common Stock,$22.63,-0.02,-0.088%,73725734,1149,Finance,Finance: Consumer Services,
IRTC,iRhythm Technologies Inc. Common Stock,$113.87,6.22,5.778%,3360675372,325660,Health Care,Medical/Dental Instruments,
IRWD,Ironwood Pharmaceuticals Inc. Class A Common Stock,$11.93,0.29,2.491%,1899518090,2212543,Health Care,Biotechnology: Pharmaceutical Preparations,
ISAA,Iron Spark I Inc. Class A Common Stock,$9.98,-0.01,-0.10%,219967184,146840,,,
ISBC,Investors Bancorp Inc. Common Stock,$15.83,-0.04,-0.252%,3942283064,2115779,Finance,Savings Institutions,
ISEE,IVERIC bio Inc. Common Stock,$14.37,0.38,2.716%,1662323296,1163350,Health Care,Biotechnology: Pharmaceutical Preparations,
ISIG,Insignia Systems Inc. Common Stock,$8.71,0.52,6.349%,15558638,343191,Technology,Advertising,
ISLE,Isleworth Healthcare Acquisition Corporation Common stock,$9.87,0,0.00%,258507638,159,,,
ISLEW,Isleworth Healthcare Acquisition Corporation Warrant,$0.1702,0,0.00%,0,14800,,,
ISO,IsoPlexis Corporation Common Stock,$3.90,0.11,2.902%,152240439,38631,Health Care,Biotechnology: Electromedical & Electrotherapeutic Apparatus,
ISPC,iSpecimen Inc. Common Stock,$3.95,0.3,8.219%,34497242,140002,Health Care,Precision Instruments,
ISPO,Inspirato Incorporated Class A Common Stock,$10.05,-0.65,-6.075%,471665444,1170498,Consumer Services,Hotels/Resorts,
ISPOW,Inspirato Incorporated Warrant,$1.182,-0.118,-9.077%,0,578286,Consumer Services,Hotels/Resorts,
ISRG,Intuitive Surgical Inc. Common Stock,$270.00,6.2,2.35%,96982605990,3022927,Health Care,Medical/Dental Instruments,
ISSC,Innovative Solutions and Support Inc. Common Stock,$7.31,-0.01,-0.137%,126256624,31367,Capital Goods,Military/Government/Technical,
ISTR,Investar Holding Corporation Common Stock,$19.54,0.13,0.67%,201461542,14034,Finance,Commercial Banks,
ISUN,iSun Inc. Common Stock,$4.18,-0.08,-1.878%,49464155,260062,Technology,Semiconductors,
ITAQ,Industrial Tech Acquisitions II Inc. Class A Common Stock,$9.92,0.02,0.202%,0,118,,,
ITAQW,Industrial Tech Acquisitions II Inc. Warrants,$0.19,-0.01,-5.00%,0,15100,,,
ITCI,Intra-Cellular Therapies Inc. Common Stock,$58.37,1.44,2.529%,5463067071,530493,Health Care,Biotechnology: Pharmaceutical Preparations,
ITHX,ITHAX Acquisition Corp. Class A Ordinary Shares,$9.85,-0.02,-0.203%,303995625,29654,Finance,Business Services,
ITHXU,ITHAX Acquisition Corp. Unit,$9.94,-0.02,-0.201%,0,14154,Finance,Business Services,
ITHXW,ITHAX Acquisition Corp. Warrant,$0.25,0.01,4.167%,0,999,Finance,Business Services,
ITI,Iteris Inc. Common Stock,$2.86,0.06,2.143%,121294839,255386,Capital Goods,Telecommunications Equipment,
ITIC,Investors Title Company Common Stock,$196.95,-1.55,-0.781%,373220250,1408,Finance,Specialty Insurers,
ITOS,iTeos Therapeutics Inc. Common Stock,$35.93,-0.08,-0.222%,1267390975,242783,Consumer Durables,Specialty Chemicals,
ITQ,Itiquira Acquisition Corp. Class A Ordinary Shares,$9.75,0,0.00%,280312500,456,Finance,Business Services,
ITQRW,Itiquira Acquisition Corp. Warrant,$0.1774,-0.0361,-16.909%,0,89190,Finance,Business Services,
ITRI,Itron Inc. Common Stock,$47.41,1.98,4.358%,2133867161,291916,Capital Goods,Electrical Products,
IVAC,Intevac Inc. Common Stock,$4.91,0.01,0.204%,122012606,21769,,,
IZEA,IZEA Worldwide Inc. Common Stock,$0.9319,0.0119,1.293%,57777800,407280,Technology,Advertising,
JACK,Jack In The Box Inc. Common Stock,$84.93,2.92,3.561%,1787224370,349524,Consumer Services,Restaurants,
JAGX,Jaguar Health Inc. Common Stock,$0.5453,0.168,44.527%,29213587,36753496,Health Care,Biotechnology: Pharmaceutical Preparations,
JAKK,JAKKS Pacific Inc. Common Stock,$13.64,0.09,0.664%,129628217,84946,Consumer Non-Durables,Recreational Products/Toys,
JAMF,Jamf Holding Corp. Common Stock,$31.34,0,0.00%,3747743631,524788,Technology,Computer Software: Prepackaged Software,
JAN,JanOne Inc. Common Stock (NV),$3.39,0.61,21.942%,9584920,127215,Public Utilities,Environmental Services,
JANX,Janux Therapeutics Inc. Common Stock,$16.97,0.32,1.922%,706147325,53551,Health Care,Biotechnology: Pharmaceutical Preparations,
JAQC,Jupiter Acquisition Corporation Common stock,$9.62,0,0.00%,195262421,8412,,,
JAQCW,Jupiter Acquisition Corporation Warrants,$0.25,0,0.00%,0,1800,,,
JBHT,J.B. Hunt Transport Services Inc. Common Stock,$198.98,3.63,1.858%,20863053398,646993,Transportation,Trucking Freight/Courier Services,
JBLU,JetBlue Airways Corporation Common Stock,$13.67,0.92,7.216%,4377013103,11596466,Transportation,Air Freight/Delivery Services,
JBSS,John B. Sanfilippo & Son Inc. Common Stock,$81.03,0.54,0.671%,933931360,49237,Consumer Non-Durables,Specialty Foods,
JCIC,Jack Creek Investment Corp. Class A Ordinary Shares,$9.77,-0.01,-0.102%,421331250,782643,Finance,Business Services,
JCICU,Jack Creek Investment Corp. Units,$9.865,0.01,0.101%,0,9549,Finance,Business Services,
JCICW,Jack Creek Investment Corp. Warrants,$0.2173,-0.0141,-6.093%,0,19560,Finance,Business Services,
JCS,Communications Systems Inc. Common Stock,$1.97,0.01,0.51%,19149635,33749,Public Utilities,Telecommunications Equipment,
JCTCF,Jewett-Cameron Trading Company Common Shares,$6.61,-0.5,-7.032%,23087686,7922,,,
JJSF,J & J Snack Foods Corp. Common Stock,$156.68,1.48,0.954%,2994102626,56087,Consumer Non-Durables,Specialty Foods,
JKHY,Jack Henry & Associates Inc. Common Stock,$178.99,-0.8,-0.445%,13034952657,758662,Technology,Retail: Computer Software & Peripheral Equipment,
JNCE,Jounce Therapeutics Inc. Common Stock,$6.89,-0.15,-2.131%,355969700,218998,Health Care,Biotechnology: Pharmaceutical Preparations,
JOAN,JOANN Inc. Common Stock,$12.84,0.76,6.291%,528763642,324706,Consumer Non-Durables,Department/Specialty Retail Stores,
JOFF,JOFF Fintech Acquisition Corp. Class A Common Stock,$9.77,0.02,0.205%,505597500,2552,,,
JOFFU,JOFF Fintech Acquisition Corp. Unit,$9.8201,0.0001,0.001%,0,1922,,,
JOFFW,JOFF Fintech Acquisition Corp. Warrant,$0.23,-0.0101,-4.207%,0,500,,,
JOUT,Johnson Outdoors Inc. Class A Common Stock,$78.09,-0.1,-0.128%,793163644,31273,Consumer Non-Durables,Recreational Products/Toys,
JRSH,Jerash Holdings (US) Inc. Common Stock,$6.78,-0.07,-1.022%,83626676,16377,Basic Industries,Industrial Specialties,
JSM,Navient Corporation 6% Senior Notes due December 15 2043,$22.6502,0.0602,0.266%,0,12324,Finance,Finance: Consumer Services,
JSPR,Jasper Therapeutics Inc. Common Stock,$3.08,0.12,4.054%,116587967,19630,Health Care,Biotechnology: Pharmaceutical Preparations,
JSPRW,Japer Therapeutics Inc. Warrants,$0.20,-0.06,-23.077%,0,761,Health Care,Biotechnology: Pharmaceutical Preparations,
JUGG,Jaws Juggernaut Acquisition Corporation Class A Ordinary Share,$9.70,-0.02,-0.206%,334650000,231622,,,
JUGGU,Jaws Juggernaut Acquisition Corporation Unit,$9.89,0,0.00%,0,1,,,
JUPW,Jupiter Wellness Inc. Common Stock,$0.94,-0.0399,-4.072%,22297741,78367,Health Care,Biotechnology: Pharmaceutical Preparations,
JUPWW,Jupiter Wellness Inc. Warrant,$0.66,-0.04,-5.714%,0,594,Health Care,Biotechnology: Pharmaceutical Preparations,
JVA,Coffee Holding Co. Inc. Common Stock,$3.81,-0.04,-1.039%,21749762,13792,Consumer Non-Durables,Specialty Foods,
JWAC,Jupiter Wellness Acquisition Corp. Class A Common Stock,$9.90,0.01,0.101%,179734500,24910,,,
JWACR,Jupiter Wellness Acquisition Corp. Right,$0.215,-0.021,-8.898%,0,97555,,,
JYAC,Jiya Acquisition Corp. Class A Common Stock,$9.82,0.01,0.102%,132050434,100,,,
JYNT,The Joint Corp. Common Stock,$30.65,0.64,2.133%,441964173,194125,,,
KAII,Kismet Acquisition Two Corp. Class A Ordinary Shares,$9.75,0,0.00%,285187500,718,Finance,Business Services,
KAIIU,Kismet Acquisition Two Corp. Unit,$9.82,0,0.00%,0,5,Finance,Business Services,
KAIIW,Kismet Acquisition Two Corp. Warrant,$0.1712,0,0.00%,0,30,Finance,Business Services,
KAIR,Kairos Acquisition Corp. Class A Ordinary Shares,$9.79,0,0.00%,337755000,600,Finance,Business Services,
KAIRU,Kairos Acquisition Corp. Unit,$9.84,0,0.00%,0,75,Finance,Business Services,
KALA,Kala Pharmaceuticals Inc. Common Stock,$1.83,0.2,12.27%,102589553,4858002,Health Care,Biotechnology: Pharmaceutical Preparations,
KALU,Kaiser Aluminum Corporation Common Stock,$87.12,-0.4,-0.457%,1382169080,128447,Basic Industries,Aluminum,
KAVL,Kaival Brands Innovations Group Inc. Common Stock,$1.75,0.36,25.899%,53451862,39346085,Consumer Non-Durables,Farming/Seeds/Milling,
KBAL,Kimball International Inc. Class B Common Stock,$9.01,0.15,1.693%,329863930,190875,Consumer Durables,Industrial Specialties,
KBNT,Kubient Inc. Common Stock,$1.88,0.08,4.444%,26795426,42561,Technology,EDP Services,
KBNTW,Kubient Inc. Warrant,$0.406,-0.1938,-32.311%,0,3860,Technology,EDP Services,
KDNY,Chinook Therapeutics Inc. Common Stock,$12.75,0.33,2.657%,696293654,227786,Health Care,Biotechnology: Pharmaceutical Preparations,
KDP,Keurig Dr Pepper Inc. Common Stock,$37.34,0.3,0.81%,52954033274,6329302,Consumer Non-Durables,Beverages (Production/Distribution),
KE,Kimball Electronics Inc. Common Stock,$18.35,-0.07,-0.38%,460744480,58668,Capital Goods,Industrial Machinery/Components,
KELYA,Kelly Services Inc. Class A Common Stock,$21.33,0.29,1.378%,840398822,233822,Technology,Diversified Commercial Services,
KELYB,Kelly Services Inc. Class B Common Stock,$21.20,0.37,1.776%,835276841,182,Technology,Diversified Commercial Services,
KEQU,Kewaunee Scientific Corporation Common Stock,$14.25,0.19,1.351%,39755690,418,Capital Goods,Medical Specialities,
KERN,Akerna Corp. Common Stock,$1.01,0.01,1.00%,14199294,91858,Health Care,Managed Health Care,
KERNW,Akerna Corp Warrant,$0.1721,0.017,10.961%,0,53072,Health Care,Managed Health Care,
KFFB,Kentucky First Federal Bancorp Common Stock,$7.43,-0.22,-2.876%,61061337,3669,Finance,Savings Institutions,
KFRC,Kforce Inc. Common Stock,$70.28,1.44,2.092%,1502012142,147208,Technology,Diversified Commercial Services,
KHC,The Kraft Heinz Company Common Stock,$37.82,0.13,0.345%,46281854477,7324548,Consumer Non-Durables,Farming/Seeds/Milling,
KIDS,OrthoPediatrics Corp. Common Stock,$45.72,0.07,0.153%,902757311,158664,Health Care,Medical/Dental Instruments,
KIII,Kismet Acquisition Three Corp. Class A Ordinary Shares,$9.74,0,0.00%,354901250,20010,Finance,Business Services,
KIIIU,Kismet Acquisition Three Corp. Unit,$9.80,0.07,0.719%,0,3000,Finance,Business Services,
KIIIW,Kismet Acquisition Three Corp. Warrant,$0.31,0.13,72.222%,0,200,Finance,Business Services,
KINS,Kingstone Companies Inc. Common Stock,$5.15,0.09,1.779%,53988130,4110,Finance,Specialty Insurers,
KINZ,KINS Technology Group Inc. Class A Common Stock,$10.03,0.02,0.20%,346035000,11131,,,
KINZW,KINS Technology Group Inc. Warrant,$0.10,-0.0037,-3.568%,0,26700,,,
KIRK,Kirkland's Inc. COMMONSTOCK,$11.15,0.7,6.699%,143783175,307415,Miscellaneous,Diversified Commercial Services,
KLAC,KLA Corporation Common Stock,$333.22,13.22,4.131%,50221366594,1333469,Capital Goods,Electronic Components,
KLAQ,KL Acquisition Corp Class A Common Stock,$9.76,0,0.00%,350750000,95384,,,
KLDO,Kaleido Biosciences Inc. Common Stock,$1.39,0.04,2.963%,59206147,73833,Health Care,Biotechnology: Biological Products (No Diagnostic Substances),
KLTR,Kaltura Inc. Common Stock,$1.78,-0.04,-2.198%,226176074,826922,Technology,EDP Services,
KLXE,KLX Energy Services Holdings Inc. Common Stock,$8.28,-0.58,-6.546%,85671835,454286,Energy,Oilfield Services/Equipment,
KMPH,KemPharm Inc. Common Stock,$5.12,0.12,2.40%,179228877,401694,Health Care,Biotechnology: Pharmaceutical Preparations,
KNBE,KnowBe4 Inc. Class A Common Stock,$17.93,0.4,2.282%,3132301109,574002,Technology,Computer Software: Prepackaged Software,
KNSA,Kiniksa Pharmaceuticals Ltd. Class A Common Stock,$9.50,0.2,2.151%,656491981,648216,Health Care,Biotechnology: Pharmaceutical Preparations,
KNTE,Kinnate Biopharma Inc. Common Stock,$8.07,-0.2,-2.418%,352627487,159952,Health Care,Biotechnology: Pharmaceutical Preparations,
KNTK,Kinetik Holdings Inc. Class A Common Stock,$61.41,-0.91,-1.46%,1160431609,139212,Energy,Oil & Gas Production,
KOD,Kodiak Sciences Inc Common Stock,$7.28,0.19,2.68%,378083160,1882710,Health Care,Biotechnology: Pharmaceutical Preparations,
KOPN,Kopin Corporation Common Stock,$2.17,0.08,3.828%,200052747,1499653,Capital Goods,Industrial Machinery/Components,
KOSS,Koss Corporation Common Stock,$6.37,0.24,3.915%,58271454,57189,Consumer Non-Durables,Consumer Electronics/Appliances,
KPLT,Katapult Holdings Inc. Common Stock,$1.87,0.11,6.25%,182273334,5704313,Technology,EDP Services,
KPLTW,Katapult Holdings Inc. Warrant,$0.31,0.0329,11.873%,0,163414,Technology,EDP Services,
KPRX,Kiora Pharmaceuticals Inc.  Common Stock,$0.587,-0.063,-9.692%,7427343,254952,Health Care,Biotechnology: In Vitro & In Vivo Diagnostic Substances,
KPTI,Karyopharm Therapeutics Inc. Common Stock,$6.22,0.13,2.135%,492375300,2083585,Miscellaneous,Diversified Commercial Services,
KRBP,Kiromic BioPharma Inc. Common Stock,$0.7151,0.0119,1.692%,11039491,38216,Consumer Durables,Specialty Chemicals,
KRMD,Repro Med Systems Inc. Common Stock,$2.76,-0.13,-4.498%,123292402,20726,Health Care,Medical/Dental Instruments,
KRNL,Kernel Group Holdings Inc. Class A Ordinary Shares,$9.76,-0.01,-0.102%,371795000,43456,Finance,Business Services,
KRNLU,Kernel Group Holdings Inc. Units,$9.89,-0.01,-0.101%,0,198008,Finance,Business Services,
KRNLW,Kernel Group Holdings Inc. Warrants,$0.2101,-0.0301,-12.531%,0,53981,Finance,Business Services,
KRNY,Kearny Financial Corp Common Stock,$13.36,-0.12,-0.89%,971980614,430118,Finance,Savings Institutions,
KRON,Kronos Bio Inc. Common Stock,$7.14,0.18,2.586%,404138030,177117,Consumer Durables,Specialty Chemicals,
KROS,Keros Therapeutics Inc. Common Stock,$50.85,2.52,5.214%,1220423035,96760,Consumer Durables,Specialty Chemicals,
KRT,Karat Packaging Inc. Common Stock,$16.00,0,0.00%,316790784,8881,Capital Goods,Office Equipment/Supplies/Services,
KRTX,Karuna Therapeutics Inc. Common Stock,$104.85,4.6,4.589%,3125398263,101909,Health Care,Biotechnology: Pharmaceutical Preparations,
KRUS,Kura Sushi USA Inc. Class A Common Stock,$48.98,1.99,4.235%,475677548,53405,Consumer Services,Restaurants,
KRYS,Krystal Biotech Inc. Common Stock,$62.03,1.35,2.225%,1563657513,246690,Health Care,Biotechnology: Biological Products (No Diagnostic Substances),
KSCP,Knightscope Inc. Class A Common Stock,$5.19,-0.24,-4.42%,73640910,1749732,Miscellaneous,Diversified Manufacture,
KSI,Kadem Sustainable Impact Corporation Class A common stock,$9.76,0.02,0.205%,213500000,158210,,,
KSICW,Kadem Sustainable Impact Corporation Warrant,$0.1925,0.0025,1.316%,0,1200,,,
KSPN,Kaspien Holdings Inc. Common Stock,$6.79,0.29,4.462%,16924537,9260,Consumer Services,Consumer Electronics/Video Chains,
KTCC,Key Tronic Corporation Common Stock,$5.68,-0.02,-0.351%,61127427,4302,Technology,Computer peripheral equipment,
KTOS,Kratos Defense & Security Solutions Inc. Common Stock,$18.56,0.43,2.372%,2313376678,659326,Consumer Non-Durables,Ordnance And Accessories,
KTRA,Kintara Therapeutics Inc. Common Stock,$0.31,0.0029,0.944%,15207754,188440,Health Care,Biotechnology: Pharmaceutical Preparations,
KTTA,Pasithea Therapeutics Corp. Common Stock,$1.24,0.04,3.333%,27141580,255277,Health Care,Biotechnology: Pharmaceutical Preparations,
KTTAW,Pasithea Therapeutics Corp. Warrant,$0.1672,-0.0031,-1.82%,0,800,Health Care,Biotechnology: Pharmaceutical Preparations,
KURA,Kura Oncology Inc. Common Stock,$15.09,0.4,2.723%,1005209470,714712,Health Care,Biotechnology: Biological Products (No Diagnostic Substances),
KVHI,KVH Industries Inc. Common Stock,$9.00,-0.16,-1.747%,170091738,87444,Technology,Radio And Television Broadcasting And Communications Equipment,
KVSA,Khosla Ventures Acquisition Co. Class A Common Stock,$9.75,0.02,0.206%,394777500,23481,,,
KVSC,Khosla Ventures Acquisition Co. III Class A Common Stock,$9.71,0,0.00%,657918790,31952,,,
KYCH,Keyarch Acquisition Corporation Ordinary Shares,$9.75,0.036,0.371%,140595000,368250,,,
KYCHR,Keyarch Acquisition Corporation Rights,$0.1502,0.0001,0.067%,0,200,,,
KYCHU,Keyarch Acquisition Corporation Unit,$9.99,-0.03,-0.299%,0,141956,,,
KYCHW,Keyarch Acquisition Corporation Warrant,$0.15,0,0.00%,0,50,,,
KYMR,Kymera Therapeutics Inc. Common Stock,$35.66,-1.18,-3.203%,1843748379,585018,Consumer Durables,Specialty Chemicals,
KZR,Kezar Life Sciences Inc. Common Stock,$14.00,-0.11,-0.78%,788200000,385213,Health Care,Biotechnology: Pharmaceutical Preparations,
LABP,Landos Biopharma Inc. Common Stock,$1.54,0.04,2.667%,61962904,41039,Consumer Durables,Specialty Chemicals,
LAKE,Lakeland Industries Inc. Common Stock,$18.21,0.16,0.886%,141590143,8416,,,
LAMR,Lamar Advertising Company Class A Common Stock,$109.81,1.92,1.78%,11120777808,277528,Consumer Services,Real Estate Investment Trusts,
LANC,Lancaster Colony Corporation Common Stock,$156.62,0.37,0.237%,4312531700,63568,Consumer Non-Durables,Packaged Foods,
LAND,Gladstone Land Corporation Common Stock,$34.71,-0.98,-2.746%,1187429551,409710,Consumer Services,Real Estate Investment Trusts,
LANDM,Gladstone Land Corporation 5.00% Series D Cumulative Term Preferred Stock,$25.5276,0.0576,0.226%,615276579,806,Consumer Services,Real Estate Investment Trusts,
LANDO,Gladstone Land Corporation 6.00% Series B Cumulative Redeemable Preferred Stock,$25.82,0.02,0.078%,0,18975,Consumer Services,Real Estate Investment Trusts,
LARK,Landmark Bancorp Inc. Common Stock,$26.63,-0.03,-0.113%,133082333,652,Finance,Major Banks,
LASR,nLIGHT Inc. Common Stock,$15.59,1.44,10.177%,691207859,490628,Technology,Semiconductors,
LAUR,Laureate Education Inc. Common Stock,$12.68,0.7,5.843%,2263424532,2010768,Miscellaneous,Service to the Health Industry,
LAWS,Lawson Products Inc. Common Stock,$36.21,-0.65,-1.763%,330075297,11575,Capital Goods,Industrial Machinery/Components,
LAZR,Luminar Technologies Inc.  Class A Common Stock,$12.59,0.94,8.069%,4398204978,4304555,Technology,EDP Services,
LAZY,Lazydays Holdings Inc. Common Stock,$20.34,-0.23,-1.118%,264157716,638069,Consumer Services,Other Specialty Stores,
LBAI,Lakeland Bancorp Inc. Common Stock,$17.59,-0.09,-0.509%,1137167150,128668,Finance,Major Banks,
LBBBU,Lakeshore Acquisition II Corp. Unit,$10.04,-0.04,-0.397%,0,2549,,,
LBC,Luther Burbank Corporation Common Stock,$13.39,-0.23,-1.689%,699348158,50047,Finance,Commercial Banks,
LBPH,Longboard Pharmaceuticals Inc. Common Stock,$5.07,0.01,0.198%,87281825,18167,Health Care,Biotechnology: Pharmaceutical Preparations,
LBRDA,Liberty Broadband Corporation Class A Common Stock,$135.10,1.41,1.055%,22679613254,284159,Consumer Services,Telecommunications Equipment,
LBRDK,Liberty Broadband Corporation Class C Common Stock,$139.16,1.43,1.038%,23361176761,1162903,Consumer Services,Telecommunications Equipment,
LBRDP,Liberty Broadband Corporation Series A Cumulative Redeemable Preferred Stock,$27.01,-0.06,-0.222%,0,1142,Consumer Services,Telecommunications Equipment,
LCA,Landcadia Holdings IV Inc. Class A Common Stock,$9.74,0,0.00%,608750000,20,,,
LCAHU,Landcadia Holdings IV Inc. Units,$9.87,0,0.00%,0,20,,,
LCAHW,Landcadia Holdings IV Inc. Warrant ,$0.40,-0.01,-2.439%,0,16558,,,
LCAP,Lionheart Acquisition Corp. II Class A Common Stock,$10.03,-0.01,-0.10%,185089919,1037,,,
LCAPU,Lionheart Acquisition Corp. II Unit,$10.355,0,0.00%,0,105,,,
LCAPW,Lionheart Acquisition Corp. II Warrant,$0.42,-0.0499,-10.619%,0,653,,,
LCID,Lucid Group Inc. Common Stock,$21.98,0.43,1.995%,36338589058,20367349,Capital Goods,Auto Manufacturing,
LCNB,LCNB Corporation Common Stock,$17.84,-0.32,-1.762%,203310402,17080,Finance,Major Banks,
LCUT,Lifetime Brands Inc. Common Stock,$13.90,0.52,3.886%,306050422,23692,Consumer Durables,Home Furnishings,
LDHA,LDH Growth Corp I Class A Ordinary Shares,$9.74,-0.01,-0.103%,280025000,205599,Finance,Business Services,
LDHAU,LDH Growth Corp I Units,$9.94,0.02,0.202%,0,100,Finance,Business Services,
LE,Lands' End Inc. Common Stock,$15.74,0.41,2.674%,519157913,387778,Consumer Services,Clothing/Shoe/Accessory Stores,
LECO,Lincoln Electric Holdings Inc. Common Shares,$129.34,2.09,1.642%,7596420032,226947,Capital Goods,Industrial Machinery/Components,
LEE,Lee Enterprises Incorporated Common Stock,$28.18,0.11,0.392%,167867978,12789,Consumer Services,Newspapers/Magazines,
LEGA,Lead Edge Growth Opportunities Ltd Class A Ordinary Shares,$9.71,0,0.00%,418743750,39104,Finance,Business Services,
LEGAU,Lead Edge Growth Opportunities Ltd Units,$9.77,0.02,0.205%,0,208439,Finance,Business Services,
LEGAW,Lead Edge Growth Opportunities Ltd Warrant,$0.24,-0.0469,-16.347%,0,12597,Finance,Business Services,
LEGH,Legacy Housing Corporation Common Stock (TX),$24.15,1.04,4.50%,584660777,35488,Basic Industries,Homebuilding,
LEGN,Legend Biotech Corporation American Depositary Shares,$35.63,4.61,14.861%,5445365751,1127052,Health Care,Biotechnology: Pharmaceutical Preparations,
LESL,Leslie's Inc. Common Stock,$19.43,0.47,2.479%,3546740872,2468618,Consumer Services,,
LEVL,Level One Bancorp Inc. Common Stock,$41.14,-0.05,-0.121%,318165488,14698,,,
LEVLP,Level One Bancorp Inc. Depositary Shares Each Representing a 1/100th Interest in a Share of 7.50% Non-Cumulative Perpetual Preferred Stock Series B,$26.5312,0.381,1.457%,0,209,,,
LFAC,LF Capital Acquisition Corp. II Class A Common Stock,$9.96,0,0.00%,322143750,37018,,,
LFACU,LF Capital Acquisition Corp. II Units,$10.07,0.0199,0.198%,0,100,,,
LFACW,LF Capital Acquisition Corp. II Warrants,$0.19,-0.01,-5.00%,0,165894,,,
LFLY,Leafly Holdings Inc. Common Stock,$7.15,0.49,7.357%,295285977,95972,Health Care,Medical/Nursing Services,
LFLYW,Leafly Holdings Inc. Warrant,$0.9091,0.0317,3.613%,0,84548,Health Care,Medical/Nursing Services,
LFMD,LifeMD Inc. Common Stock,$3.21,0.12,3.883%,98974976,130152,Miscellaneous,Diversified Commercial Services,
LFMDP,LifeMD Inc. 8.875% Series A Cumulative Perpetual Preferred Stock,$17.9899,-0.0001,-0.001%,0,954,Miscellaneous,Diversified Commercial Services,
LFST,LifeStance Health Group Inc. Common Stock,$8.99,0.8,9.768%,3364552450,1052707,Health Care,Hospital/Nursing Management,
LFTR,Lefteris Acquisition Corp. Class A Common Stock,$9.84,0.01,0.102%,254731691,6693,,,
LFTRU,Lefteris Acquisition Corp. Unit,$9.9306,0.0106,0.107%,0,1300,,,
LFTRW,Lefteris Acquisition Corp. Warrant,$0.2506,-0.0244,-8.873%,0,100,,,
LFUS,Littelfuse Inc. Common Stock,$244.00,6.23,2.62%,6024257276,73750,Technology,Electronic Components,
LFVN,Lifevantage Corporation Common Stock (Delaware),$4.82,0.02,0.417%,61940610,17581,Consumer Non-Durables,Farming/Seeds/Milling,
LGIH,LGI Homes Inc. Common Stock,$118.80,3.87,3.367%,2841382249,204697,Capital Goods,Homebuilding,
LGMK,LogicMark Inc. Common Stock,$1.97,-0.03,-1.50%,17526064,320120,Consumer Services,Diversified Commercial Services,
LGND,Ligand Pharmaceuticals Incorporated Common Stock,$104.53,3.19,3.148%,1761607505,124546,Health Care,Biotechnology: Pharmaceutical Preparations,
LGST,Semper Paratus Acquisition Corporation Class A Ordinary Shares,$9.97,0.025,0.251%,477895330,1929,,,
LGSTU,Semper Paratus Acquisition Corporation Unit,$10.10,-0.0178,-0.176%,0,3664,,,
LGSTW,Semper Paratus Acquisition Corporation Warrant,$0.26,0.0098,3.917%,0,800,,,
LGTO,Legato Merger Corp. II Common Stock,$9.88,0,0.00%,354800680,1831,,,
LGTOU,Legato Merger Corp. II Unit,$9.92,-0.1,-0.998%,0,4000,,,
LGTOW,Legato Merger Corp. II Warrants,$0.38,-0.01,-2.564%,0,2093,,,
LGVC,LAMF Global Ventures Corp. I Class A Ordinary Shares,$9.92,0.01,0.101%,345606183,250801,,,
LGVCW,LAMF Global Ventures Corp. I Warrant,$0.2328,-0.0172,-6.88%,0,812,,,
LGVN,Longeveron Inc. Class A Common Stock,$6.13,0.19,3.199%,127816072,192494,Consumer Durables,Specialty Chemicals,
LHAA,Lerer Hippeau Acquisition Corp. Class A Common Stock,$9.77,0,0.00%,278621397,1,,,
LHCG,LHC Group Common Stock,$138.57,8.79,6.773%,4390258436,343571,Health Care,Medical/Nursing Services,
LHDX,Lucira Health Inc. Common Stock,$3.14,0.28,9.79%,123165090,148091,Health Care,Biotechnology: Electromedical & Electrotherapeutic Apparatus,
LIAN,LianBio American Depositary Shares,$2.81,-0.18,-6.02%,301341337,487402,,,
LIBY,Liberty Resources Acquisition Corp. Class A Common Stock,$9.94,-0.01,-0.101%,148158434,906,,,
LIBYU,Liberty Resources Acquisition Corp. Unit,$10.11,0,0.00%,0,1000,,,
LIBYW,Liberty Resources Acquisition Corp. Warrant,$0.2064,0.0064,3.20%,0,395,,,
LIDR,AEye Inc. Class A Common Stock,$4.44,-0.03,-0.671%,691010769,581284,Capital Goods,Auto Parts:O.E.M.,
LIDRW,AEye Inc. Warrant,$0.8099,0.0499,6.566%,0,24459,Capital Goods,Auto Parts:O.E.M.,
LIFE,aTyr Pharma Inc. Common Stock,$4.75,0,0.00%,132005716,110467,Health Care,Biotechnology: Biological Products (No Diagnostic Substances),
LILA,Liberty Latin America Ltd. Class A Common Stock,$9.68,0.14,1.468%,2211743686,304302,Consumer Services,Television Services,
LILAK,Liberty Latin America Ltd. Class C Common Stock,$9.62,0.14,1.477%,2198034531,1431113,Consumer Services,Television Services,
LINC,Lincoln Educational Services Corporation Common Stock,$7.32,0.31,4.422%,200928166,87870,Miscellaneous,Service to the Health Industry,
LIND,Lindblad Expeditions Holdings Inc. Common Stock,$11.64,0.37,3.283%,584328000,373189,,,
LINK,Interlink Electronics Inc. Common Stock,$9.36,-0.5791,-5.826%,61799381,4444,Capital Goods,Industrial Machinery/Components,
LION,Lionheart III Corp Class A Common Stock,$9.93,0.01,0.101%,159128250,18241,,,
LIONW,Lionheart III Corp Warrant,$0.2371,0.0889,59.987%,0,200,,,
LITE,Lumentum Holdings Inc. Common Stock,$88.54,3.53,4.152%,6392588000,1313521,Technology,Computer peripheral equipment,
LITT,Logistics Innovation Technologies Corp. Class A Common Stock,$9.71,0,0.00%,413762656,28,,,
LITTW,Logistics Innovation Technologies Corp. Warrant,$0.3708,-0.1091,-22.734%,0,31910,,,
LIVE,Live Ventures Incorporated Common Stock,$37.01,1.31,3.669%,58562181,11882,Capital Goods,Recreational Products/Toys,
LIXT,Lixte Biotechnology Holdings Inc. Common Stock,$1.10,-0.07,-5.983%,15121252,19608,Health Care,Biotechnology: Pharmaceutical Preparations,
LIXTW,Lixte Biotechnology Holdings Inc. Warrants,$0.165,0.0001,0.061%,0,693,Health Care,Biotechnology: Pharmaceutical Preparations,
LJAQU,LightJump Acquisition Corporation Unit,$9.99,0,0.00%,0,1,,,
LJPC,La Jolla Pharmaceutical Company Common Stock (DE),$3.96,0.03,0.763%,102808871,56247,Health Care,Biotechnology: Biological Products (No Diagnostic Substances),
LKFN,Lakeland Financial Corporation Common Stock,$80.85,-0.85,-1.04%,2087196434,136947,Finance,Major Banks,
LKQ,LKQ Corporation Common Stock,$45.45,0.29,0.642%,12953892527,1469408,Capital Goods,Automotive Aftermarket,
LLNW,Limelight Networks Inc. Common Stock,$4.39,-0.03,-0.679%,597476937,1180469,,,
LMACA,Liberty Media Acquisition Corporation Series A Common Stock,$9.93,0.02,0.202%,713718750,54319,,,
LMACU,Liberty Media Acquisition Corporation Unit,$10.09,0.08,0.799%,0,16596,,,
LMACW,Liberty Media Acquisition Corporation Warrants,$0.7599,0.0499,7.028%,0,23119,,,
LMAO,LMF Acquisition Opportunities Inc. Class A common stock,$10.10,0,0.00%,131714100,7362,,,
LMAOU,LMF Acquisition Opportunities Inc. Unit,$10.40,0.07,0.678%,0,705,,,
LMAOW,LMF Acquisition Opportunities Inc. Warrant,$0.1899,0.0149,8.514%,0,906,,,
LMAT,LeMaitre Vascular Inc. Common Stock,$41.93,0.05,0.119%,919480538,146225,Health Care,Medical/Dental Instruments,
LMB,Limbach Holdings Inc. Common Stock,$6.99,0.23,3.402%,72026652,8327,Consumer Services,Military/Government/Technical,
LMFA,LM Funding America Inc. Common Stock,$2.48,-0.14,-5.344%,31755455,210789,Finance,Finance: Consumer Services,
LMNR,Limoneira Co Common Stock,$12.70,-0.03,-0.236%,224438464,93036,,Farming/Seeds/Milling,
LMPX,LMP Automotive Holdings Inc. Common Stock,$4.18,0.24,6.091%,41396434,34287,,,
LMST,Limestone Bancorp Inc. Common Stock,$19.30,0.1,0.521%,147013465,14876,Finance,Major Banks,
LNDC,Landec Corporation Common Stock (DE),$11.58,0.22,1.937%,341393801,56170,Health Care,Biotechnology: Pharmaceutical Preparations,
LNSR,LENSAR Inc. Common Stock,$6.28,0.1,1.618%,69015442,12465,Health Care,Medical Electronics,
LNT,Alliant Energy Corporation Common Stock,$61.28,0.95,1.575%,15349333572,1068024,Public Utilities,Power Generation,
LNTH,Lantheus Holdings Inc. Common Stock,$52.57,2.7,5.414%,3561799340,1155260,Health Care,Medical Specialities,
LOAN,Manhattan Bridge Capital Inc,$5.83,0.02,0.344%,67015529,56333,Consumer Services,Real Estate Investment Trusts,
LOB,Live Oak Bancshares Inc. Common Stock,$55.47,-1.06,-1.875%,2424960246,346737,Finance,Commercial Banks,
LOCO,El Pollo Loco Holdings Inc. Common Stock,$10.97,0.23,2.142%,401073797,245907,Consumer Services,Restaurants,
LOGC,LogicBio Therapeutics Inc. Common Stock,$0.698,-0.002,-0.286%,23007988,115941,Health Care,Biotechnology: Biological Products (No Diagnostic Substances),
LOGI,Logitech International S.A. Ordinary Shares,$70.54,0.82,1.176%,11725713315,639983,Technology,Computer peripheral equipment,
LOPE,Grand Canyon Education Inc. Common Stock,$92.62,0.46,0.499%,3271961733,425706,Miscellaneous,Service to the Health Industry,
LOTZ,CarLotz Inc. Class A Common Stock,$1.76,0.16,10.00%,200609876,1386469,Consumer Services,Other Specialty Stores,
LOTZW,CarLotz Inc. Warrant,$0.3596,-0.0099,-2.679%,0,39938,Consumer Services,Other Specialty Stores,
LOVE,The Lovesac Company Common Stock,$40.11,1.96,5.138%,606586899,227064,,,
LPCN,Lipocine Inc. Common Stock,$1.46,0.01,0.69%,128904349,659943,Health Care,Biotechnology: Pharmaceutical Preparations,
LPLA,LPL Financial Holdings Inc. Common Stock,$163.04,2.7,1.684%,13038207878,529746,Finance,Investment Bankers/Brokers/Service,
LPRO,Open Lending Corporation Class A Common Stock,$17.40,0.11,0.636%,2012308417,626644,Finance,Finance: Consumer Services,
LPSN,LivePerson Inc. Common Stock,$20.71,-0.53,-2.495%,1502940440,2169276,Technology,EDP Services,
LPTH,LightPath Technologies Inc. Class A Common Stock,$2.09,-0.04,-1.878%,56501616,37993,Capital Goods,Electronic Components,
LPTX,Leap Therapeutics Inc. Common Stock,$1.68,0.08,5.00%,148375003,588204,Health Care,Biotechnology: Biological Products (No Diagnostic Substances),
LQDA,Liquidia Corporation Common Stock,$6.17,0.22,3.697%,320704229,477734,Health Care,Biotechnology: Biological Products (No Diagnostic Substances),
LQDT,Liquidity Services Inc. Common Stock,$16.92,0.32,1.928%,601759191,131479,Consumer Services,Catalog/Specialty Distribution,
LRCX,Lam Research Corporation Common Stock,$484.72,17.22,3.683%,67618509315,1245524,Technology,Industrial Machinery/Components,
LRFC,Logan Ridge Finance Corporation Common Stock,$23.52,-0.865,-3.547%,63764319,18279,Finance,Trusts Except Educational Religious and Charitable,
LRMR,Larimar Therapeutics Inc. Common Stock,$4.20,0.23,5.793%,74383890,134523,Health Care,Biotechnology: Pharmaceutical Preparations,
LSBK,Lake Shore Bancorp Inc. Common Stock,$14.65,0.03,0.205%,83393807,701,Finance,Savings Institutions,
LSCC,Lattice Semiconductor Corporation Common Stock,$55.38,4.37,8.567%,7625268600,1203044,Technology,Semiconductors,
LSEA,Landsea Homes Corporation Common Stock,$8.09,0.23,2.926%,374414026,184894,,,
LSEAW,Landsea Homes Corporation Warrant,$0.1775,-0.0026,-1.444%,0,8800,,,
LSPRU,Larkspur Health Acquisition Corp. Unit,$9.9867,0,0.00%,0,83,,,
LSTR,Landstar System Inc. Common Stock,$153.13,2.61,1.734%,5710933889,237350,Transportation,Trucking Freight/Courier Services,
LSXMA,Liberty Media Corporation Series A Liberty SiriusXM Common Stock,$45.38,0.77,1.726%,15103744215,745685,Consumer Services,Broadcasting,
LSXMB,Liberty Media Corporation Series B Liberty SiriusXM Common Stock,$45.10,0,0.00%,15010552316,2,Consumer Services,Broadcasting,
LSXMK,Liberty Media Corporation Series C Liberty SiriusXM Common Stock,$45.58,0.87,1.946%,15170309857,726591,Consumer Services,Broadcasting,
LTBR,Lightbridge Corporation Common Stock,$8.96,-0.07,-0.775%,68351736,270466,Miscellaneous,Business Services,
LTCH,Latch Inc. Common Stock,$3.68,0.28,8.235%,525656102,1826012,Technology,EDP Services,
LTCHW,Latch Inc. Warrant expiring 6/4/2026,$0.56,0.01,1.818%,0,22716,Technology,EDP Services,
LTRN,Lantern Pharma Inc. Common Stock,$6.101,-0.149,-2.384%,65771769,20251,Health Care,Biotechnology: Pharmaceutical Preparations,
LTRPA,Liberty TripAdvisor Holdings Inc. Series A Common Stock,$1.86,0.07,3.911%,140734127,482672,,,
LTRPB,Liberty TripAdvisor Holdings Inc. Series B Common Stock,$15.00,0.28,1.902%,1134952635,1712,,,
LTRX,Lantronix Inc. Common Stock,$6.60,0.11,1.695%,228662610,163669,Capital Goods,Telecommunications Equipment,
LTRY,Lottery.com Inc. Common Stock,$3.06,-0.02,-0.649%,154164269,69682,Consumer Services,Services-Misc. Amusement & Recreation,
LTRYW,Lottery.com Inc. Warrants,$0.5172,0.0172,3.44%,0,60959,Consumer Services,Services-Misc. Amusement & Recreation,
LUCD,Lucid Diagnostics Inc. Common Stock,$3.06,-0.045,-1.449%,112634460,249298,Health Care,Biotechnology: Electromedical & Electrotherapeutic Apparatus,
LUMO,Lumos Pharma Inc. Common Stock,$8.75,0.06,0.69%,73127171,3700,Health Care,Biotechnology: Pharmaceutical Preparations,
LUNA,Luna Innovations Incorporated Common Stock,$7.25,-0.34,-4.48%,231765760,268087,Health Care,Biotechnology: Commercial Physical & Biological Resarch,
LUNG,Pulmonx Corporation Common Stock,$21.45,0.32,1.514%,794056327,279978,Health Care,Industrial Specialties,
LUXA,Lux Health Tech Acquisition Corp. Class A Common Stock,$9.83,0.01,0.102%,423918750,65404,,,
LUXAU,Lux Health Tech Acquisition Corp. Units,$9.90,-0.02,-0.202%,0,102,,,
LUXAW,Lux Health Tech Acquisition Corp. Warrants,$0.2977,-0.0223,-6.969%,0,39100,,,
LVAC,LAVA Medtech Acquisition Corp. Class A Common Stock,$9.96,0,0.00%,0,50,,,
LVACW,LAVA Medtech Acquisition Corp. Warrants,$0.30,0,0.00%,0,800,,,
LVLU,Lulu's Fashion Lounge Holdings Inc. Common Stock,$6.46,-0.03,-0.462%,248200461,69412,Consumer Non-Durables,Apparel,
LVO,LiveOne Inc. Common Stock,$0.7791,0.0366,4.929%,63815289,149061,Consumer Services,Movies/Entertainment,
LVOX,LiveVox Holding Inc. Class A Common Stock,$2.75,0.01,0.365%,270161999,150063,Technology,EDP Services,
LVOXU,LiveVox Holding Inc. Unit,$2.94,-0.35,-10.638%,0,300,Technology,EDP Services,
LVOXW,LiveVox Holding Inc. Warrant,$0.1873,-0.0218,-10.426%,0,81082,Technology,EDP Services,
LWAY,Lifeway Foods Inc. Common Stock,$7.09,0.24,3.504%,109433696,114316,Consumer Non-Durables,Specialty Foods,
LWLG,Lightwave Logic Inc. Common Stock,$7.86,0.52,7.084%,872294044,677562,Consumer Non-Durables,Plastic Products,
LXRX,Lexicon Pharmaceuticals Inc. Common Stock,$1.95,-0.01,-0.51%,291707424,479479,Health Care,Biotechnology: Biological Products (No Diagnostic Substances),
LYEL,Lyell Immunopharma Inc. Common Stock,$6.01,0.39,6.94%,1445233697,1304164,Health Care,Biotechnology: Pharmaceutical Preparations,
LYFT,Lyft Inc. Class A Common Stock,$35.74,0.35,0.989%,12457439439,6627910,Technology,EDP Services,
LYLT,Loyalty Ventures Inc. Common Stock,$19.07,0.05,0.263%,469342182,218698,Technology,EDP Services,
LYRA,Lyra Therapeutics Inc. Common Stock,$4.05,0,0.00%,52690079,13720,Consumer Durables,Specialty Chemicals,
LYTS,LSI Industries Inc. Common Stock,$6.11,-0.08,-1.292%,162781447,45019,Consumer Durables,Building Products,
LZ,LegalZoom.com Inc. Common Stock,$13.36,0.48,3.727%,2646402240,2167133,Technology,EDP Services,
MAAQ,Mana Capital Acquisition Corp. Common stock,$9.88,0,0.00%,80275000,1250,,,
MAAQR,Mana Capital Acquisition Corp. Rights,$0.20,-0.0494,-19.808%,0,10154,,,
MAAQU,Mana Capital Acquisition Corp. Unit,$10.0901,-0.0399,-0.394%,0,212,,,
MAAQW,Mana Capital Acquisition Corp. Warrant,$0.2599,0.0698,36.718%,0,200,,,
MACA,Moringa Acquisition Corp Class A Ordinary Shares,$9.78,0.02,0.205%,145281900,220456,Finance,Business Services,
MACAU,Moringa Acquisition Corp Units,$9.90,0,0.00%,0,43,Finance,Business Services,
MACK,Merrimack Pharmaceuticals Inc. Common Stock,$6.20,0.3,5.085%,83143507,11876,Health Care,Biotechnology: Pharmaceutical Preparations,
MACU,Mallard Acquisition Corp. Common stock,$10.0599,-0.0001,-0.001%,138323625,164277,,,
MACUU,Mallard Acquisition Corp. Unit,$10.13,-0.3,-2.876%,0,500,,,
MACUW,Mallard Acquisition Corp. Warrant,$0.081,-0.0424,-34.36%,0,5964,,,
MANH,Manhattan Associates Inc. Common Stock,$129.70,1.9,1.487%,8191191438,256137,Technology,Computer Software: Prepackaged Software,
MANT,ManTech International Corporation Common Stock $0.01 Par Value,$85.86,-0.77,-0.889%,3504109820,279468,Technology,EDP Services,
MAPS,WM Technology Inc. Class A Common Stock ,$5.58,0.21,3.911%,392826794,526641,Technology,Computer Software: Prepackaged Software,
MAPSW,WM Technology Inc. Warrants ,$1.23,-0.01,-0.806%,0,4931,Technology,Computer Software: Prepackaged Software,
MAQC,Maquia Capital Acquisition Corporation Class A Common Stock,$10.10,0,0.00%,226179299,234,,,
MAQCU,Maquia Capital Acquisition Corporation Unit,$10.23,0.0468,0.46%,0,3005,,,
MAQCW,Maquia Capital Acquisition Corporation Warrant,$0.168,-0.0121,-6.718%,0,6220,,,
MAR,Marriott International Class A Common Stock,$166.40,4.64,2.868%,54298168870,2296927,Consumer Services,Hotels/Resorts,
MARA,Marathon Digital Holdings Inc. Common Stock,$22.41,1,4.671%,2309396866,8764987,Finance,Investment Managers,
MARK,Remark Holdings Inc. Common Stock,$0.6901,0.028,4.229%,72569376,970224,Consumer Services,Telecommunications Equipment,
MARPS,Marine Petroleum Trust Units of Beneficial Interest,$10.71,-0.48,-4.29%,21420000,799363,Energy,Oil & Gas Production,
MASI,Masimo Corporation Common Stock,$138.74,3.03,2.233%,7681297091,997153,Health Care,Medical/Dental Instruments,
MASS,908 Devices Inc. Common Stock,$16.93,-0.18,-1.052%,525675349,201890,Health Care,Medical/Dental Instruments,
MAT,Mattel Inc. Common Stock,$22.65,0.33,1.478%,7978256385,2567535,Consumer Non-Durables,Recreational Products/Toys,
MATW,Matthews International Corporation Class A Common Stock,$33.32,-0.3,-0.892%,1051259861,115859,,,
MAYS,J. W. Mays Inc. Common Stock,$42.525,2.5249,6.312%,85721045,1858,Consumer Services,Building operators,
MBCN,Middlefield Banc Corp. Common Stock,$25.46,0.46,1.84%,162386681,9592,Finance,Major Banks,
MBII,Marrone Bio Innovations Inc. Common Stock,$0.7706,-0.0344,-4.273%,115107796,863317,Basic Industries,Major Chemicals,
MBIN,Merchants Bancorp Common Stock,$27.89,-0.29,-1.029%,1206738273,24974,Finance,Major Banks,
MBINN,Merchants Bancorp Depositary Shares Preferred Series C,$24.91,0.41,1.673%,0,18548,Finance,Major Banks,
MBINO,Merchants Bancorp Depositary Shares Each Representing a 1/40th Interest in a Share of Series B  Fixed-to-Floating Rate,$24.95,0.09,0.362%,0,4552,Finance,Major Banks,
MBINP,Merchants Bancorp 7.00% Fixed-to-Floating Rate Series A Non-Cumulative Perpetual Preferred Stock,$26.0726,-0.0524,-0.201%,0,822,Finance,Major Banks,
MBIO,Mustang Bio Inc. Common Stock,$0.7615,0.0312,4.272%,71145280,555892,Health Care,Biotechnology: Biological Products (No Diagnostic Substances),
MBNKP,Medallion Bank Fixed-to-Floating Rate Non-Cumulative Perpetual Preferred Stock Series F,$25.7501,-0.3499,-1.341%,0,554,Finance,Commercial Banks,
MBRX,Moleculin Biotech Inc. Common Stock,$1.27,0.04,3.252%,36292902,70467,Health Care,Biotechnology: Pharmaceutical Preparations,
MBTC,Nocturne Acquisition Corporation Ordinary Shares,$10.03,0,0.00%,148845200,54,Finance,Business Services,
MBTCR,Nocturne Acquisition Corporation Right,$0.2523,-0.0271,-9.699%,0,400,,,
MBTCU,Nocturne Acquisition Corporation Unit,$10.40,-0.12,-1.141%,0,476,Finance,Business Services,
MBUU,Malibu Boats Inc. Class A Common Stock,$59.51,1.51,2.603%,1243786732,224165,Consumer Non-Durables,Recreational Products/Toys,
MBWM,Mercantile Bank Corporation Common Stock,$37.93,-0.38,-0.992%,600864302,57337,Finance,Major Banks,
MCAAW,Mountain & Co. I Acquisition Corp. Warrant,$0.35,-0.0198,-5.354%,0,800,,,
MCAE,Mountain Crest Acquisition Corp. III Common Stock,$9.90,0,0.00%,69805732,9420,,,
MCAER,Mountain Crest Acquisition Corp. III Right,$0.3456,-0.0544,-13.60%,0,123,,,
MCAF,Mountain Crest Acquisition Corp. IV Common Stock,$9.90,0.01,0.101%,74819250,1900,,,
MCAFR,Mountain Crest Acquisition Corp. IV Rights,$0.27,-0.0015,-0.552%,0,500,,,
MCAFU,Mountain Crest Acquisition Corp. IV Unit,$10.13,0.01,0.099%,0,500,,,
MCAG,Mountain Crest Acquisition Corp. V Common Stock,$9.80,0,0.00%,88453820,317,Consumer Services,Other Pharmaceuticals,
MCAGU,Mountain Crest Acquisition Corp. V Unit,$10.272,0,0.00%,0,25,Consumer Services,Other Pharmaceuticals,
MCBC,Macatawa Bank Corporation Common Stock,$9.19,-0.12,-1.289%,314848895,55429,Finance,Major Banks,
MCBS,MetroCity Bankshares Inc. Common Stock,$23.64,1.01,4.463%,601998179,34780,Finance,Major Banks,
MCFT,MasterCraft Boat Holdings Inc. Common Stock,$26.41,1.33,5.303%,488537515,133219,Consumer Non-Durables,Recreational Products/Toys,
MCHP,Microchip Technology Incorporated Common Stock,$71.62,3.49,5.123%,39820056011,5834981,Technology,Semiconductors,
MCHX,Marchex Inc. Class B Common Stock,$2.16,0.04,1.887%,89753206,21296,Miscellaneous,Business Services,
MCRB,Seres Therapeutics Inc. Common Stock,$6.87,0.22,3.308%,632138708,681156,Health Care,Biotechnology: Pharmaceutical Preparations,
MCRI,Monarch Casino & Resort Inc. Common Stock,$84.89,3.24,3.968%,1587495632,140278,Consumer Services,Movies/Entertainment,
MDB,MongoDB Inc. Class A Common Stock,$298.26,8.1,2.792%,20115954814,1545790,Technology,Retail: Computer Software & Peripheral Equipment,
MDGL,Madrigal Pharmaceuticals Inc. Common Stock,$90.00,-0.65,-0.717%,1539305550,140795,Health Care,Biotechnology: Pharmaceutical Preparations,
MDIA,Mediaco Holding Inc. Class A Common Stock ,$4.70,0.56,13.527%,33353362,44112,Consumer Services,Broadcasting,
MDLZ,Mondelez International Inc. Class A Common Stock,$61.17,1.83,3.084%,84924026451,9674128,Consumer Non-Durables,Meat/Poultry/Fish,
MDRR,Medalist Diversified REIT Inc. Common Stock,$1.06,0,0.00%,16110201,66749,Consumer Services,Real Estate Investment Trusts,
MDRRP,Medalist Diversified REIT Inc. Series A Cumulative Redeemable Preferred Stock,$19.97,0,0.00%,0,13,Consumer Services,Real Estate Investment Trusts,
MDRX,Allscripts Healthcare Solutions Inc. Common Stock,$21.73,0.13,0.602%,2525212943,1786235,Technology,EDP Services,
MDVL,MedAvail Holdings Inc. Common Stock,$0.7931,-0.0125,-1.552%,26051871,70010,Health Care,Medical/Nursing Services,
MDWT,Midwest Holding Inc. Common Stock,$20.60,-0.46,-2.184%,76993818,16942,Finance,Life Insurance,
MDXG,MiMedx Group Inc Common Stock,$4.44,0.09,2.069%,498876628,441208,Health Care,Biotechnology: Pharmaceutical Preparations,
ME,23andMe Holding Co. Class A Common Stock,$3.45,0.17,5.183%,1542593591,4501875,Health Care,Precision Instruments,
MEAC,Mercury Ecommerce Acquisition Corp Class A Common Stock,$9.83,0.01,0.102%,221684931,117027,,,
MEACU,Mercury Ecommerce Acquisition Corp Unit,$9.91,-0.11,-1.098%,0,500,,,
MEACW,Mercury Ecommerce Acquisition Corp Warrants,$0.33,-0.0143,-4.153%,0,8300,,,
MEDP,Medpace Holdings Inc. Common Stock,$146.43,1.47,1.014%,5158541762,334041,Health Care,Biotechnology: Commercial Physical & Biological Resarch,
MEDS,TRxADE HEALTH Inc. Common Stock,$1.94,0.07,3.743%,15647402,26817,,,
MEIP,MEI Pharma Inc. Common Stock,$1.70,-0.01,-0.585%,226075427,773869,Health Care,Biotechnology: Pharmaceutical Preparations,
MEKA,MELI Kaszek Pioneer Corp Class A Ordinary Shares,$10.08,-0.01,-0.099%,299628000,20339,,,
MEOA,Minority Equality Opportunities Acquisition Inc. Class A Common Stock,$10.02,0,0.00%,160025663,3,,,
MEOAU,Minority Equality Opportunities Acquisition Inc. Units,$10.25,0,0.00%,0,6,,,
MEOAW,Minority Equality Opportunities Acquisition Inc. Warrants,$0.1451,-0.0278,-16.079%,0,30450,,,
MESA,Mesa Air Group Inc. Common Stock,$4.13,0,0.00%,148531374,673752,Transportation,Air Freight/Delivery Services,
METC,Ramaco Resources Inc. Common Stock,$16.24,0.01,0.062%,716070011,980560,Energy,Coal Mining,
METCL,Ramaco Resources Inc. 9.00% Senior Notes due 2026,$26.8999,0.1611,0.602%,0,1008,,,
MFIN,Medallion Financial Corp. Common Stock,$8.99,0.09,1.011%,226308740,50683,Finance,Diversified Financial Services,
MGEE,MGE Energy Inc,$77.47,1.59,2.095%,2801576274,103063,,,
MGI,Moneygram International Inc. Common Stock,$10.69,-0.03,-0.28%,969860748,2710326,Miscellaneous,Business Services,
MGNI,Magnite Inc. Common Stock,$10.92,0.39,3.704%,1444418714,1926613,Technology,Advertising,
MGNX,MacroGenics Inc. Common Stock,$8.21,0.09,1.108%,503472158,945483,Health Care,Biotechnology: Pharmaceutical Preparations,
MGPI,MGP Ingredients Inc.,$79.36,1.84,2.374%,1743178191,91539,Consumer Non-Durables,Beverages (Production/Distribution),
MGRC,McGrath RentCorp Common Stock,$85.03,-3.29,-3.725%,2062858751,130533,Technology,Diversified Commercial Services,
MGTA,Magenta Therapeutics Inc. Common Stock,$2.86,0.05,1.779%,168165589,209788,Health Care,Biotechnology: Pharmaceutical Preparations,
MGTX,MeiraGTx Holdings plc Ordinary Shares,$13.63,-0.03,-0.22%,608955879,74115,Health Care,Biotechnology: Biological Products (No Diagnostic Substances),
MGYR,Magyar Bancorp Inc. Common Stock,$11.93,-0.01,-0.084%,84677052,662,Finance,Major Banks,
MICT,MICT Inc. Common Stock,$0.5788,0.0061,1.065%,70865711,229621,Technology,EDP Peripherals,
MIDD,Middleby Corporation (The) Common Stock,$166.84,1.25,0.755%,9119655421,327082,Capital Goods,Diversified Manufacture,
MILE,Metromile Inc. Common Stock,$0.9286,0.0718,8.38%,119066842,900910,Finance,Property-Casualty Insurers,
MILEW,Metromile Inc. Warrant ,$0.105,0.006,6.061%,0,128260,Finance,Property-Casualty Insurers,
MIND,MIND Technology Inc. Common Stock (DE),$1.02,0.02,2.00%,14049586,925417,Capital Goods,Industrial Machinery/Components,
MINDP,MIND Technology Inc. Series A 9.00% Series A Cumulative Preferred Stock (DE),$17.01,-0.189,-1.099%,0,4146,Capital Goods,Industrial Machinery/Components,
MINM,Minim Inc. Common Stock,$0.944,0.0338,3.713%,43288395,94054,Consumer Services,Telecommunications Equipment,
MIRM,Mirum Pharmaceuticals Inc. Common Stock,$21.65,0.14,0.651%,686963593,105411,Health Care,Biotechnology: Pharmaceutical Preparations,
MIRO,Miromatrix Medical Inc. Common Stock,$2.03,-0.25,-10.965%,41116929,96921,Health Care,Biotechnology: Biological Products (No Diagnostic Substances),
MITA,Coliseum Acquisition Corp. Class A Ordinary Share,$9.73,0,0.00%,182437500,118,,,
MITAU,Coliseum Acquisition Corp. Unit,$9.80,0.01,0.102%,0,2141,,,
MITAW,Coliseum Acquisition Corp. Warrant,$0.35,0.1172,50.344%,0,900,,,
MITK,Mitek Systems Inc. Common Stock,$13.85,0.07,0.508%,613521525,213881,Technology,Computer Software: Prepackaged Software,
MITO,Stealth BioTherapeutics Corp. ADS,$0.62,0.043,7.452%,35701345,369405,Health Care,Biotechnology: Pharmaceutical Preparations,
MKSI,MKS Instruments Inc. Common Stock,$144.12,7.82,5.737%,8001136270,522925,Capital Goods,Industrial Machinery/Components,
MKTW,MarketWise Inc. Class A Common Stock,$4.08,-0.18,-4.225%,116353991,154237,Technology,Computer Software: Prepackaged Software,
MKTWW,MarketWise Inc. Warrant,$0.5011,-0.0489,-8.891%,0,2066,Technology,Computer Software: Prepackaged Software,
MKTX,MarketAxess Holdings Inc. Common Stock,$347.51,3.67,1.067%,13148185414,185373,Finance,Investment Bankers/Brokers/Service,
MLAB,Mesa Laboratories Inc. Common Stock,$251.40,-1.5,-0.593%,1318830070,17215,Capital Goods,Industrial Machinery/Components,
MLAI,McLaren Technology Acquisition Corp. Class A Common Stock,$9.93,0,0.00%,249801563,1,,,
MLAIW,McLaren Technology Acquisition Corp. Warrant,$0.1701,-0.0699,-29.125%,0,45019,,,
MLKN,MillerKnoll Inc. Common Stock,$33.31,-0.83,-2.431%,2523038036,668653,Capital Goods,Wholesale Distributors,
MLVF,Malvern Bancorp Inc. Common Stock,$16.40,-0.07,-0.425%,124986040,3361,Finance,Banks,
MMAT,Meta Materials Inc. Common Stock,$1.69,0.28,19.858%,481333627,5220847,Technology,Semiconductors,
MMLP,Martin Midstream Partners L.P. Limited Partnership,$3.61,-0.18,-4.749%,140201390,101907,Energy,Oil Refining/Marketing,
MMMB,MamaMancini's Holdings Inc. Common Stock,$1.57,0.01,0.641%,56130313,94678,Consumer Non-Durables,Farming/Seeds/Milling,
MMSI,Merit Medical Systems Inc. Common Stock,$62.89,1.36,2.21%,3557849493,590998,Health Care,Medical/Dental Instruments,
MNDT,Mandiant Inc. Common Stock,$22.03,0.22,1.009%,5151453695,12871499,Technology,Computer Software: Prepackaged Software,
MNKD,MannKind Corporation Common Stock,$3.37,0.15,4.658%,848560281,3208618,Health Care,Biotechnology: Pharmaceutical Preparations,
MNOV,Medicinova Inc Common Stock,$2.30,0.07,3.139%,112799466,51433,Health Care,Biotechnology: Pharmaceutical Preparations,
MNPR,Monopar Therapeutics Inc. Common Stock,$2.71,-0.07,-2.518%,29095633,2327,Health Care,Biotechnology: Pharmaceutical Preparations,
MNRO,Monro Inc. Common Stock,$44.25,-0.36,-0.807%,1484412270,360729,,,
MNSB,MainStreet Bancshares Inc. Common Stock,$24.54,0.14,0.574%,185173466,8321,Finance,Major Banks,
MNSBP,MainStreet Bancshares Inc. Depositary Shares,$25.9899,0.4799,1.881%,0,2800,Finance,Major Banks,
MNST,Monster Beverage Corporation,$75.08,1.85,2.526%,39744263209,1995565,Consumer Non-Durables,Beverages (Production/Distribution),
MNTK,Montauk Renewables Inc. Common Stock,$10.21,-0.19,-1.827%,1439765325,49485,,,
MNTS,Momentus Inc. Class A Common Stock,$2.00,0.09,4.712%,162423562,559871,,,
MNTSW,Momentus Inc. Warrant,$0.28,0.04,16.667%,0,67607,,,
MNTV,Momentive Global Inc. Common Stock,$14.69,0.23,1.591%,2210999583,1432976,Technology,EDP Services,
MNTX,Manitex International Inc. Common Stock,$7.72,0.12,1.579%,153966036,4749,Consumer Durables,Home Furnishings,
MOBQ,Mobiquity Technologies Inc. Common Stock,$1.43,0.05,3.623%,8819692,19197,Technology,Advertising,
MOBQW,Mobiquity Technologies Inc. Warrant,$0.45,0,0.00%,0,121,Technology,Advertising,
MODD,Modular Medical Inc. Common Stock,$4.35,0.4,10.127%,45247169,92480,Health Care,Industrial Specialties,
MODV,ModivCare Inc. Common Stock,$108.79,1.61,1.502%,2115351489,91073,,,
MOFG,MidWestOne Financial Gp Common Stock,$32.27,-0.31,-0.952%,506449414,25224,Finance,Major Banks,
MON,Monument Circle Acquisition Corp. Class A Common Stock,$9.82,0,0.00%,306875000,200,,,
MONCU,Monument Circle Acquisition Corp. Unit,$9.88,0,0.00%,0,17,,,
MONCW,Monument Circle Acquisition Corp. Warrant,$0.3499,0.0518,17.377%,0,100,,,
MORF,Morphic Holding Inc. Common Stock,$37.78,1.03,2.803%,1401673475,194561,Health Care,Biotechnology: Pharmaceutical Preparations,
MORN,Morningstar Inc. Common Stock,$262.42,3.05,1.176%,11274171752,127880,Technology,Advertising,
MOVE,Movano Inc. Common Stock,$2.7399,0.0599,2.235%,89792167,1036,Health Care,Biotechnology: Electromedical & Electrotherapeutic Apparatus,
MPAA,Motorcar Parts  of America Inc. Common Stock,$16.93,0,0.00%,323392644,42538,Capital Goods,Auto Parts:O.E.M.,
MPB,Mid Penn Bancorp Common Stock,$26.95,-0.08,-0.296%,430063519,25343,Finance,Major Banks,
MPRA,Mercato Partners Acquisition Corporation Class A Common Stock,$9.92,0,0.00%,285200000,1,,,
MPRAU,Mercato Partners Acquisition Corporation Unit,$10.03,0,0.00%,0,500,,,
MPRAW,Mercato Partners Acquisition Corporation Warrant,$0.30,-0.03,-9.091%,0,2800,,,
MPWR,Monolithic Power Systems Inc. Common Stock,$421.82,36.81,9.561%,19618426380,804951,Technology,Semiconductors,
MQ,Marqeta Inc. Class A Common Stock,$8.72,0.2,2.347%,4709997422,12257697,Technology,EDP Services,
MRAI,Marpai Inc. Class A Common Stock,$1.68,-0.05,-2.89%,34184465,46354,Health Care,Managed Health Care,
MRAM,Everspin Technologies Inc. Common Stock,$8.50,0.33,4.039%,169089123,148198,Technology,Electronic Components,
MRBK,Meridian Corporation Common Stock,$33.21,-0.44,-1.308%,202846680,8134,Finance,Major Banks,
MRCC,Monroe Capital Corporation Common Stock,$10.76,-0.03,-0.278%,233129818,50942,Finance,Investment Managers,
MRCY,Mercury Systems Inc Common Stock,$65.12,0.03,0.046%,3695805242,384794,,,
MRIN,Marin Software Incorporated Common Stock,$2.68,-0.03,-1.107%,41640602,609722,Technology,Computer Software: Prepackaged Software,
MRKR,Marker Therapeutics Inc. Common Stock,$0.3995,-0.0205,-4.881%,33189931,187354,Health Care,Biotechnology: Pharmaceutical Preparations,
MRNA,Moderna Inc. Common Stock,$148.12,-1.95,-1.299%,59695354394,13186667,Health Care,Biotechnology: Biological Products (No Diagnostic Substances),
MRNS,Marinus Pharmaceuticals Inc. Common Stock,$7.30,-0.05,-0.68%,268394392,84429,Health Care,Biotechnology: Pharmaceutical Preparations,
MRSN,Mersana Therapeutics Inc. Common Stock,$3.91,0.07,1.823%,326054141,1637166,Health Care,Biotechnology: Pharmaceutical Preparations,
MRTN,Marten Transport Ltd. Common Stock,$19.29,-0.19,-0.975%,1601855180,525064,Transportation,Trucking Freight/Courier Services,
MRTX,Mirati Therapeutics Inc. Common Stock,$77.32,1.5,1.978%,4290352341,452970,Health Care,Biotechnology: Pharmaceutical Preparations,
MRVI,Maravai LifeSciences Holdings Inc. Class A Common Stock,$38.46,0.83,2.206%,5057081709,760518,Health Care,Biotechnology: Pharmaceutical Preparations,
MSAC,Medicus Sciences Acquisition Corp. Class A Ordinary Share,$9.7436,-0.0014,-0.014%,113171914,520,Finance,Business Services,
MSBI,Midland States Bancorp Inc. Common Stock,$29.36,-0.38,-1.278%,646842198,41353,Finance,Major Banks,
MSDA,MSD Acquisition Corp. Class A Ordinary Shares,$9.77,-0.03,-0.306%,702218750,47677,Finance,Business Services,
MSDAU,MSD Acquisition Corp. Unit,$9.89,-0.01,-0.101%,0,546,Finance,Business Services,
MSDAW,MSD Acquisition Corp. Warrant,$0.7248,0.0246,3.513%,0,100,Finance,Business Services,
MSEX,Middlesex Water Company Common Stock,$100.85,2.35,2.386%,1768462436,106762,Public Utilities,Water Supply,
MSFT,Microsoft Corporation Common Stock,$287.15,10.71,3.874%,2152725194800,34215092,Technology,Computer Software: Prepackaged Software,
MSGM,Motorsport Games Inc. Class A Common Stock,$1.50,-0.1,-6.25%,17510381,29207,,,
MSTR,MicroStrategy Incorporated Common Stock Class A,$396.14,26.21,7.085%,4470605883,377564,Technology,Computer Software: Prepackaged Software,
MSVB,Mid-Southern Bancorp Inc. Common Stock,$14.71,0.04,0.273%,44150638,371,Finance,Major Banks,
MTAC,MedTech Acquisition Corporation Class A Common Stock,$9.80,0.03,0.307%,306250000,155632,,,
MTACU,MedTech Acquisition Corporation Unit,$9.75,-0.07,-0.713%,0,804,,,
MTACW,MedTech Acquisition Corporation Warrant,$0.15,0,0.00%,0,53041,,,
MTBC,CareCloud Inc. Common Stock,$4.76,0.11,2.366%,84343720,65366,Health Care,Managed Health Care,
MTBCO,CareCloud Inc. 8.75% Series B Cumulative Redeemable Perpetual Preferred Stock,$25.57,-0.0368,-0.144%,0,6365,Health Care,Managed Health Care,
MTBCP,CareCloud Inc. 11% Series A Cumulative Redeemable Perpetual Preferred Stock,$25.50,0.12,0.473%,0,18969,Health Care,Managed Health Care,
MTCH,Match Group Inc. Common Stock,$87.57,2.51,2.951%,24970435580,3642271,,,
MTCR,Metacrine Inc. Common Stock,$0.443,-0.0106,-2.337%,18601971,1073862,Consumer Durables,Specialty Chemicals,
MTEM,Molecular Templates Inc. Common Stock,$2.35,0.08,3.524%,132316865,108565,Health Care,Biotechnology: Biological Products (No Diagnostic Substances),
MTEX,Mannatech Incorporated Common Stock,$32.50,0.03,0.092%,62457233,4389,Consumer Durables,Specialty Chemicals,
MTRX,Matrix Service Company Common Stock,$8.34,0.06,0.725%,223372430,417634,Consumer Services,Military/Government/Technical,
MTRY,Monterey Bio Acquisition Corporation Common Stock,$9.95,0,0.00%,143031250,9025,,,
MTRYW,Monterey Bio Acquisition Corporation Warrant,$0.225,-0.0003,-0.133%,0,400,,,
MTSI,MACOM Technology Solutions Holdings Inc. Common Stock,$56.22,2.25,4.169%,3917812135,319664,Technology,Semiconductors,
MTTR,Matterport Inc. Class A Common Stock,$6.81,0.17,2.56%,1772603911,5494224,Technology,Computer Software: Prepackaged Software,
MU,Micron Technology Inc. Common Stock,$73.11,3.71,5.346%,81866904512,22807399,Technology,Semiconductors,
MUDS,Mudrick Capital Acquisition Corporation II Class A Common Stock,$10.01,0,0.00%,395707813,26216,,,
MUDSU,Mudrick Capital Acquisition Corporation II Unit,$10.18,-0.02,-0.196%,0,100,,,
MUDSW,Mudrick Capital Acquisition Corporation II Warrant,$0.405,-0.005,-1.22%,0,2460,,,
MULN,Mullen Automotive Inc. Common Stock,$1.60,-0.17,-9.605%,55907686,228562991,Capital Goods,Auto Manufacturing,
MVBF,MVB Financial Corp. Common Stock,$39.06,-0.13,-0.332%,472482415,54349,Finance,Savings Institutions,
MVIS,MicroVision Inc. Common Stock,$3.85,0.08,2.122%,633825858,4117803,Capital Goods,Industrial Machinery/Components,
MVST,Microvast Holdings Inc. Common Stock,$7.65,0.11,1.459%,2298996314,988818,Capital Goods,Industrial Machinery/Components,
MVSTW,Microvast Holdings Inc. Warrants,$1.56,-0.025,-1.577%,0,123199,Capital Goods,Industrial Machinery/Components,
MXCT,MaxCyte Inc. Common Stock,$5.26,-0.03,-0.567%,528283008,522839,Health Care,Biotechnology: Electromedical & Electrotherapeutic Apparatus,
MXL,MaxLinear Inc. Common Stock,$54.53,3.42,6.691%,4187084578,513199,Technology,Semiconductors,
MYFW,First Western Financial Inc. Common Stock,$32.45,-0.05,-0.154%,305655344,15996,Finance,Major Banks,
MYGN,Myriad Genetics Inc. Common Stock,$24.04,-0.41,-1.677%,1923750155,556968,Health Care,Biotechnology: In Vitro & In Vivo Diagnostic Substances,
MYMD,MyMD Pharmaceuticals Inc. Common Stock,$3.34,-0.07,-2.053%,125717306,59002,Consumer Durables,Specialty Chemicals,
MYPS,PLAYSTUDIOS Inc.  Class A Common Stock,$3.94,-0.12,-2.956%,498033194,319758,Technology,EDP Services,
MYPSW,PLAYSTUDIOS Inc. Warrant,$0.6147,0.0247,4.186%,0,1644,Technology,EDP Services,
MYRG,MYR Group Inc. Common Stock,$94.40,0.91,0.973%,1600599200,78680,Basic Industries,Water Sewer Pipeline Comm & Power Line Construction,
NAII,Natural Alternatives International Inc. Common Stock,$10.68,-0.14,-1.294%,65377385,9754,Consumer Non-Durables,Food Distributors,
NAOV,NanoVibronix Inc. Common Stock,$0.705,-0.0153,-2.124%,19702489,109848,Health Care,Industrial Specialties,
NARI,Inari Medical Inc. Common Stock,$76.07,0.28,0.369%,3850454512,626353,Health Care,Biotechnology: Electromedical & Electrotherapeutic Apparatus,
NATH,Nathan's Famous Inc. Common Stock,$57.14,0.22,0.387%,235139900,8633,Consumer Services,Restaurants,
NATI,National Instruments Corporation Common Stock,$37.60,0.81,2.202%,4964203168,334675,Technology,Computer Software: Prepackaged Software,
NATR,Nature's Sunshine Products Inc. Common Stock,$16.98,-0.12,-0.702%,330245039,56640,Consumer Non-Durables,Farming/Seeds/Milling,
NAUT,Nautilus Biotechnolgy Inc. Common Stock,$3.67,0.09,2.514%,456643137,118347,Health Care,Biotechnology: Pharmaceutical Preparations,
NAVI,Navient Corporation Common Stock,$16.70,0.23,1.396%,2540619463,2245394,Finance,Finance: Consumer Services,
NBEV,NewAge Inc. Common Stock (Delaware),$0.56,-0.0039,-0.692%,82215138,495883,Consumer Non-Durables,Beverages (Production/Distribution),
NBIX,Neurocrine Biosciences Inc. Common Stock,$91.06,1.06,1.178%,8672798714,678941,Health Care,Biotechnology: Biological Products (No Diagnostic Substances),
NBN,Northeast Bank Common Stock,$35.20,0.24,0.686%,274802880,29729,Finance,Major Banks,
NBSE,NeuBase Therapeutics Inc.  Common Stock,$1.45,0.02,1.399%,47513867,88023,Health Care,Biotechnology: Pharmaceutical Preparations,
NBST,Newbury Street Acquisition Corporation Common Stock,$9.74,0,0.00%,162285932,5,,,
NBSTW,Newbury Street Acquisition Corporation Warrants,$0.295,0.0891,43.273%,0,200,,,
NBTB,NBT Bancorp Inc. Common Stock,$38.45,-0.28,-0.723%,1659954057,150844,Finance,Major Banks,
NCAC,Newcourt Acquisition Corp Class A Ordinary Share,$9.97,-0.01,-0.10%,325769750,106735,,,
NCACU,Newcourt Acquisition Corp Unit,$10.06,0.04,0.399%,328710500,95375,,,
NCACW,Newcourt Acquisition Corp Warrant,$0.23,-0.01,-4.167%,0,14750,,,
NCBS,Nicolet Bankshares Inc. Common Stock,$95.35,-1.38,-1.427%,1290383564,41717,Finance,Major Banks,
NCMI,National CineMedia Inc. Common Stock,$2.53,0.04,1.606%,205275854,501486,Technology,Advertising,
NCNO,nCino Inc. Common Stock,$38.71,-0.01,-0.026%,3745170319,2174628,Technology,Computer Software: Prepackaged Software,
NCSM,NCS Multistage Holdings Inc. Common Stock,$52.65,0.3502,0.67%,126662527,21988,Energy,Oilfield Services/Equipment,
NDAC,NightDragon Acquisition Corp. Class A Common stock,$9.72,-0.01,-0.103%,429235200,6151,,,
NDACU,NightDragon Acquisition Corp. SCALE Units,$9.81,0.005,0.051%,0,270,,,
NDACW,NightDragon Acquisition Corp. Warrants to purchase Class A common stock,$0.4752,0.0152,3.304%,0,3310,,,
NDAQ,Nasdaq Inc. Common Stock,$169.58,3,1.801%,27881006292,706796,Finance,Investment Bankers/Brokers/Service,
NDLS,Noodles & Company Class A Common Stock,$6.26,0.09,1.459%,286113557,223346,Consumer Services,Restaurants,
NDRA,ENDRA Life Sciences Inc. Common Stock,$0.39,-0.02,-4.878%,16444633,182357,Health Care,Medical Specialities,
NDRAW,ENDRA Life Sciences Inc. Warrants,$0.024,0.0041,20.603%,0,12221,Health Care,Medical Specialities,
NDSN,Nordson Corporation Common Stock,$219.14,4.58,2.135%,12697096510,152478,Capital Goods,Industrial Machinery/Components,
NECB,NorthEast Community Bancorp Inc. Common Stock,$11.92,0,0.00%,195224997,23131,Finance,Savings Institutions,
NEO,NeoGenomics Inc. Common Stock,$14.87,0.64,4.498%,1844263140,1901850,Health Care,Precision Instruments,
NEOG,Neogen Corporation Common Stock,$34.21,0.83,2.487%,3686265982,267408,Health Care,Biotechnology: In Vitro & In Vivo Diagnostic Substances,
NEPH,Nephros Inc. Common Stock,$3.89,-0.08,-2.015%,39905347,54124,Health Care,Medical/Dental Instruments,
NERV,Minerva Neurosciences Inc Common Stock,$0.67,0.012,1.824%,28623449,35764,Health Care,Biotechnology: Pharmaceutical Preparations,
NESR,National Energy Services Reunited Corp. Ordinary Shares,$8.55,-0.67,-7.267%,781138559,272207,Energy,Oilfield Services/Equipment,
NESRW,National Energy Services Reunited Corp. Warrant,$1.10,-0.11,-9.091%,0,12882,Finance,Business Services,
NEWT,Newtek Business Services Corp. Common Stock (Maryland),$27.32,0,0.00%,660015520,177718,Finance,Finance/Investors Services,
NEWTL,Newtek Business Services Corp. 5.75% Notes due 2024,$25.35,0.05,0.198%,0,1087,Finance,Finance/Investors Services,
NEWTZ,Newtek Business Services Corp. 5.50% Notes Due 2026,$25.44,-0.01,-0.039%,0,2972,,,
NEXI,NexImmune Inc. Common Stock,$1.92,0.1,5.495%,43856244,93468,Health Care,Biotechnology: Pharmaceutical Preparations,
NEXT,NextDecade Corporation Common Stock,$3.31,0,0.00%,409876108,310099,Energy,Oil & Gas Production,
NFBK,Northfield Bancorp Inc. Common Stock (Delaware),$15.25,-0.05,-0.327%,746263889,136294,Finance,Major Banks,
NFE,New Fortress Energy Inc. Class A Common Stock,$28.27,-0.32,-1.119%,5848023851,1208353,Public Utilities,Oil/Gas Transmission,
NFLX,Netflix Inc. Common Stock,$343.75,12.74,3.849%,152612318031,5458515,Consumer Services,Movies/Entertainment,
NGM,NGM Biopharmaceuticals Inc. Common Stock,$13.81,-0.34,-2.403%,1077861385,294964,Health Care,Biotechnology: Biological Products (No Diagnostic Substances),
NH,NantHealth Inc. Common Stock,$0.8286,0.0186,2.296%,95720074,36819,Health Care,Managed Health Care,
NHIC,NewHold Investment Corp. II Class A Common Stock,$9.77,0,0.00%,0,2,,,
NHICU,NewHold Investment Corp. II Unit,$9.74,-0.04,-0.409%,0,2060,,,
NHICW,NewHold Investment Corp. II Warrant,$0.3498,-0.0001,-0.029%,0,3431,,,
NHTC,Natural Health Trends Corp. Common Stock,$7.01,0.05,0.718%,80071998,17031,Miscellaneous,Diversified Commercial Services,
NICK,Nicholas Financial Inc. Common Stock,$11.40,0.07,0.618%,86640000,2977,,,
NKLA,Nikola Corporation Common Stock,$7.31,0.44,6.405%,3024956831,14862497,Capital Goods,Industrial Machinery/Components,
NKSH,National Bankshares Inc. Common Stock,$36.61,-0.09,-0.245%,222000734,3478,Finance,Major Banks,
NKTR,Nektar Therapeutics  Common Stock,$4.48,0.32,7.692%,834508219,8881021,Health Care,Biotechnology: Pharmaceutical Preparations,
NKTX,Nkarta Inc. Common Stock,$9.62,0.18,1.907%,316973372,130570,Health Care,Biotechnology: Pharmaceutical Preparations,
NLIT,Northern Lights Acquisition Corp. Class A Common Stock,$10.13,-0.0075,-0.074%,150969163,3898,,,
NLITW,Northern Lights Acquisition Corp. Warrants,$0.2598,-0.0001,-0.038%,0,1800,,,
NLOK,NortonLifeLock Inc. Common Stock,$30.11,1.04,3.578%,17519843954,8468545,Technology,Computer Software: Prepackaged Software,
NMFC,New Mountain Finance Corporation Common Stock,$13.71,0.05,0.366%,1348391867,641034,Finance,Finance/Investors Services,
NMIH,NMI Holdings Inc. Class A Common Stock,$21.14,0.08,0.38%,1814653013,480586,Finance,Property-Casualty Insurers,
NMMC,North Mountain Merger Corp. Class A Common Stock,$9.87,0,0.00%,163163438,32,,,
NMMCU,North Mountain Merger Corp. Unit,$10.00,-0.02,-0.20%,0,634,,,
NMMCW,North Mountain Merger Corp. Warrant,$0.2401,-0.0449,-15.754%,0,752,,,
NMRK,Newmark Group Inc. Class A Common Stock,$15.38,-0.25,-1.599%,2756964047,1036789,Finance,Real Estate,
NMTC,NeuroOne Medical Technologies Corporation Common Stock,$1.92,0.02,1.053%,31084838,22601,Health Care,Medical Specialities,
NMTR,9 Meters Biopharma Inc. Common Stock,$0.5222,-0.0084,-1.583%,133509603,1861082,Health Care,Biotechnology: Biological Products (No Diagnostic Substances),
NN,NextNav Inc. Common Stock,$6.92,0.46,7.121%,660689311,65799,Capital Goods,Industrial Machinery/Components,
NNAVW,NextNav Inc. Warrant,$1.55,0.05,3.333%,0,6340,Capital Goods,Industrial Machinery/Components,
NNBR,NN Inc. Common Stock,$2.95,0.1,3.509%,126929650,183202,,,
NOAC,Natural Order Acquisition Corp. Common Stock,$9.84,0.02,0.204%,282900000,4642,,,
NOACU,Natural Order Acquisition Corp. Unit,$9.9504,0.0104,0.105%,0,1615,,,
NOACW,Natural Order Acquisition Corp. Warrant,$0.1663,-0.0002,-0.12%,0,1654,,,
NODK,NI Holdings Inc. Common Stock,$17.31,0.16,0.933%,366911813,4344,Finance,Property-Casualty Insurers,
NOTV,Inotiv Inc. Common Stock,$20.34,1.82,9.827%,517843403,313750,Health Care,Biotechnology: Pharmaceutical Preparations,
NOVN,Novan Inc. Common Stock,$3.11,-0.14,-4.308%,58517424,130541,Health Care,Biotechnology: Pharmaceutical Preparations,
NOVT,Novanta Inc. Common Stock,$128.04,4.3,3.475%,4561895035,89201,,,
NPCE,Neuropace Inc. Common Stock,$7.52,-0.82,-9.832%,184019965,72149,Health Care,Medical Specialities,
NRAC,Noble Rock Acquisition Corporation Class A Ordinary Share,$9.76,-0.01,-0.102%,294630000,310149,Finance,Business Services,
NRACU,Noble Rock Acquisition Corporation Unit,$9.84,-0.02,-0.203%,0,164488,Finance,Business Services,
NRACW,Noble Rock Acquisition Corporation Warrant,$0.21,-0.0101,-4.589%,0,10568,Finance,Business Services,
NRBO,NeuroBo Pharmaceuticals Inc. Common Stock,$0.7724,0.0474,6.538%,20540576,504421,Health Care,Biotechnology: Pharmaceutical Preparations,
NRC,National Research Corporation Common Stock (Delaware),$37.19,0.62,1.695%,936981484,37907,Health Care,Managed Health Care,
NRDS,NerdWallet Inc. Class A Common Stock,$10.49,0.58,5.853%,690607482,158858,Technology,Advertising,
NRIM,Northrim BanCorp Inc Common Stock,$44.81,0.06,0.134%,266255867,16233,Finance,Savings Institutions,
NRIX,Nurix Therapeutics Inc. Common stock,$13.44,0.5,3.864%,601275602,1400221,Health Care,Biotechnology: Pharmaceutical Preparations,
NRXP,NRX Pharmaceuticals Inc. Common Stock,$3.10,-0.06,-1.899%,206568702,394442,Health Care,Biotechnology: Pharmaceutical Preparations,
NRXPW,NRX Pharmaceuticals Inc. Warrant,$1.40,0.08,6.061%,0,9182,Health Care,Biotechnology: Pharmaceutical Preparations,
NSEC,National Security Group Inc. Common Stock,$15.95,-0.15,-0.932%,40395480,2521,Finance,Property-Casualty Insurers,
NSIT,Insight Enterprises Inc. Common Stock,$105.35,1.39,1.337%,3676346380,187997,Technology,EDP Services,
NSSC,NAPCO Security Technologies Inc. Common Stock,$20.13,0.84,4.355%,739410248,157724,Miscellaneous,Diversified Manufacture,
NSTG,NanoString Technologies Inc. Common Stock,$27.99,0.28,1.01%,1285994672,697105,Health Care,Biotechnology: Biological Products (No Diagnostic Substances),
NSTS,NSTS Bancorp Inc. Common Stock,$12.10,0.09,0.749%,65315304,13841,Finance,Major Banks,
NSYS,Nortech Systems Incorporated Common Stock,$11.11,0.2086,1.914%,29686631,624,Capital Goods,Industrial Machinery/Components,
NTAP,NetApp Inc. Common Stock,$82.10,1.71,2.127%,18270243038,1549829,Technology,Electronic Components,
NTCT,NetScout Systems Inc. Common Stock,$31.08,0.52,1.702%,2294645973,415964,Technology,EDP Services,
NTGR,NETGEAR Inc. Common Stock,$23.58,0.35,1.507%,692321062,199706,Public Utilities,Telecommunications Equipment,
NTIC,Northern Technologies International Corporation Common Stock,$12.30,-0.32,-2.536%,113202386,4735,Basic Industries,Major Chemicals,
NTLA,Intellia Therapeutics Inc. Common Stock,$58.27,-0.53,-0.901%,4351162321,1643080,Health Care,Biotechnology: In Vitro & In Vivo Diagnostic Substances,
NTNX,Nutanix Inc. Class A Common Stock,$22.79,0.65,2.936%,5026701898,1335295,Technology,EDP Services,
NTRA,Natera Inc. Common Stock,$30.32,-5.57,-15.52%,2894677627,8018251,Health Care,Medical Specialities,
NTRB,Nutriband Inc. Common Stock,$3.30,-0.02,-0.602%,25654075,29362,Health Care,Biotechnology: Pharmaceutical Preparations,
NTRBW,Nutriband Inc. Warrant,$4.45,-0.02,-0.447%,0,419,Health Care,Biotechnology: Pharmaceutical Preparations,
NTRS,Northern Trust Corporation Common Stock,$111.24,1.36,1.238%,23126610118,994776,Finance,Trusts Except Educational Religious and Charitable,
NTRSO,Northern Trust Corporation Depositary Shares Each Representing a 1/1000th Interest in a Share of Series E Non-Cumulative Perpetual Preferred Stock,$23.45,-0.1,-0.425%,0,40509,Finance,Trusts Except Educational Religious and Charitable,
NTUS,Natus Medical Incorporated Common Stock,$25.46,0.13,0.513%,876031601,152833,Health Care,Biotechnology: Electromedical & Electrotherapeutic Apparatus,
NTWK,NetSol Technologies Inc. Common  Stock,$3.71,-0.05,-1.33%,41726515,5116,Technology,Computer Software: Prepackaged Software,
NUBIU,Nubia Brand International Corp. Unit,$10.00,0.02,0.20%,0,147932,Finance,Business Services,
NURO,NeuroMetrix Inc. Common Stock,$3.59,0.17,4.971%,25102138,75462,Health Care,Medical/Dental Instruments,
NUVA,NuVasive Inc. Common Stock,$50.42,2.33,4.845%,2610200493,534191,Health Care,Medical/Dental Instruments,
NUVL,Nuvalent Inc. Class A Common Stock,$12.45,0.8,6.867%,601135414,175128,Health Care,Biotechnology: Pharmaceutical Preparations,
NUWE,Nuwellis Inc. Common Stock,$0.88,0.03,3.529%,9273093,42703,Health Care,Biotechnology: Electromedical & Electrotherapeutic Apparatus,
NUZE,NuZee Inc. Common Stock,$1.97,-0.02,-1.005%,36225105,79472,Consumer Non-Durables,Farming/Seeds/Milling,
NVAC,NorthView Acquisition Corporation Common Stock,$9.82,0.01,0.102%,237337125,4899,,,
NVACR,NorthView Acquisition Corporation Rights,$0.1455,-0.0013,-0.886%,0,16057,,,
NVACW,NorthView Acquisition Corporation Warrant,$0.168,-0.0018,-1.06%,0,36466,,,
NVAX,Novavax Inc. Common Stock,$73.80,1.87,2.60%,5629684367,3762188,Health Care,Biotechnology: Biological Products (No Diagnostic Substances),
NVCT,Nuvectis Pharma Inc. Common Stock,$7.67,-1.43,-15.714%,90642480,156639,Consumer Durables,Specialty Chemicals,
NVDA,NVIDIA Corporation Common Stock,$229.73,16.43,7.703%,574325000000,49131788,Technology,Semiconductors,
NVEC,NVE Corporation Common Stock,$55.05,1.34,2.495%,266095956,20025,Technology,Semiconductors,
NVEE,NV5 Global Inc. Common Stock,$125.32,1.99,1.614%,1936069181,60839,Consumer Services,Military/Government/Technical,
NVFY,Nova Lifestyle Inc. Common Stock,$1.2085,0.0685,6.009%,8081302,8780,Consumer Durables,Home Furnishings,
NVIV,InVivo Therapeutics Holdings Corp Common Stock,$0.2869,0.0068,2.428%,9830587,139661,Health Care,Biotechnology: Biological Products (No Diagnostic Substances),
NVNO,enVVeno Medical Corporation Common Stock,$4.56,-0.03,-0.654%,43175557,14762,Health Care,Medical/Dental Instruments,
NVOS,Novo Integrated Sciences Inc. Common Stock,$2.25,0,0.00%,64564074,76684,Health Care,Assisted Living Services,
NVSA,New Vista Acquisition Corp Class A Ordinary Shares,$9.76,-0.015,-0.153%,336720000,1015,Finance,Business Services,
NVSAU,New Vista Acquisition Corp Unit,$9.845,0.015,0.153%,0,2117,Finance,Business Services,
NVSAW,New Vista Acquisition Corp. Warrant ,$0.244,-0.006,-2.40%,0,15950,Finance,Business Services,
NVTS,Navitas Semiconductor Corporation Common Stock,$8.00,0.37,4.849%,941868056,1756286,Technology,Semiconductors,
NWBI,Northwest Bancshares Inc. Common Stock,$14.09,-0.14,-0.984%,1784821203,769517,Finance,Major Banks,
NWE,NorthWestern Corporation Common Stock,$59.44,0.39,0.66%,3217662132,341859,Public Utilities,Power Generation,
NWFL,Norwood Financial Corp. Common Stock,$27.375,0.155,0.569%,224513955,6964,Finance,Major Banks,
NWL,Newell Brands Inc. Common Stock,$21.94,0.56,2.619%,9335470000,2623056,Consumer Non-Durables,Plastic Products,
NWLI,National Western Life Group Inc. Class A Common Stock,$210.45,3.64,1.76%,765200409,6104,Finance,Life Insurance,
NWPX,Northwest Pipe Company Common Stock,$28.66,0.38,1.344%,282890450,29809,Basic Industries,Steel/Iron Ore,
NWS,News Corporation Class B Common Stock,$21.44,0.06,0.281%,12610300308,577288,Consumer Services,Broadcasting,
NWSA,News Corporation Class A Common Stock,$21.10,0.09,0.428%,12410323531,2326089,Consumer Services,Broadcasting,
NXGL,NexGel Inc Common Stock,$1.78,0.05,2.89%,9905791,69806,Health Care,Medical/Dental Instruments,
NXGLW,NexGel Inc Warrant,$0.3101,-0.0398,-11.375%,0,24200,Health Care,Medical/Dental Instruments,
NXGN,NextGen Healthcare Inc. Common Stock,$19.64,0.07,0.358%,1313226616,308909,Health Care,Managed Health Care,
NXPL,NextPlat Corp Common Stock,$2.93,0.02,0.687%,27228771,12992,Technology,Computer Software: Prepackaged Software,
NXST,Nexstar Media Group Inc. Class A Common Stock,$179.75,3.81,2.166%,7370314235,466539,Consumer Services,Broadcasting,
NXTC,NextCure Inc. Common Stock,$4.88,0.11,2.306%,135294599,76215,Health Care,Biotechnology: Pharmaceutical Preparations,
NXTP,NextPlay Technologies Inc. Common Stock,$0.4622,0.0052,1.138%,52718541,202022,Technology,EDP Services,
NYMT,New York Mortgage Trust Inc. Common Stock,$3.67,0.03,0.824%,1399281980,3052788,Consumer Services,Real Estate Investment Trusts,
NYMTL,New York Mortgage Trust Inc. 6.875% Series F Fixed-to-Floating Rate Cumulative Redeemable Preferred Stock $0.01 par value per share,$22.992,0.772,3.474%,0,775,Consumer Services,Real Estate Investment Trusts,
NYMTM,New York Mortgage Trust Inc. 7.875% Series E Fixed-to-Floating Rate Cumulative Redeemable Preferred Stock,$23.92,0.105,0.441%,0,24811,Consumer Services,Real Estate Investment Trusts,
NYMTN,New York Mortgage Trust Inc. 8.00% Series D Fixed-to-Floating Rate Cumulative Redeemable Preferred Stock,$24.05,0.7564,3.247%,0,9549,Consumer Services,Real Estate Investment Trusts,
NYMTZ,New York Mortgage Trust Inc. 7.000% Series G Cumulative Redeemable Preferred Stock $0.01 par value per share,$21.78,1.305,6.374%,0,103714,Consumer Services,Real Estate Investment Trusts,
OAS,Oasis Petroleum Inc. Common Stock,$143.39,3.24,2.312%,2783034571,572536,Energy,Oil & Gas Production,
OB,Outbrain Inc. Common Stock,$10.93,0.76,7.473%,619746236,444600,Capital Goods,Industrial Machinery/Components,
OBCI,Ocean Bio-Chem Inc. Common Stock,$8.83,0,0.00%,83759605,4552,,,
OBLG,Oblong Inc. Common Stock,$0.535,0.03,5.941%,16486586,50195,Technology,Computer Software: Prepackaged Software,
OBNK,Origin Bancorp Inc. Common Stock,$44.23,0.1,0.227%,1050407124,40680,Finance,Commercial Banks,
OBT,Orange County Bancorp Inc. Common Stock,$40.775,-0.315,-0.767%,229864006,12176,Finance,Major Banks,
OCAX,OCA Acquisition Corp. Class A Common Stock,$10.04,0,0.00%,187622500,628,,,
OCAXU,OCA Acquisition Corp. Unit,$10.09,0.01,0.099%,0,6302,,,
OCAXW,OCA Acquisition Corp. Warrant,$0.163,-0.006,-3.55%,0,800,,,
OCC,Optical Cable Corporation Common Stock,$4.38,0.07,1.624%,34480078,2019,Basic Industries,Telecommunications Equipment,
OCCI,OFS Credit Company Inc. Common Stock,$12.65,-0.02,-0.158%,41047087,46180,Finance,Trusts Except Educational Religious and Charitable,
OCCIN,OFS Credit Company Inc. 5.25% Series E Term Preferred Stock Due 2026,$25.5099,0,0.00%,0,80,Finance,Trusts Except Educational Religious and Charitable,
OCCIO,OFS Credit Company Inc. 6.125% Series C Term Preferred Stock,$25.06,-0.0104,-0.041%,0,744,Finance,Trusts Except Educational Religious and Charitable,
OCDX,Ortho Clinical Diagnostics Holdings plc Ordinary Shares,$17.72,0.2,1.142%,4209023715,729012,Health Care,Biotechnology: In Vitro & In Vivo Diagnostic Substances,
OCFC,OceanFirst Financial Corp. Common Stock,$21.83,-0.1,-0.456%,1293305732,197930,Finance,Savings Institutions,
OCFCP,OceanFirst Financial Corp. Depositary Shares,$26.00,0.1,0.386%,0,2668,Finance,Savings Institutions,
OCGN,Ocugen Inc. Common Stock,$2.71,0.37,15.812%,583661968,13763731,Health Care,Biotechnology: Pharmaceutical Preparations,
OCSL,Oaktree Specialty Lending Corporation Common Stock,$7.18,0.01,0.139%,1295764785,870691,Finance,Finance: Consumer Services,
OCUL,Ocular Therapeutix Inc. Common Stock,$5.12,0.06,1.186%,392981299,392244,Health Care,Biotechnology: Pharmaceutical Preparations,
OCUP,Ocuphire Pharma Inc. Common Stock,$3.33,0.07,2.147%,62756607,197233,Health Care,Biotechnology: Pharmaceutical Preparations,
OCX,Oncocyte Corporation Common Stock,$1.15,0,0.00%,106066800,255504,Health Care,Biotechnology: Pharmaceutical Preparations,
ODFL,Old Dominion Freight Line Inc. Common Stock,$308.97,10.41,3.487%,35489469213,898821,Transportation,Trucking Freight/Courier Services,
ODP,The ODP Corporation Common Stock,$43.70,0.09,0.206%,2118877705,388487,Miscellaneous,Diversified Commercial Services,
OEG,Orbital Energy Group Inc. Common Stock,$1.50,0.11,7.914%,99978317,1722838,,,
OEPW,One Equity Partners Open Water I Corp. Class A Common Stock,$9.76,0,0.00%,420900000,34,,,
OEPWW,One Equity Partners Open Water I Corp. Warrant,$0.3286,0.0186,6.00%,0,45515,,,
OESX,Orion Energy Systems Inc. Common Stock,$2.86,0.05,1.779%,88924358,125371,Consumer Durables,Building Products,
OFED,Oconee Federal Financial Corp. Common Stock,$23.34,-1.06,-4.344%,130246583,215,Finance,Savings Institutions,
OFLX,Omega Flex Inc. Common Stock,$125.01,-0.57,-0.454%,1261891193,6726,Capital Goods,Building Products,
OFS,OFS Capital Corporation Common Stock,$11.59,-0.32,-2.687%,155565767,88983,Finance,Finance/Investors Services,
OFSSH,OFS Capital Corporation 4.95% Notes due 2028,$25.07,0.04,0.16%,0,4037,Finance,Finance Companies,
OHAAW,OPY Acquisition Corp. I Warrant,$0.4161,0.0562,15.615%,0,200,,,
OHPA,Orion Acquisition Corp. Class A common stock,$9.76,0.0227,0.233%,505080000,39710,,,
OHPAW,Orion Acquisition Corp. Warrant,$0.18,-0.0176,-8.907%,0,150720,,,
OKTA,Okta Inc. Class A Common Stock,$148.93,2.83,1.937%,23336755981,2026382,Technology,EDP Services,
OLB,The OLB Group Inc. Common Stock,$1.62,0.07,4.516%,19644833,881543,Technology,EDP Services,
OLED,Universal Display Corporation Common Stock,$154.22,7.49,5.105%,7479112186,362264,Technology,Semiconductors,
OLIT,OmniLit Acquisition Corp. Class A Common Stock,$9.98,0.01,0.10%,191283337,193188,,,
OLITU,OmniLit Acquisition Corp. Units,$10.04,-0.0101,-0.10%,0,49126,,,
OLITW,OmniLit Acquisition Corp. Warrants.,$0.2478,0,0.00%,0,800,,,
OLLI,Ollie's Bargain Outlet Holdings Inc. Common Stock,$40.59,2.5,6.563%,2562247403,1319245,Consumer Services,Department/Specialty Retail Stores,
OLMA,Olema Pharmaceuticals Inc. Common Stock,$3.89,-0.09,-2.261%,156951962,625106,Health Care,Biotechnology: Pharmaceutical Preparations,
OLPX,Olaplex Holdings Inc. Common Stock,$14.72,0.56,3.955%,9550248284,1759148,Miscellaneous,Diversified Commercial Services,
OM,Outset Medical Inc. Common Stock,$39.84,1.29,3.346%,1888689143,332734,Health Care,Biotechnology: Electromedical & Electrotherapeutic Apparatus,
OMCL,Omnicell Inc. Common Stock ($0.001 par value),$131.74,0.53,0.404%,5852072206,654027,Health Care,Managed Health Care,
OMEG,Omega Alpha SPAC Class A Ordinary Shares,$9.79,0,0.00%,173782290,37103,Finance,Business Services,
OMER,Omeros Corporation Common Stock,$5.81,0.22,3.936%,364441052,574275,Health Care,Biotechnology: Pharmaceutical Preparations,
OMEX,Odyssey Marine Exploration Inc. Common Stock,$5.85,0.13,2.273%,83608364,6597,Consumer Services,Marine Transportation,
OMGA,Omega Therapeutics Inc. Common Stock,$8.10,-0.7,-7.955%,387241973,190823,Health Care,Biotechnology: Pharmaceutical Preparations,
OMIC,Singular Genomics Systems Inc. Common Stock,$6.50,0.24,3.834%,470851823,759633,Health Care,Medical/Dental Instruments,
OMQS,OMNIQ Corp. Common Stock,$5.16,0,0.00%,38489916,3124,Technology,EDP Services,
ON,ON Semiconductor Corporation Common Stock,$56.66,2.75,5.101%,24505326595,5978753,Technology,Semiconductors,
ONB,Old National Bancorp Common Stock,$17.54,0.05,0.286%,5178167570,2415901,Finance,Major Banks,
ONBPO,Old National Bancorp Depositary Shares Each Representing a 1/40th Interest in a Share of Series C Preferred Stock,$26.05,0.23,0.891%,0,6574,Finance,Major Banks,
ONBPP,Old National Bancorp Depositary Shares Each Representing a 1/40th Interest in a Share of Series A Preferred Stock,$25.983,0.283,1.101%,0,7788,Finance,Major Banks,
ONCR,Oncorus Inc. Common Stock,$1.44,-0.01,-0.69%,37272993,79643,Consumer Durables,Specialty Chemicals,
ONCS,OncoSec Medical Incorporated Common Stock,$0.9619,-0.0036,-0.373%,37835070,46402,Health Care,Biotechnology: In Vitro & In Vivo Diagnostic Substances,
ONCT,Oncternal Therapeutics Inc. Common Stock,$1.42,0.01,0.709%,70189257,132287,Health Care,Biotechnology: Pharmaceutical Preparations,
ONDS,Ondas Holdings Inc. Common Stock,$5.21,0.2,3.992%,212509028,205295,Capital Goods,Telecommunications Equipment,
ONEM,1Life Healthcare Inc. Common Stock,$8.01,0.77,10.635%,1538644593,3335329,Technology,Computer Software: Prepackaged Software,
ONEW,OneWater Marine Inc. Class A Common Stock,$40.19,-0.23,-0.569%,556723776,180269,Basic Industries,Homebuilding,
ONTX,Onconova Therapeutics Inc. Common Stock,$1.50,0.04,2.74%,31335845,95865,Health Care,Biotechnology: Pharmaceutical Preparations,
ONVO,Organovo Holdings Inc. Common Stock,$3.83,0.11,2.957%,33342260,20218,Health Care,Biotechnology: Biological Products (No Diagnostic Substances),
ONYXU,Onyx Acquisition Co. I Unit,$10.08,0,0.00%,0,10,,,
ONYXW,Onyx Acquisition Co. I Warrant,$0.24,0.0326,15.718%,0,5400,,,
OPBK,OP Bancorp Common Stock,$13.36,-0.17,-1.256%,202241115,27866,Finance,Commercial Banks,
OPCH,Option Care Health Inc. Common Stock,$25.91,0.68,2.695%,4662204384,490229,Health Care,Medical/Nursing Services,
OPEN,Opendoor Technologies Inc Common Stock,$7.06,0.59,9.119%,4378129760,15300856,Finance,Real Estate,
OPGN,OpGen Inc. Common Stock,$0.8205,-0.0073,-0.882%,38153250,110297,Health Care,Medical Specialities,
OPHC,OptimumBank Holdings Inc. Common Stock,$4.30,0,0.00%,21059263,29718,Finance,Major Banks,
OPI,Office Properties Income Trust Common Shares of Beneficial Interest,$24.46,-0.13,-0.529%,1184491766,266820,Consumer Services,Real Estate Investment Trusts,
OPINL,Office Properties Income Trust 6.375% Senior Notes due 2050,$24.94,-0.0999,-0.399%,0,8160,Consumer Services,Building operators,
OPK,OPKO Health Inc. Common Stock,$3.32,0.27,8.852%,2262431616,4670208,Health Care,Biotechnology: In Vitro & In Vivo Diagnostic Substances,
OPNT,Opiant Pharmaceuticals Inc. Common Stock,$25.20,-0.11,-0.435%,118951182,80410,Health Care,Biotechnology: Pharmaceutical Preparations,
OPOF,Old Point Financial Corporation Common Stock,$25.00,0,0.00%,130992675,167,Finance,Major Banks,
OPRT,Oportun Financial Corporation Common Stock,$13.49,-0.5,-3.574%,431927744,112542,Finance,Finance Companies,
OPRX,OptimizeRx Corporation Common Stock,$36.69,1.42,4.026%,655849710,174331,Health Care,Managed Health Care,
OPTN,OptiNose Inc. Common Stock,$2.10,0.06,2.941%,173078023,110504,Health Care,Biotechnology: Pharmaceutical Preparations,
ORGN,Origin Materials Inc. Common Stock,$5.99,0.05,0.842%,846396398,1455566,Basic Industries,Industrial Specialties,
ORGNW,Origin Materials Inc. Warrants,$1.31,0.01,0.769%,0,4159,Basic Industries,Major Chemicals,
ORGO,Organogenesis Holdings Inc. Class A Common Stock,$7.45,0.14,1.915%,959301016,1051143,Health Care,Biotechnology: Pharmaceutical Preparations,
ORGS,Orgenesis Inc. Common Stock,$2.86,0.02,0.704%,63190184,15406,Health Care,Biotechnology: Pharmaceutical Preparations,
ORIA,Orion Biotech Opportunities Corp. Class A Ordinary Share,$9.73,0.03,0.309%,243250000,380174,Finance,Business Services,
ORIAW,Orion Biotech Opportunities Corp. Warrant,$0.47,-0.0498,-9.581%,0,26827,Finance,Business Services,
ORIC,Oric Pharmaceuticals Inc. Common Stock,$6.12,-0.18,-2.857%,241017020,576509,Health Care,Biotechnology: Pharmaceutical Preparations,
ORLY,O'Reilly Automotive Inc. Common Stock,$695.84,21.02,3.115%,46343582781,603412,Consumer Services,Other Specialty Stores,
ORRF,Orrstown Financial Services Inc Common Stock,$23.48,-0.09,-0.382%,262578014,12014,Finance,Major Banks,
OSBC,Old Second Bancorp Inc. Common Stock,$14.20,0.01,0.07%,631346839,104989,Finance,Major Banks,
OSIS,OSI Systems Inc. Common Stock (DE),$83.49,2.58,3.189%,1476022549,128509,Capital Goods,Industrial Machinery/Components,
OSPN,OneSpan Inc. Common Stock,$12.49,0.15,1.216%,499617798,362411,Technology,EDP Services,
OSS,One Stop Systems Inc. Common Stock,$3.92,0.03,0.771%,73170806,28388,Technology,Computer Manufacturing,
OSTK,Overstock.com Inc. Common Stock,$45.31,1.91,4.401%,1953737884,1437573,Consumer Services,Catalog/Specialty Distribution,
OSTR,Oyster Enterprises Acquisition Corp. Class A Common Stock,$9.775,-0.005,-0.051%,281031250,186441,,,
OSTRU,Oyster Enterprises Acquisition Corp. Unit,$9.82,-0.03,-0.305%,0,150004,,,
OSTRW,Oyster Enterprises Acquisition Corp. Warrant,$0.1901,-0.0001,-0.053%,0,44729,,,
OSUR,OraSure Technologies Inc. Common Stock,$6.66,0.04,0.604%,481549915,483759,Health Care,Medical/Dental Instruments,
OTEC,OceanTech Acquisitions I Corp. Class A Common Stock,$10.04,0,0.00%,130628030,1254,,,
OTECU,OceanTech Acquisitions I Corp. Units,$10.19,-0.3,-2.86%,0,400,,,
OTECW,OceanTech Acquisitions I Corp. Warrant,$0.14,-0.0137,-8.913%,0,5262,,,
OTIC,Otonomy Inc. Common Stock,$2.35,0.1,4.444%,133321314,147247,Health Care,Biotechnology: Pharmaceutical Preparations,
OTLK,Outlook Therapeutics Inc. Common Stock,$1.77,-0.02,-1.117%,396969010,977108,Health Care,Biotechnology: Pharmaceutical Preparations,
OTRA,OTR Acquisition Corp. Class A Common Stock,$10.195,0.005,0.049%,135002363,313,,,
OTRAU,OTR Acquisition Corp. Unit,$10.28,0,0.00%,0,58,,,
OTRAW,OTR Acquisition Corp. Warrant,$0.2799,0.0399,16.625%,0,313,,,
OTRK,Ontrak Inc. Common Stock,$1.76,0.09,5.389%,36416387,233102,Technology,Retail: Computer Software & Peripheral Equipment,
OTRKP,Ontrak Inc. 9.50% Series A Cumulative Perpetual Preferred Stock,$4.50,0.24,5.634%,0,20976,Technology,Retail: Computer Software & Peripheral Equipment,
OTTR,Otter Tail Corporation Common Stock,$62.06,1.37,2.257%,2582052349,140562,Public Utilities,Electric Utilities: Central,
OVBC,Ohio Valley Banc Corp. Common Stock,$29.83,-0.02,-0.067%,141789507,2838,Finance,Major Banks,
OVID,Ovid Therapeutics Inc. Common Stock,$3.13,-0.07,-2.188%,213128539,84731,Health Care,Biotechnology: Pharmaceutical Preparations,
OVLY,Oak Valley Bancorp (CA) Common Stock,$18.61,-0.09,-0.481%,153329632,656,Finance,Major Banks,
OXLC,Oxford Lane Capital Corp. Common Stock,$7.05,-0.07,-0.983%,966555000,2013703,Finance,Investment Managers,
OXLCL,Oxford Lane Capital Corp. 6.75% Notes due 2031,$25.38,-0.02,-0.079%,0,6298,Finance,Finance Companies,
OXLCM,Oxford Lane Capital Corp. 6.75% Series 2024 Term Preferred Stock,$25.30,0.278,1.111%,0,2916,Finance,Investment Managers,
OXLCO,Oxford Lane Capital Corp. Preferred Stock Shares 6.00% Series 2029,$24.67,-0.08,-0.323%,0,7431,Finance,Investment Managers,
OXLCP,Oxford Lane Capital Corp. 6.25% Series 2027 Term Preferred Shares,$24.6806,-0.0094,-0.038%,0,3369,Finance,Investment Managers,
OXLCZ,Oxford Lane Capital Corp. 5.00% Notes due 2027,$24.91,0,0.00%,0,1517,Finance,Finance Companies,
OXSQ,Oxford Square Capital Corp. Common Stock,$3.98,0.03,0.759%,197849330,168435,Finance,Investment Bankers/Brokers/Service,
OXSQG,Oxford Square Capital Corp. 5.50% Notes due 2028,$25.10,0,0.00%,0,135,,,
OXSQL,Oxford Square Capital Corp. 6.50% Notes due 2024,$25.10,-0.0837,-0.332%,0,2047,,,
OXSQZ,Oxford Square Capital Corp. 6.25% Notes due 2026,$25.2243,0.0242,0.096%,0,2981,Finance,Investment Bankers/Brokers/Service,
OYST,Oyster Point Pharma Inc. Common Stock,$10.94,0.27,2.53%,291365862,67877,Health Care,Biotechnology: Pharmaceutical Preparations,
OZK,Bank OZK Common Stock,$43.91,-0.02,-0.046%,5473015642,470621,Finance,Major Banks,
OZKAP,Bank OZK 4.625% Series A Non-Cumulative Perpetual Preferred Stock,$20.2795,0.3795,1.907%,0,49652,Finance,Major Banks,
PAA,Plains All American Pipeline L.P. Common Units representing Limited Partner Interests,$10.58,0.03,0.284%,7459359987,5452502,Energy,Oil & Gas Production,
PACB,Pacific Biosciences of California Inc. Common Stock,$9.16,0.73,8.66%,2026031306,5003917,Health Care,Biotechnology: Electromedical & Electrotherapeutic Apparatus,
PACW,PacWest Bancorp Common Stock,$44.00,-0.44,-0.99%,5263841352,1063922,Finance,Major Banks,
PACX,Pioneer Merger Corp. Class A Ordinary Share,$9.79,-0.01,-0.102%,492559375,2250,Finance,Business Services,
PACXU,Pioneer Merger Corp. Unit,$9.895,0,0.00%,0,40,Finance,Business Services,
PACXW,Pioneer Merger Corp. Warrant,$0.3502,0,0.00%,0,20,Finance,Business Services,
PAFO,Pacifico Acquisition Corp. Common Stock,$9.97,0.03,0.302%,74725150,14773,,,
PAFOR,Pacifico Acquisition Corp. Rights,$0.29,0.03,11.538%,0,300,,,
PAFOU,Pacifico Acquisition Corp. Units,$10.19,0,0.00%,0,100,,,
PAGP,Plains GP Holdings L.P. Class A Units representing Limited Partner Interests,$11.09,-0.09,-0.805%,2153597897,2515370,Energy,Oil & Gas Production,
PAHC,Phibro Animal Health Corporation Class A Common Stock,$20.00,-0.15,-0.744%,810072160,91480,,,
PALI,Palisade Bio Inc. Common Stock,$1.18,0.2125,21.964%,19988229,1286122,Health Care,Biotechnology: Pharmaceutical Preparations,
PALT,Paltalk Inc. Common Stock,$2.47,0.15,6.466%,24210404,131066,Technology,EDP Services,
PANA,Panacea Acquisition Corp. II Class A Ordinary Shares,$9.70,0,0.00%,228386500,2,Finance,Business Services,
PANL,Pangaea Logistics Solutions Ltd. Common Shares,$5.40,0.41,8.216%,246463781,826909,Transportation,Marine Transportation,
PANW,Palo Alto Networks Inc. Common Stock,$540.06,14.75,2.808%,53187481284,1267473,Technology,EDP Services,
PARA,Paramount Global Class B Common Stock,$35.21,-0.56,-1.566%,22836666372,13138000,Consumer Services,Broadcasting,
PARAA,Paramount Global Class A Common Stock,$38.10,-0.53,-1.372%,24711076079,75992,Consumer Services,Broadcasting,
PARAP,Paramount Global 5.75% Series A Mandatory Convertible Preferred Stock,$53.76,-1.84,-3.309%,0,45928,Consumer Services,Broadcasting,
PASG,Passage Bio Inc. Common Stock,$2.85,0.04,1.423%,154734169,264134,Health Care,Biotechnology: Pharmaceutical Preparations,
PATI,Patriot Transportation Holding Inc. Common Stock,$7.98,-0.03,-0.375%,27537352,9046,Transportation,Trucking Freight/Courier Services,
PATK,Patrick Industries Inc. Common Stock,$66.36,2.52,3.947%,1549714105,127924,Consumer Services,Other Specialty Stores,
PAVM,PAVmed Inc. Common Stock,$1.18,0.02,1.724%,103762723,717875,Health Care,Industrial Specialties,
PAVMZ,PAVmed Inc. Series Z Warrant,$0.74,0.02,2.778%,0,14404,Health Care,Industrial Specialties,
PAYA,Paya Holdings Inc. Class A Common Stock,$5.12,0.23,4.703%,675941468,711873,Technology,Computer Software: Prepackaged Software,
PAYO,Payoneer Global Inc. Common Stock,$4.20,0.26,6.599%,1435704068,3837239,Technology,EDP Services,
PAYOW,Payoneer Global Inc. Warrant,$1.22,0.02,1.667%,0,3207,Technology,EDP Services,
PAYS,Paysign Inc. Common Stock,$2.16,0.07,3.349%,111654573,76797,Technology,EDP Services,
PAYX,Paychex Inc. Common Stock,$121.82,1.93,1.61%,43947416522,1321844,Miscellaneous,Business Services,
PBAX,Phoenix Biotech Acquisition Corp. Class A Common Stock,$9.97,0,0.00%,229123063,11,,,
PBAXU,Phoenix Biotech Acquisition Corp. Unit,$10.085,0,0.00%,0,9,,,
PBAXW,Phoenix Biotech Acquisition Corp. Warrants,$0.3099,0,0.00%,0,130,,,
PBBK,PB Bankshares Inc. Common Stock,$13.85,0,0.00%,38464913,201,Finance,Banks,
PBCT,People's United Financial Inc. Common Stock,$20.62,-0.01,-0.048%,8859821897,3561348,Finance,Savings Institutions,
PBCTP,People's United Financial Inc. Perpetual Preferred Series A Fixed-to-floating Rate,$24.88,-0.18,-0.718%,0,31955,Finance,Savings Institutions,
PBFS,Pioneer Bancorp Inc. Common Stock,$10.46,-0.09,-0.853%,271726522,6868,Finance,Commercial Banks,
PBHC,Pathfinder Bancorp Inc. Common Stock (MD),$18.04,0.34,1.921%,107941745,1243,Finance,Banks,
PBIP,Prudential Bancorp Inc. Common Stock,$16.87,-0.11,-0.648%,131112931,69616,Finance,Banks,
PBLA,Panbela Therapeutics Inc. Common Stock,$1.70,0,0.00%,22854327,4637,Health Care,Biotechnology: Pharmaceutical Preparations,
PBPB,Potbelly Corporation Common Stock,$6.41,0.33,5.428%,184358523,76314,Consumer Services,Restaurants,
PBYI,Puma Biotechnology Inc Common Stock,$2.72,0.26,10.569%,112425542,408418,Health Care,Biotechnology: Pharmaceutical Preparations,
PCAR,PACCAR Inc. Common Stock,$87.67,0.51,0.585%,30471636802,1514439,Capital Goods,Auto Manufacturing,
PCB,PCB Bancorp Common Stock,$22.64,-0.27,-1.179%,337645262,25994,Finance,Major Banks,
PCCT,Perception Capital Corp. II Class A Ordinary Shares,$9.98,0,0.00%,286925000,14756,,,
PCCTU,Perception Capital Corp. II Units,$10.01,-0.13,-1.282%,0,3406,,,
PCCTW,Perception Capital Corp. II Warrants,$0.20,0.0381,23.533%,0,600,,,
PCH,PotlatchDeltic Corporation Common Stock,$54.38,-0.44,-0.803%,3756783189,274760,Consumer Services,Real Estate Investment Trusts,
PCRX,Pacira BioSciences Inc. Common Stock,$70.59,0.06,0.085%,3165801120,535051,Health Care,Biotechnology: Pharmaceutical Preparations,
PCSA,Processa Pharmaceuticals Inc. Common Stock,$3.46,-0.06,-1.705%,54377346,7394,Health Care,Biotechnology: Pharmaceutical Preparations,
PCSB,PCSB Financial Corporation Common Stock,$19.06,-0.09,-0.47%,292282374,26367,Finance,Banks,
PCT,PureCycle Technologies Inc. Common stock,$8.83,0.42,4.994%,1127148926,866820,Public Utilities,Environmental Services,
PCTI,PCTEL Inc. Common Stock,$4.41,-0.08,-1.782%,80435697,31678,Technology,Radio And Television Broadcasting And Communications Equipment,
PCTTU,PureCycle Technologies Inc. Unit,$10.58,-0.4,-3.643%,0,2201,Public Utilities,Environmental Services,
PCTTW,PureCycle Technologies Inc. Warrant,$3.20,0.15,4.918%,0,22763,Public Utilities,Environmental Services,
PCTY,Paylocity Holding Corporation Common Stock,$189.59,6.72,3.675%,10448369929,239985,Technology,Computer Software: Prepackaged Software,
PCVX,Vaxcyte Inc. Common Stock,$24.89,0.83,3.45%,1401574592,135089,Health Care,Biotechnology: Pharmaceutical Preparations,
PCX,Parsec Capital Acquisitions Corp Class A Common Stock,$9.97,0,0.00%,107489063,6,,,
PCXCW,Parsec Capital Acquisitions Corp Warrant,$0.2312,-0.0088,-3.667%,0,756,,,
PCYG,Park City Group Inc. Common Stock,$5.88,0.13,2.261%,114422083,142011,Technology,EDP Services,
PCYO,Pure Cycle Corporation Common Stock,$11.59,0.08,0.695%,277487409,35461,Public Utilities,Water Supply,
PDCE,PDC Energy Inc. Common Stock (Delaware),$64.62,-1.43,-2.165%,6228352303,1078920,Energy,Oil & Gas Production,
PDCO,Patterson Companies Inc. Common Stock,$30.96,0.15,0.487%,3022377120,427904,Health Care,Medical Specialities,
PDEX,Pro-Dex Inc. Common Stock,$15.94,0.02,0.126%,57852732,8185,Health Care,Medical/Dental Instruments,
PDFS,PDF Solutions Inc. Common Stock,$25.63,-0.23,-0.889%,966433255,102665,Technology,EDP Services,
PDLB,Ponce Financial Group Inc. Common Stock,$10.57,0.01,0.095%,261205565,68255,,,
PDSB,PDS Biotechnology Corporation Common Stock,$5.46,0.38,7.48%,155271152,189447,Health Care,Biotechnology: Pharmaceutical Preparations,
PEAR,Pear Therapeutics Inc. Class A Common Stock,$4.54,0.36,8.612%,625608450,177787,Technology,Computer Software: Prepackaged Software,
PEARW,Pear Therapeutics Inc. Warrant,$0.63,0.0567,9.89%,0,67893,Technology,Computer Software: Prepackaged Software,
PEBK,Peoples Bancorp of North Carolina Inc. Common Stock,$28.41,-0.04,-0.141%,160845175,4549,Finance,Major Banks,
PEBO,Peoples Bancorp Inc. Common Stock,$32.64,-0.02,-0.061%,921657051,77736,Finance,Major Banks,
PECO,Phillips Edison & Company Inc. Common Stock,$33.82,0.82,2.485%,3835188000,1900955,Consumer Services,Real Estate Investment Trusts,
PEGA,Pegasystems Inc. Common Stock,$73.54,1.27,1.757%,6003205881,775517,Technology,EDP Services,
PEGRU,Project Energy Reimagined Acquisition Corp. Unit,$9.8868,0.0368,0.374%,0,8710,,,
PEGRW,Project Energy Reimagined Acquisition Corp. Warrant,$0.503,0.0929,22.653%,0,480,,,
PENN,Penn National Gaming Inc. Common Stock,$42.23,1.93,4.789%,7108264116,4680073,Consumer Services,Movies/Entertainment,
PEP,PepsiCo Inc. Common Stock,$159.00,3.11,1.995%,219968772600,6203188,Consumer Non-Durables,Beverages (Production/Distribution),
PEPL,PepperLime Health Acquisition Corporation Class A Ordinary Share,$9.82,-0.01,-0.102%,166940000,211718,,,
PEPLU,PepperLime Health Acquisition Corporation Unit,$10.27,-0.15,-1.44%,0,300,,,
PEPLW,PepperLime Health Acquisition Corporation Warrrant,$0.4584,0.1273,38.448%,0,184274,,,
PESI,Perma-Fix Environmental Services Inc. Common Stock,$5.67,-0.1,-1.733%,74928540,33533,Public Utilities,Environmental Services,
PETQ,PetIQ Inc. Class A Common Stock,$23.32,0.36,1.568%,679951687,291312,Health Care,Biotechnology: Pharmaceutical Preparations,
PETS,PetMed Express Inc. Common Stock,$26.39,-0.19,-0.715%,553623380,318259,Health Care,Medical/Nursing Services,
PETV,PetVivo Holdings Inc. Common Stock,$1.70,0.07,4.294%,16617888,71673,Health Care,Medical/Dental Instruments,
PETVW,PetVivo Holdings Inc. Warrant,$0.31,0.0001,0.032%,0,33496,Health Care,Medical/Dental Instruments,
PFBC,Preferred Bank Common Stock,$76.61,-0.1,-0.13%,1124574661,86451,Finance,Major Banks,
PFC,Premier Financial Corp. Common Stock,$32.11,-0.2,-0.619%,1150068907,206720,Finance,Savings Institutions,
PFDR,Pathfinder Acquisition Corporation Class A Ordinary Shares,$9.745,-0.015,-0.154%,395890625,193227,Technology,Computer Software: Prepackaged Software,
PFDRU,Pathfinder Acquisition Corporation Unit,$9.83,0,0.00%,0,2413,Finance,Business Services,
PFDRW,Pathfinder Acquisition Corporation Warrant,$0.242,0.0123,5.355%,0,2136,Technology,Computer Software: Prepackaged Software,
PFG,Principal Financial Group Inc Common Stock,$67.48,1.27,1.918%,17627633387,2786127,Finance,Specialty Insurers,
PFHD,Professional Holding Corp. Class A Common stock,$21.40,-0.05,-0.233%,288115198,17752,Finance,Major Banks,
PFIE,Profire Energy Inc. Common Stock,$1.13,-0.03,-2.586%,53691796,405015,Energy,Oil & Gas Production,
PFIN,P & F Industries Inc. Class A Common Stock,$6.01,-0.01,-0.166%,19119529,381,Capital Goods,Industrial Machinery/Components,
PFIS,Peoples Financial Services Corp. Common Stock,$50.13,1.08,2.202%,359400618,8402,Finance,Major Banks,
PFLT,PennantPark Floating Rate Capital Ltd. Common Stock,$13.08,-0.02,-0.153%,512092386,395870,Finance,Finance/Investors Services,
PFMT,Performant Financial Corporation Common Stock,$2.00,0.03,1.523%,138288672,153920,Health Care,Managed Health Care,
PFSW,PFSweb Inc. Common Stock,$11.56,0,0.00%,256173947,139705,Miscellaneous,Business Services,
PFTA,Portage Fintech Acquisition Corporation Class A Ordinary Share,$9.69,0,0.00%,313851581,97,,,
PFTAU,Portage Fintech Acquisition Corporation Unit,$9.75,0,0.00%,0,55,,,
PFX,PhenixFIN Corporation Common Stock,$39.62,-0.0206,-0.052%,99198377,890,Finance,Investment Managers,
PFXNL,PhenixFIN Corporation 6.125% Senior Notes due 2023,$25.59,0.26,1.026%,0,1651,Finance,Investment Managers,
PFXNZ,PhenixFIN Corporation  5.25% Notes due 2028,$25.00,-0.1,-0.398%,0,4209,,,
PGC,Peapack-Gladstone Financial Corporation Common Stock,$36.86,-0.71,-1.89%,677998712,80517,Finance,Commercial Banks,
PGEN,Precigen Inc. Common Stock,$1.94,0.03,1.571%,401447773,2336547,Health Care,Biotechnology: Commercial Physical & Biological Resarch,
PGNY,Progyny Inc. Common Stock,$41.96,1.81,4.508%,3828209984,667697,Health Care,Managed Health Care,
PGRW,Progress Acquisition Corp. Class A Common Stock,$9.82,-0.02,-0.203%,213216750,10282,,,
PGRWU,Progress Acquisition Corp. Units,$9.90,0,0.00%,0,525,,,
PGRWW,Progress Acquisition Corp. Warrant,$0.21,0,0.00%,0,15770,,,
PHAS,PhaseBio Pharmaceuticals Inc. Common Stock,$0.9709,-0.0191,-1.929%,46690564,241604,Health Care,Biotechnology: Pharmaceutical Preparations,
PHAT,Phathom Pharmaceuticals Inc. Common Stock,$11.55,-0.68,-5.56%,366282170,87454,Health Care,Biotechnology: Pharmaceutical Preparations,
PHIC,Population Health Investment Co. Inc. Class A Ordinary Share,$9.80,0,0.00%,211312500,231875,Finance,Business Services,
PHICW,Population Health Investment Co. Inc. Warrant,$0.3593,-0.0406,-10.153%,0,200,Finance,Business Services,
PHIO,Phio Pharmaceuticals Corp. Common Stock,$0.8001,0.0699,9.573%,10829107,415258,Health Care,Biotechnology: Pharmaceutical Preparations,
PI,Impinj Inc. Common Stock,$58.01,4.05,7.506%,1436598971,240380,Public Utilities,Telecommunications Equipment,
PIII,P3 Health Partners Inc. Class A Common Stock,$6.64,0.15,2.311%,1617529318,75039,,,
PIIIW,P3 Health Partners Inc. Warrant,$1.2514,-0.0386,-2.992%,0,350,,,
PIK,Kidpik Corp. Common Stock,$1.55,-0.03,-1.899%,11807643,100406,Consumer Non-Durables,Department/Specialty Retail Stores,
PINC,Premier Inc. Class A Common Stock,$35.70,0.47,1.334%,4251259280,354373,Health Care,Managed Health Care,
PIXY,ShiftPixy Inc. Common Stock,$0.64,0.0167,2.679%,21543393,982901,Technology,Diversified Commercial Services,
PKBK,Parke Bancorp Inc. Common Stock,$22.99,-0.18,-0.777%,273445842,11149,Finance,Major Banks,
PKOH,Park-Ohio Holdings Corp. Common Stock,$15.09,0.43,2.933%,190135373,26648,Capital Goods,Office Equipment/Supplies/Services,
PLAB,Photronics Inc. Common Stock,$16.37,0.12,0.738%,1010510933,625057,Technology,Semiconductors,
PLAY,Dave & Buster's Entertainment Inc. Common Stock,$39.82,1.08,2.788%,1928196692,571659,Consumer Services,Movies/Entertainment,
PLBC,Plumas Bancorp,$36.85,0.99,2.761%,214356450,19263,Finance,Finance Companies,
PLBY,PLBY Group Inc. Common Stock,$13.61,-0.06,-0.439%,579930116,846642,Consumer Non-Durables,Recreational Products/Toys,
PLCE,Children's Place Inc. (The) Common Stock,$51.94,0.4,0.776%,745956515,524720,Consumer Services,Clothing/Shoe/Accessory Stores,
PLL,Piedmont Lithium Inc. Common Stock,$63.06,-0.02,-0.032%,1003201172,525150,Basic Industries,Precious Metals,
PLMI,Plum Acquisition Corp. I Class A Ordinary Share,$9.7203,-0.0097,-0.10%,387859829,150,Finance,Business Services,
PLMIU,Plum Acquisition Corp. I Units,$9.77,0,0.00%,0,1,Finance,Business Services,
PLMIW,Plum Acquisition Corp. I Warrant,$0.3357,-0.0143,-4.086%,0,4591,Finance,Business Services,
PLMR,Palomar Holdings Inc. Common stock,$61.02,1.86,3.144%,1552233960,175138,Finance,Property-Casualty Insurers,
PLPC,Preformed Line Products Company Common Stock,$61.05,1.66,2.795%,299746648,10775,Basic Industries,Telecommunications Equipment,
PLRX,Pliant Therapeutics Inc. Common Stock,$7.56,-0.11,-1.434%,273018219,53789,Consumer Durables,Specialty Chemicals,
PLSE,Pulse Biosciences Inc Common Stock (DE),$4.66,0.45,10.689%,138081779,171574,Health Care,Medical/Dental Instruments,
PLUG,Plug Power Inc. Common Stock,$23.09,0.6,2.668%,13342828754,18189190,Consumer Durables,Electrical Products,
PLUS,ePlus inc. Common Stock,$52.91,1.08,2.084%,1422602599,179780,Technology,Retail: Computer Software & Peripheral Equipment,
PLXP,PLx Pharma Inc. Common Stock,$3.57,0.03,0.847%,98307551,622540,Health Care,Biotechnology: Pharmaceutical Preparations,
PLXS,Plexus Corp. Common Stock,$82.21,1.08,1.331%,2309837024,114817,Technology,Electrical Products,
PMCB,PharmaCyte  Biotech Inc. Common Stock,$2.08,0.04,1.961%,43088872,89395,Health Care,Biotechnology: Biological Products (No Diagnostic Substances),
PMD,Psychemedics Corporation,$6.61,-0.22,-3.221%,36634154,3554,Health Care,Medical Specialities,
PMGM,Priveterra Acquisition Corp. Class A Common Stock,$9.78,0.015,0.154%,337410000,150320,,,
PMGMU,Priveterra Acquisition Corp. Units,$9.85,0.05,0.51%,0,150100,,,
PMGMW,Priveterra Acquisition Corp. Warrant,$0.25,-0.04,-13.793%,0,8700,,,
PMTS,CPI Card Group Inc. Common Stock,$13.13,1.09,9.053%,147784269,21631,Finance,Finance Companies,
PMVP,PMV Pharmaceuticals Inc. Common Stock,$17.06,-0.58,-3.288%,775388925,566455,Consumer Durables,Specialty Chemicals,
PNBK,Patriot National Bancorp Inc. Common Stock,$16.00,-0.3,-1.84%,63303872,576,Finance,Major Banks,
PNFP,Pinnacle Financial Partners Inc. Common Stock,$94.87,0.73,0.775%,7237741685,344716,Finance,Major Banks,
PNFPP,Pinnacle Financial Partners Inc. Depositary shares of Pinnacle Financial Partners Inc. each representing a 1/40th Interest in a share of its 6.75% Fixed-Rate Non-Cumulative Perpetual Preferred Stock Series B,$25.942,0.242,0.942%,0,3338,Finance,Major Banks,
PNNT,PennantPark Investment Corporation Common Stock,$7.57,-0.1,-1.304%,507531445,499698,Finance,Finance/Investors Services,
PNRG,PrimeEnergy Resources Corporation Common Stock,$73.70,-5.265,-6.668%,146970845,5470,Energy,Oil & Gas Production,
PNT,POINT Biopharma Global Inc. Common Stock,$6.30,0.4,6.78%,567767302,160694,Consumer Durables,Specialty Chemicals,
PNTG,The Pennant Group Inc. Common Stock ,$14.52,0.68,4.913%,414249153,166533,Health Care,Hospital/Nursing Management,
POAI,Predictive Oncology Inc. Common Stock,$0.92,0.01,1.099%,14187326,178698,Health Care,Medical/Dental Instruments,
PODD,Insulet Corporation Common Stock,$216.07,4.11,1.939%,14955851153,992271,Health Care,Medical/Dental Instruments,
POLA,Polar Power Inc. Common Stock,$3.72,0.01,0.27%,47572115,268810,Capital Goods,Industrial Machinery/Components,
PONO,Pono Capital Corp Class A Common Stock,$10.04,0,0.00%,144325000,6326,,,
PONOW,Pono Capital Corp Warrant,$0.2401,0.0102,4.437%,0,210,,,
POOL,Pool Corporation Common Stock,$452.81,11.73,2.659%,18188518719,185034,Consumer Non-Durables,Recreational Products/Toys,
POSH,Poshmark Inc. Class A Common Stock,$11.14,0.15,1.365%,857813732,2571592,Consumer Non-Durables,Department/Specialty Retail Stores,
POW,Powered Brands Class A Ordinary Shares,$9.80,0.01,0.102%,338100000,37136,Finance,Business Services,
POWI,Power Integrations Inc. Common Stock,$88.00,3.96,4.712%,5205969736,343192,Technology,Semiconductors,
POWL,Powell Industries Inc. Common Stock,$20.78,0.05,0.241%,244452658,45296,Consumer Durables,Electrical Products,
POWRU,Powered Brands Units,$9.88,-0.02,-0.202%,0,1251,Finance,Business Services,
POWRW,Powered Brands Warrants,$0.3199,-0.1451,-31.204%,0,22108,Finance,Business Services,
POWW,AMMO Inc. Common Stock,$4.43,0.01,0.226%,511781970,868362,Capital Goods,Military/Government/Technical,
POWWP,AMMO Inc. 8.75% Series A Cumulative Redeemable Perpetual Preferred Stock,$27.82,0.4698,1.718%,0,5256,Capital Goods,Military/Government/Technical,
PPBI,Pacific Premier Bancorp Inc,$36.93,-0.24,-0.646%,3485636610,264099,Finance,Major Banks,
PPC,Pilgrim's Pride Corporation Common Stock,$22.85,-0.11,-0.479%,5573027485,1046757,Consumer Non-Durables,Meat/Poultry/Fish,
PPIH,Perma-Pipe International Holdings Inc. Common Stock,$9.01,-0.15,-1.638%,72681057,4011,,,
PPSI,Pioneer Power Solutions Inc. Common Stock,$5.81,0.22,3.936%,56011566,213544,Consumer Durables,Electrical Products,
PPYA,Papaya Growth Opportunity Corp. I Class A Common Stock,$9.88,0,0.00%,371926425,72,,,
PPYAU,Papaya Growth Opportunity Corp. I Unit,$10.0035,-0.0465,-0.463%,0,9483,,,
PPYAW,Papaya Growth Opportunity Corp. I Warrant,$0.1701,0,0.00%,0,10,,,
PRAA,PRA Group Inc. Common Stock,$44.07,0.22,0.502%,1793010955,193369,Technology,Advertising,
PRAX,Praxis Precision Medicines Inc. Common Stock,$10.55,-0.36,-3.30%,479894328,180521,Health Care,Biotechnology: Pharmaceutical Preparations,
PRCH,Porch Group Inc. Common Stock,$6.64,0.66,11.037%,650824613,1798389,Technology,Computer Software: Prepackaged Software,
PRCT,PROCEPT BioRobotics Corporation Common Stock,$29.30,4.56,18.432%,1274457148,457918,Health Care,Medical Specialities,
PRDO,Perdoceo Education Corporation Common Stock,$11.08,0.08,0.727%,761735175,815182,Miscellaneous,Other Consumer Services,
PRDS,Pardes Biosciences Inc. Common Stock,$5.88,0.24,4.255%,366788496,181883,Consumer Durables,Specialty Chemicals,
PRFT,Perficient Inc. Common Stock,$101.62,4.81,4.968%,3513155220,192612,Technology,EDP Services,
PRGS,Progress Software Corporation Common Stock (DE),$43.91,0.71,1.644%,1940002552,213467,Technology,Computer Software: Prepackaged Software,
PRIM,Primoris Services Corporation Common Stock,$26.74,-0.09,-0.335%,1423081060,570401,Basic Industries,Water Sewer Pipeline Comm & Power Line Construction,
PRLD,Prelude Therapeutics Incorporated Common Stock,$7.15,-0.6,-7.742%,337589767,321343,Consumer Durables,Specialty Chemicals,
PRLH,Pearl Holdings Acquisition Corp Class A Ordinary Shares,$9.89,0,0.00%,247559063,1,,,
PROG,Progenity Inc. Common Stock,$1.19,0.08,7.207%,194861972,3858642,Consumer Durables,Specialty Chemicals,
PROV,Provident Financial Holdings Inc. Common Stock,$16.40,0,0.00%,120860899,2017,Finance,Savings Institutions,
PRPH,ProPhase Labs Inc. Common Stock (DE),$6.43,-0.13,-1.982%,99574337,11064,Health Care,Biotechnology: Pharmaceutical Preparations,
PRPL,Purple Innovation Inc. Common Stock,$6.81,0.33,5.093%,453006525,737170,Consumer Durables,Home Furnishings,
PRPO,Precipio Inc.  Common Stock,$1.27,-0.01,-0.781%,28839594,37565,Capital Goods,Biotechnology: Laboratory Analytical Instruments,
PRSO,Peraso Inc. Common Stock,$2.08,0.015,0.726%,41087723,89318,,,
PRSR,Prospector Capital Corp. Class A Ordinary Shares,$9.78,-0.0009,-0.009%,397312500,9306,Finance,Business Services,
PRSRU,Prospector Capital Corp. Unit,$9.89,0.005,0.051%,0,5745,Finance,Business Services,
PRSRW,Prospector Capital Corp. Warrants,$0.37,0.0195,5.563%,0,11115,Finance,Business Services,
PRTA,Prothena Corporation plc Ordinary Shares,$33.33,1.39,4.352%,1556035548,257767,Health Care,Biotechnology: Pharmaceutical Preparations,
PRTH,Priority Technology Holdings Inc. Common Stock,$5.52,0.21,3.955%,423025978,42389,Technology,EDP Services,
PRTK,Paratek Pharmaceuticals Inc. Common Stock,$3.12,-0.105,-3.256%,156589215,293021,Health Care,Biotechnology: Pharmaceutical Preparations,
PRTS,CarParts.com Inc. Common Stock,$7.13,0.32,4.699%,355716085,833478,Consumer Services,Other Specialty Stores,
PRVA,Privia Health Group Inc. Common Stock,$22.57,1.4,6.613%,2403672183,895475,Technology,Retail: Computer Software & Peripheral Equipment,
PRVB,Provention Bio Inc. Common Stock,$6.98,0.68,10.794%,442355671,754660,Health Care,Biotechnology: Pharmaceutical Preparations,
PSAG,Property Solutions Acquisition Corporation II Class A Common Stock,$9.7303,-0.0047,-0.048%,392753829,771,,,
PSAGU,Property Solutions Acquisition Corporation II Units,$9.75,-0.0196,-0.201%,0,2000,,,
PSAGW,Property Solutions Acquisition Corporation II Warrant,$0.1881,-0.0139,-6.881%,0,3007,,,
PSEC,Prospect Capital Corporation Common Stock,$7.97,0.09,1.142%,3115825840,1263320,Finance,Finance/Investors Services,
PSMT,PriceSmart Inc. Common Stock,$77.19,1.41,1.861%,2382267961,107585,Consumer Services,Department/Specialty Retail Stores,
PSNL,Personalis Inc. Common Stock,$7.56,-0.02,-0.264%,339822824,437524,Health Care,Biotechnology: In Vitro & In Vivo Diagnostic Substances,
PSTV,PLUS THERAPEUTICS Inc. Common Stock ,$0.96,0.04,4.348%,21288024,108593,Health Care,Medical/Dental Instruments,
PSTX,Poseida Therapeutics Inc. Common Stock,$3.81,0.03,0.794%,238303685,99559,Consumer Durables,Specialty Chemicals,
PTC,PTC Inc. Common Stock,$105.95,4.44,4.374%,12391084425,656610,Technology,Computer Software: Prepackaged Software,
PTCT,PTC Therapeutics Inc. Common Stock,$34.22,0.37,1.093%,2442023758,448067,Health Care,Biotechnology: Pharmaceutical Preparations,
PTE,PolarityTE Inc. Common Stock,$0.3487,-0.0053,-1.497%,28924229,139902,Consumer Durables,Specialty Chemicals,
PTEN,Patterson-UTI Energy Inc. Common Stock,$14.73,-0.6,-3.914%,3170865013,4548564,Energy,Oil & Gas Production,
PTGX,Protagonist Therapeutics Inc. Common Stock,$25.82,0.93,3.736%,1250037990,289915,Health Care,Biotechnology: Pharmaceutical Preparations,
PTIC,PropTech Investment Corporation II Class A Common Stock,$9.80,-0.01,-0.102%,281750000,210829,,,
PTICU,PropTech Investment Corporation II Unit,$9.85,-0.02,-0.203%,0,1000,,,
PTICW,PropTech Investment Corporation II Warrant,$0.31,0,0.00%,0,800,,,
PTIX,Protagenic Therapeutics Inc. Common Stock,$0.812,0.01,1.247%,13768123,70520,Health Care,Biotechnology: Pharmaceutical Preparations,
PTLO,Portillo's Inc. Class A Common Stock,$23.75,1.25,5.556%,850420311,467763,Consumer Services,Restaurants,
PTMN,Portman Ridge Finance Corporation Common Stock,$24.08,-0.25,-1.028%,233568656,79830,Finance,Finance/Investors Services,
PTOC,Pine Technology Acquisition Corp. Class A Common Stock,$9.71,-0.015,-0.154%,418743750,17658,,,
PTOCW,Pine Technology Acquisition Corp. Warrant,$0.165,0,0.00%,0,18876,,,
PTON,Peloton Interactive Inc. Class A Common Stock,$22.61,2.41,11.931%,7497480432,13292021,Consumer Services,Other Consumer Services,
PTPI,Petros Pharmaceuticals Inc. Common Stock,$1.08,-0.01,-0.917%,22339501,546995,Health Care,Biotechnology: Pharmaceutical Preparations,
PTRA,Proterra Inc. Common Stock,$6.89,0.23,3.453%,1529304400,2543770,Capital Goods,Auto Manufacturing,
PTRS,Partners Bancorp Common Stock,$9.69,-0.05,-0.513%,173854143,19321,Finance,Major Banks,
PTSI,P.A.M. Transportation Services Inc. Common Stock,$70.79,3.59,5.342%,785769000,24776,Transportation,Trucking Freight/Courier Services,
PTVE,Pactiv Evergreen Inc. Common stock,$9.59,0.13,1.374%,1701206839,235027,Consumer Durables,Containers/Packaging,
PUBM,PubMatic Inc. Class A Common Stock,$19.41,0.64,3.41%,928312443,848577,Technology,Computer Software: Prepackaged Software,
PUCK,Goal Acquisitions Corp. Common Stock,$9.74,0,0.00%,322990575,27205,,,
PUCKU,Goal Acquisitions Corp. Unit,$9.95,-0.04,-0.40%,0,1095,,,
PUCKW,Goal Acquisitions Corp. Warrant,$0.24,-0.01,-4.00%,0,1100,,,
PULM,Pulmatrix Inc. Common Stock,$6.04,0.01,0.166%,19921738,51221,Health Care,Biotechnology: Pharmaceutical Preparations,
PVBC,Provident Bancorp Inc. (MD) Common Stock,$15.53,0.19,1.239%,277282699,31425,Finance,Major Banks,
PWFL,PowerFleet Inc. Common Stock,$2.97,0.06,2.062%,106780731,77567,Capital Goods,Telecommunications Equipment,
PWOD,Penns Woods Bancorp Inc. Common Stock,$24.02,-0.07,-0.291%,169918537,3815,Finance,Major Banks,
PWP,Perella Weinberg Partners Class A Common Stock,$9.09,0.01,0.11%,895370281,985785,Finance,Investment Bankers/Brokers/Service,
PWUPU,PowerUp Acquisition Corp. Unit,$10.005,0.005,0.05%,0,100,,,
PXLW,Pixelworks Inc.  Common Stock,$2.65,0.16,6.426%,143010594,491009,Technology,Semiconductors,
PYCR,Paycor HCM Inc. Common Stock,$26.44,1.21,4.796%,4624435452,452576,Technology,Computer Software: Prepackaged Software,
PYPL,PayPal Holdings Inc. Common Stock,$100.46,3.59,3.706%,117036393560,18005476,Miscellaneous,Business Services,
PYXS,Pyxis Oncology Inc. Common Stock,$4.55,0,0.00%,149075686,88690,Health Care,Biotechnology: Pharmaceutical Preparations,
PZZA,Papa John's International Inc. Common Stock,$98.52,1.64,1.693%,3548532768,492388,Consumer Services,Restaurants,
QCOM,QUALCOMM Incorporated Common Stock,$144.21,2.92,2.067%,162524670000,13885555,Technology,Computer peripheral equipment,
QCRH,QCR Holdings Inc. Common Stock,$55.71,0.69,1.254%,869825857,81105,Finance,Major Banks,
QDEL,Quidel Corporation Common Stock,$103.68,1.69,1.657%,4331606596,525976,Health Care,Biotechnology: In Vitro & In Vivo Diagnostic Substances,
QIPT,Quipt Home Medical Corp. Common Shares,$4.50,-0.11,-2.386%,150093000,29869,,,
QLGN,Qualigen Therapeutics Inc. Common Stock,$0.57,0.02,3.636%,20113874,186996,Health Care,Biotechnology: Commercial Physical & Biological Resarch,
QLYS,Qualys Inc. Common Stock,$122.92,6.39,5.484%,4797495692,393230,Technology,EDP Services,
QMCO,Quantum Corporation Common Stock,$2.50,0.09,3.734%,150288625,305501,Technology,Electronic Components,
QNST,QuinStreet Inc. Common Stock,$11.61,0.12,1.044%,633365380,256991,Technology,Advertising,
QQQX,Nuveen NASDAQ 100 Dynamic Overwrite Fund Shares of Beneficial Interest,$24.91,0.11,0.444%,1124307943,142799,Finance,Finance Companies,
QRHC,Quest Resource Holding Corporation Common Stock,$6.50,0.2,3.175%,123636149,17371,Capital Goods,Building Products,
QRTEA,Qurate Retail Inc. Series A Common Stock ,$4.96,0.12,2.479%,1881307535,4047361,Consumer Services,Catalog/Specialty Distribution,
QRTEB,Qurate Retail Inc. Series B Common Stock ,$5.13,0,0.00%,1945787834,191,Consumer Services,Catalog/Specialty Distribution,
QRTEP,Qurate Retail Inc. 8.0% Fixed Rate Cumulative Redeemable Preferred Stock,$81.00,0.05,0.062%,0,30227,Consumer Services,Catalog/Specialty Distribution,
QRVO,Qorvo Inc. Common Stock,$121.46,2.85,2.403%,13170105415,1444164,Capital Goods,Industrial Machinery/Components,
QSI,Quantum-Si Incorporated Class A Common Stock,$3.86,0,0.00%,535249370,765150,Health Care,Biotechnology: Pharmaceutical Preparations,
QSIAW,Quantum-Si Incorporated Warrant,$0.711,-0.009,-1.25%,0,3286,Health Care,Biotechnology: Pharmaceutical Preparations,
QTEK,QualTek Services Inc. Class A Common Stock,$2.45,0,0.00%,52849643,81236,Consumer Services,Telecommunications Equipment,
QTEKW,QualTek Services Inc. Warrant,$0.3798,0.1108,41.19%,0,495,Consumer Services,Telecommunications Equipment,
QTRX,Quanterix Corporation Common Stock,$24.05,0.79,3.396%,886178527,312388,Health Care,Industrial Specialties,
QUBT,Quantum Computing Inc. Common Stock,$2.02,0.05,2.538%,58896766,78944,Technology,Computer Manufacturing,
QUIK,QuickLogic Corporation Common Stock,$4.95,0.15,3.125%,58767578,19778,Technology,Semiconductors,
QUMU,Qumu Corporation Common Stock,$1.53,-0.01,-0.649%,27206529,26585,Technology,Retail: Computer Software & Peripheral Equipment,
RACB,Research Alliance Corp. II Class A Common Stock,$9.76,0.03,0.308%,187260240,101,,,
RADI,Radius Global Infrastructure Inc. Class A Common Stock,$14.04,0.26,1.887%,1297032989,443380,Consumer Services,Telecommunications Equipment,
RAIL,FreightCar America Inc. Common Stock,$3.95,-0.13,-3.186%,62991551,34405,Capital Goods,Railroads,
RAIN,Rain Therapeutics Inc. Common Stock,$6.59,0.16,2.488%,174703582,20987,Health Care,Biotechnology: Pharmaceutical Preparations,
RAND,Rand Capital Corporation Common Stock,$16.2499,0,0.00%,41941333,98,Finance,Finance/Investors Services,
RANI,Rani Therapeutics Holdings Inc. Class A Common Stock,$13.89,-0.12,-0.857%,273835683,22258,Consumer Durables,Specialty Chemicals,
RAPT,RAPT Therapeutics Inc. Common Stock,$21.30,-0.36,-1.662%,629911673,273071,Health Care,Biotechnology: Pharmaceutical Preparations,
RARE,Ultragenyx Pharmaceutical Inc. Common Stock,$63.69,1.49,2.395%,4419116256,203605,Health Care,Biotechnology: Pharmaceutical Preparations,
RAVE,Rave Restaurant Group Inc. Common Stock,$1.05,0,0.00%,18905149,423221,Consumer Services,Restaurants,
RBB,RBB Bancorp Common Stock,$24.88,-0.83,-3.228%,484053935,84637,Finance,Commercial Banks,
RBBN,Ribbon Communications Inc. Common Stock,$2.99,0.18,6.406%,444388436,711968,Technology,EDP Services,
RBCAA,Republic Bancorp Inc. Class A Common Stock,$45.26,-0.38,-0.833%,904719113,22817,Finance,Major Banks,
RBCN,Rubicon Technology Inc. Common Stock,$8.91,0.12,1.365%,21791018,530,Technology,Semiconductors,
RBKB,Rhinebeck Bancorp Inc. Common Stock,$10.46,0.14,1.357%,118157237,19433,Finance,Major Banks,
RCAC,Revelstone Capital Acquisition Corp. Class A Common Stock,$9.75,-0.09,-0.915%,201093750,3596,,,
RCACU,Revelstone Capital Acquisition Corp. Unit,$9.8602,0.0002,0.002%,203366625,2900,,,
RCAT,Red Cat Holdings Inc. Common Stock,$2.23,-0.5,-18.315%,120053341,8017566,Capital Goods,Wholesale Distributors,
RCEL,Avita Medical Inc. Common Stock,$7.25,0.29,4.167%,180711637,186419,Health Care,Medical Specialities,
RCHG,Recharge Acquisition Corp. Class A Common Stock,$9.95,0,0.00%,249247500,15030,,,
RCHGU,Recharge Acquisition Corp. Unit,$10.03,0,0.00%,0,1,,,
RCHGW,Recharge Acquisition Corp. Warrant,$0.237,0.007,3.043%,0,6500,,,
RCII,Rent-A-Center Inc. Common Stock,$26.67,1.03,4.017%,1574296469,1153292,Technology,Diversified Commercial Services,
RCKT,Rocket Pharmaceuticals Inc. Common Stock,$13.78,0.62,4.711%,888891150,467453,Health Care,Biotechnology: Pharmaceutical Preparations,
RCKY,Rocky Brands Inc. Common Stock,$44.87,-0.09,-0.20%,327649669,39102,Consumer Non-Durables,Shoe Manufacturing,
RCLF,Rosecliff Acquisition Corp I Class A Common Stock,$9.75,0.01,0.103%,308343750,175169,,,
RCLFU,Rosecliff Acquisition Corp I Unit,$9.83,0,0.00%,0,2,,,
RCLFW,Rosecliff Acquisition Corp I Warrants,$0.185,0.01,5.714%,0,253616,,,
RCM,R1 RCM Inc. Common Stock,$24.20,0.34,1.425%,6733500928,966179,Consumer Services,Other Consumer Services,
RCMT,RCM Technologies Inc. Common Stock,$7.24,0.03,0.416%,75904276,22799,Consumer Services,Military/Government/Technical,
RCRT,Recruiter.com Group Inc. Common Stock,$3.07,0.4,14.981%,44695884,135922,,,
RCRTW,Recruiter.com Group Inc. Warrant,$0.80,-0.05,-5.882%,0,11431,,,
RDBX,Redbox Entertainment Inc. Class A Common Stock,$1.76,-0.005,-0.283%,22208588,69602,,,
RDBXW,Redbox Entertainment Inc. Warrant,$0.2197,0.0197,9.85%,0,149995,,,
RDFN,Redfin Corporation Common Stock,$17.00,0.39,2.348%,1808743084,2336870,Finance,Real Estate,
RDI,Reading International Inc Class A Common Stock,$4.10,0.01,0.244%,89418561,23857,Consumer Services,Movies/Entertainment,
RDIB,Reading International Inc Class B Common Stock,$20.515,-0.615,-2.911%,447419944,1604,Consumer Services,Movies/Entertainment,
RDNT,RadNet Inc. Common Stock,$21.05,0.3,1.446%,1182666401,170509,Health Care,Medical Specialities,
RDUS,Radius Health Inc. Common Stock,$7.84,0.19,2.484%,371480791,763214,Health Care,Biotechnology: Pharmaceutical Preparations,
RDVT,Red Violet Inc. Common Stock ,$25.59,0.47,1.871%,346042490,17652,Technology,Computer Software: Prepackaged Software,
REAL,The RealReal Inc. Common Stock,$6.54,0.71,12.178%,608582238,5098331,Consumer Non-Durables,Consumer Specialties,
REED,Reeds Inc. Common Stock,$0.2494,-0.0278,-10.029%,23376095,2490341,Consumer Non-Durables,Beverages (Production/Distribution),
REFI,Chicago Atlantic Real Estate Finance Inc. Common Stock,$17.79,-0.04,-0.224%,310498655,77025,Consumer Services,Real Estate Investment Trusts,
REFR,Research Frontiers Incorporated Common Stock,$2.40,0.01,0.418%,75960950,65054,Capital Goods,Industrial Machinery/Components,
REG,Regency Centers Corporation Common Stock,$66.36,1.15,1.764%,11372282285,1099555,Consumer Services,Real Estate Investment Trusts,
REGI,Renewable Energy Group Inc. Common Stock,$60.74,-0.42,-0.687%,3056362272,2713323,Basic Industries,Major Chemicals,
REGN,Regeneron Pharmaceuticals Inc. Common Stock,$665.93,9.52,1.45%,72279564062,763813,Health Care,Biotechnology: Pharmaceutical Preparations,
REKR,Rekor Systems Inc. Common Stock,$3.57,0.09,2.586%,156998668,422524,Technology,EDP Services,
RELI,Reliance Global Group Inc. Common Stock,$5.50,0.32,6.178%,60258600,103967,Finance,Specialty Insurers,
RELIW,Reliance Global Group Inc. Series A Warrants,$1.10,0.13,13.402%,0,11022,Finance,Specialty Insurers,
RELL,Richardson Electronics Ltd. Common Stock,$11.57,0.15,1.313%,156440943,84306,Technology,Electronic Components,
RELY,Remitly Global Inc. Common Stock,$8.37,-0.18,-2.105%,1373571238,2146129,Technology,Computer Software: Prepackaged Software,
RENO,Renovare Environmental Inc.  Common Stock,$0.46,0.0099,2.20%,15075494,139786,Capital Goods,Industrial Machinery/Components,
RENT,Rent the Runway Inc. Class A Common Stock,$5.22,0.32,6.531%,329049251,291341,Consumer Non-Durables,Department/Specialty Retail Stores,
REPH,Recro Pharma Inc. Common Stock,$1.98,0.03,1.538%,111719894,41685,Health Care,Biotechnology: Pharmaceutical Preparations,
REPL,Replimune Group Inc. Common Stock,$15.54,0.03,0.193%,733636329,510807,Health Care,Biotechnology: Pharmaceutical Preparations,
RESN,Resonant Inc. Common Stock,$4.44,0.01,0.226%,297684697,1095588,Technology,Semiconductors,
RETA,Reata Pharmaceuticals Inc. Class A Common Stock,$31.89,-0.56,-1.726%,1160920977,556252,Health Care,Biotechnology: Pharmaceutical Preparations,
REVB,Revelation Biosciences Inc. Common Stock,$1.25,0.23,22.549%,17796674,21369054,Health Care,Biotechnology: Pharmaceutical Preparations,
REVBU,Revelation Biosciences Inc. Unit,$10.01,0,0.00%,0,1,Health Care,Biotechnology: Pharmaceutical Preparations,
REVBW,Revelation Biosciences Inc. Warrant,$0.1056,0.0139,15.158%,0,857057,Health Care,Biotechnology: Pharmaceutical Preparations,
REVE,Alpine Acquisition Corporation Common Stock,$10.06,-0.02,-0.198%,136564500,469,,,
REVEU,Alpine Acquisition Corporation Unit,$10.15,0.04,0.396%,0,509,,,
REVEW,Alpine Acquisition Corporation Warrant,$0.2202,-0.0048,-2.133%,0,400,,,
REVH,Revolution Healthcare Acquisition Corp. SAIL Class A Common Stock,$9.75,0,0.00%,563062500,89971,,,
REVHU,Revolution Healthcare Acquisition Corp. SAIL Units,$9.83,-0.005,-0.051%,0,1932,,,
REVHW,Revolution Healthcare Acquisition Corp. SAIL Warrant.,$0.3801,-0.0468,-10.963%,0,15561,,,
REYN,Reynolds Consumer Products Inc. Common Stock,$29.04,0.19,0.659%,6091444107,310413,Capital Goods,Office Equipment/Supplies/Services,
RFIL,RF Industries Ltd. Common Stock,$6.77,0.15,2.266%,68096526,10676,Capital Goods,Electrical Products,
RGCO,RGC Resources Inc. Common Stock,$21.76,-0.1,-0.457%,183266572,2554,Public Utilities,Oil & Gas Production,
RGEN,Repligen Corporation Common Stock,$169.82,4.52,2.734%,9395711805,300319,Health Care,Medical/Dental Instruments,
RGF,The Real Good Food Company Inc. Class A Common Stock,$6.02,-0.13,-2.114%,155000347,25037,Consumer Non-Durables,Food Distributors,
RGLD,Royal Gold Inc. Common Stock,$136.15,2.34,1.749%,8934054488,562977,,,
RGLS,Regulus Therapeutics Inc. Common Stock,$0.266,0.0055,2.111%,38828335,402299,Health Care,Biotechnology: Pharmaceutical Preparations,
RGNX,REGENXBIO Inc. Common Stock,$27.06,1,3.837%,1162215148,289546,Health Care,Biotechnology: Biological Products (No Diagnostic Substances),
RGP,Resources Connection Inc. Common Stock,$16.40,0.45,2.821%,533446244,176340,Miscellaneous,Business Services,
RGTI,Rigetti Computing Inc. Common Stock,$5.92,-0.43,-6.772%,673756887,569420,Technology,Retail: Computer Software & Peripheral Equipment,
RGTIW,Rigetti Computing Inc. Warrants,$1.13,-0.17,-13.077%,0,175431,Technology,Retail: Computer Software & Peripheral Equipment,
RIBT,RiceBran Technologies Common Stock,$0.4065,-0.0385,-8.652%,20720790,1902041,Consumer Non-Durables,Specialty Foods,
RICK,RCI Hospitality Holdings Inc. Common Stock,$59.70,1.34,2.296%,567144627,63336,Consumer Services,Restaurants,
RIDE,Lordstown Motors Corp. Class A Common Stock,$2.19,0.14,6.829%,430291369,4293261,Capital Goods,Construction/Ag Equipment/Trucks,
RIGL,Rigel Pharmaceuticals Inc. Common Stock,$2.89,-0.07,-2.365%,496165445,1740443,Health Care,Biotechnology: Pharmaceutical Preparations,
RILY,B. Riley Financial Inc. Common Stock,$64.67,1.4,2.213%,1795988402,195454,Finance,Investment Managers,
RILYG,B. Riley Financial Inc. 5.00% Senior Notes due 2026,$24.1497,0.3997,1.683%,0,10773,Miscellaneous,Business Services,
RILYK,B. Riley Financial Inc. 5.50% Senior Notes Due 2026,$25.05,-0.05,-0.199%,0,17329,Miscellaneous,Business Services,
RILYL,B. Riley Financial Inc. Depositary Shares each representing 1/1000th in a share of 7.375% Series B Cumulative Perpetual Preferred Stock par value $0.0001,$25.7485,0.1185,0.462%,0,1467,Finance,Investment Managers,
RILYM,B. Riley Financial Inc. 6.375% Senior Notes due 2025,$24.95,0.05,0.201%,0,15833,Miscellaneous,Business Services,
RILYN,B. Riley Financial Inc. 6.50% Senior Notes Due 2026,$25.24,0.27,1.081%,0,8624,Miscellaneous,Business Services,
RILYO,B. Riley Financial Inc. 6.75% Senior Notes due 2024,$25.53,0.2575,1.019%,0,4024,Miscellaneous,Business Services,
RILYP,B. Riley Financial Inc. Depositary Shares each representing a 1/1000th fractional interest in a share of Series A Cumulative Perpetual Preferred Stock,$25.8801,-0.0699,-0.269%,0,3670,Finance,Investment Managers,
RILYT,B. Riley Financial Inc. 6.00% Senior Notes Due 2028,$24.2997,0.3997,1.672%,0,2270,Miscellaneous,Business Services,
RILYZ,B. Riley Financial Inc. 5.25% Senior Notes due 2028,$23.52,0.42,1.818%,0,13044,Miscellaneous,Business Services,
RIOT,Riot Blockchain Inc.  Common Stock ,$14.91,0.75,5.297%,1738258494,4276324,Technology,Retail: Computer Software & Peripheral Equipment,
RIVN,Rivian Automotive Inc. Class A Common Stock,$37.00,1.17,3.265%,33311742246,19654543,Capital Goods,Auto Manufacturing,
RKDA,Arcadia Biosciences Inc. Common Stock,$1.49,-0.05,-3.247%,33054510,4253603,Basic Industries,Agricultural Chemicals,
RKLB,Rocket Lab USA Inc. Common Stock,$7.92,-0.61,-7.151%,3571329144,8378696,Capital Goods,Aerospace,
RLAY,Relay Therapeutics Inc. Common Stock,$22.92,0.21,0.925%,2481778608,659740,Health Care,Biotechnology: Pharmaceutical Preparations,
RLMD,Relmada Therapeutics Inc. Common Stock,$22.25,0.64,2.962%,616905369,183380,Health Care,Biotechnology: Pharmaceutical Preparations,
RLYB,Rallybio Corporation Common Stock,$8.64,-1.02,-10.559%,277602941,167157,Health Care,Biotechnology: Pharmaceutical Preparations,
RMBI,Richmond Mutual Bancorporation Inc. Common Stock,$16.93,0.11,0.654%,209042921,6541,,,
RMBL,RumbleOn Inc. Class B Common Stock,$28.78,-0.17,-0.587%,459925697,215281,Capital Goods,Automotive Aftermarket,
RMBS,Rambus Inc. Common Stock,$27.87,2.09,8.107%,3046620895,1706791,Technology,Semiconductors,
RMCF,Rocky Mountain Chocolate Factory Inc. Common Stock,$7.44,0.11,1.501%,45978010,14642,Consumer Non-Durables,Specialty Foods,
RMGC,RMG Acquisition Corp. III Class A Ordinary Shares,$9.77,0,0.00%,589863750,430571,Finance,Business Services,
RMGCU,RMG Acquisition Corp. III Unit,$9.90,0.02,0.202%,0,920,Finance,Business Services,
RMGCW,RMG Acquisition Corp. III Warrant,$0.35,-0.04,-10.256%,0,17241,Finance,Business Services,
RMNI,Rimini Street Inc. (DE) Common Stock,$5.22,0.13,2.554%,455935680,375470,Technology,EDP Services,
RMR,The RMR Group Inc. Class A Common Stock,$29.63,-0.08,-0.269%,488450876,50240,Finance,Real Estate,
RMTI,Rockwell Medical Inc. (DE) Common Stock,$0.332,0.002,0.606%,31196838,185179,Health Care,Biotechnology: Pharmaceutical Preparations,
RNA,Avidity Biosciences Inc. Common Stock,$16.02,-0.01,-0.062%,765029926,131170,Health Care,Biotechnology: Pharmaceutical Preparations,
RNAZ,TransCode Therapeutics Inc. Common Stock,$2.16,0,0.00%,27873880,20801,Health Care,Biotechnology: Pharmaceutical Preparations,
RNDB,Randolph Bancorp Inc. Common Stock,$20.02,-0.17,-0.842%,103717013,13870,Finance,Major Banks,
RNER,Mount Rainier Acquisition Corp. Common Stock,$10.00,0,0.00%,221587000,4499,,,
RNERU,Mount Rainier Acquisition Corp. Unit,$10.19,0,0.00%,0,1,,,
RNERW,Mount Rainier Acquisition Corp. Warrant,$0.144,-0.006,-4.00%,0,103740,,,
RNST,Renasant Corporation Common Stock,$35.47,-0.11,-0.309%,1979763441,141404,Finance,Major Banks,
RNWK,RealNetworks Inc. Common Stock,$0.5222,-0.007,-1.323%,24677432,134059,Technology,EDP Services,
RNXT,RenovoRx Inc. Common Stock,$2.87,-0.08,-2.712%,25566391,27834,Health Care,Biotechnology: Pharmaceutical Preparations,
ROAD,Construction Partners Inc. Class A Common Stock,$26.47,0.88,3.439%,1390864932,283465,Capital Goods,Engineering & Construction,
ROC,ROC Energy Acquisition Corp. Common Stock,$9.90,-0.0296,-0.298%,214592400,17174,,,
ROCAR,ROC Energy Acquisition Corp. Rights,$0.1825,-0.0175,-8.75%,0,33288,,,
ROCAU,ROC Energy Acquisition Corp. Unit,$9.98,-0.16,-1.578%,0,201,,,
ROCC,Ranger Oil Corporation Class A Common Stock,$34.30,0.2,0.587%,724254584,483154,Energy,Oil & Gas Production,
ROCG,Roth CH Acquisition IV Co. Common Stock,$9.92,-0.01,-0.101%,147178080,50104,,,
ROCGW,Roth CH Acquisition IV Co. Warrant,$0.30,-0.0284,-8.648%,0,27099,,,
ROCK,Gibraltar Industries Inc. Common Stock,$47.40,2.24,4.96%,1549946630,161658,,,
ROCL,Roth CH Acquisition V Co. Common Stock,$9.85,0,0.00%,0,1173,,,
ROCLU,Roth CH Acquisition V Co. Unit,$9.99,0,0.00%,0,1,,,
ROCLW,Roth CH Acquisition V Co. Warrant,$0.25,-0.0999,-28.551%,0,2300,,,
ROIC,Retail Opportunity Investments Corp. Common Stock (MD),$18.71,0.24,1.299%,2297631819,1195749,Consumer Services,Real Estate Investment Trusts,
ROKU,Roku Inc. Class A Common Stock,$101.83,1.14,1.132%,13777829849,7152244,Consumer Services,Television Services,
ROLL,RBC Bearings Incorporated Common Stock,$190.10,3.17,1.696%,5489395846,130664,Capital Goods,Metal Fabrications,
ROLLP,RBC Bearings Incorporated 5.00% Series A Mandatory Convertible Preferred Stock,$99.67,1.3,1.322%,0,22849,Capital Goods,Metal Fabrications,
ROOT,Root Inc. Class A Common Stock,$1.52,0.115,8.185%,386080000,2466874,Finance,Property-Casualty Insurers,
ROSE,Rose Hill Acquisition Corporation Class A Ordinary Shares,$9.97,-0.01,-0.10%,193480313,65719,,,
ROSEU,Rose Hill Acquisition Corporation Unit,$10.0543,0,0.00%,0,2,,,
ROSEW,Rose Hill Acquisition Corporation Warrant,$0.265,-0.005,-1.852%,0,1800,,,
ROST,Ross Stores Inc. Common Stock,$87.46,1.7,1.982%,30902218623,2743990,Consumer Services,Clothing/Shoe/Accessory Stores,
ROVR,Rover Group Inc. Class A Common Stock,$4.97,0.33,7.112%,893925163,789877,Miscellaneous,Other Consumer Services,
RPAY,Repay Holdings Corporation Class A Common Stock,$13.55,0.55,4.231%,1199861958,684107,Technology,EDP Services,
RPD,Rapid7 Inc. Common Stock,$95.73,2.04,2.177%,5559858921,585313,Technology,Computer Software: Prepackaged Software,
RPHM,Reneo Pharmaceuticals Inc. Common Stock,$3.53,0,0.00%,86216367,16814,Health Care,Biotechnology: Pharmaceutical Preparations,
RPID,Rapid Micro Biosystems Inc. Class A Common Stock,$7.57,1.57,26.167%,313038599,420012,Health Care,Medical Specialities,
RPRX,Royalty Pharma plc Class A Ordinary Shares ,$38.27,0.29,0.764%,16636183235,1126303,Health Care,Biotechnology: Pharmaceutical Preparations,
RRBI,Red River Bancshares Inc. Common Stock,$50.12,-0.29,-0.575%,359869369,6686,Finance,Commercial Banks,
RRGB,Red Robin Gourmet Burgers Inc. Common Stock,$17.86,0.62,3.596%,281252404,723968,Consumer Services,Restaurants,
RRR,Red Rock Resorts Inc. Class A Common Stock,$44.76,2.47,5.841%,2742447841,599808,Consumer Services,Recreational Products/Toys,
RSLS,ReShape Lifesciences Inc. Common Stock,$0.88,0.0179,2.076%,13941123,49675,Health Care,Biotechnology: Electromedical & Electrotherapeutic Apparatus,
RSSS,Research Solutions Inc Common Stock,$2.21,0.01,0.455%,59897712,16859,Technology,Computer Software: Prepackaged Software,
RSVR,Reservoir Media Inc. Common Stock,$8.10,-0.2,-2.41%,519522976,49431,Consumer Services,Movies/Entertainment,
RSVRW,Reservoir Media Inc. Warrant,$1.70,0,0.00%,0,6973,Consumer Services,Movies/Entertainment,
RTL,The Necessity Retail REIT Inc. Class A Common Stock,$7.52,0.01,0.133%,1000121483,767245,Consumer Services,Real Estate Investment Trusts,
RTLPO,The Necessity Retail REIT Inc. 7.375% Series C Cumulative Redeemable Preferred Stock,$25.0601,0.0601,0.24%,0,7915,Consumer Services,Real Estate Investment Trusts,
RTLPP,The Necessity Retail REIT Inc. 7.50% Series A Cumulative Redeemable Perpetual Preferred Stock,$25.1515,0.2116,0.848%,0,5705,Consumer Services,Real Estate Investment Trusts,
RTLR,Rattler Midstream LP Common Units,$12.96,-0.12,-0.917%,494291873,277851,Energy,Oilfield Services/Equipment,
RUBY,Rubius Therapeutics Inc. Common Stock,$5.47,0.59,12.09%,492740444,1114548,Health Care,Biotechnology: Biological Products (No Diagnostic Substances),
RUN,Sunrun Inc. Common Stock,$28.37,1.25,4.609%,5912834576,6395544,Capital Goods,Building Products,
RUSHA,Rush Enterprises Inc. Common Stock Cl A,$53.04,0.2,0.379%,2938061215,208008,Consumer Services,Other Specialty Stores,
RUSHB,Rush Enterprises Inc. Class B,$49.90,0.2,0.402%,2764126219,10107,Consumer Services,Other Specialty Stores,
RUTH,Ruth's Hospitality Group Inc. Common Stock,$22.22,0.04,0.18%,746043988,333328,Consumer Services,Restaurants,
RVAC,Riverview Acquisition Corp. Class A Common Stock,$9.80,0,0.00%,306250000,2,,,
RVACW,Riverview Acquisition Corp. Warrant,$0.4047,0.0047,1.175%,0,59160,,,
RVLP,RVL Pharmaceuticals plc Ordinary Shares,$1.62,-0.03,-1.818%,134929526,111773,Health Care,Biotechnology: Pharmaceutical Preparations,
RVMD,Revolution Medicines Inc. Common Stock,$18.30,-0.01,-0.055%,1357658169,393699,Consumer Durables,Specialty Chemicals,
RVNC,Revance Therapeutics Inc. Common Stock,$15.79,0.54,3.541%,1128247402,366132,Health Care,Biotechnology: Pharmaceutical Preparations,
RVPH,Reviva Pharmaceuticals Holdings Inc. Common Stock ,$1.72,-0.08,-4.444%,8831431,55885,Health Care,Biotechnology: Pharmaceutical Preparations,
RVPHW,Reviva Pharmaceuticals Holdings Inc. Warrants,$0.2172,-0.0328,-13.12%,0,41606,Health Care,Biotechnology: Pharmaceutical Preparations,
RVSB,Riverview Bancorp Inc Common Stock,$7.62,0.06,0.794%,168985783,16507,Finance,Major Banks,
RWAY,Runway Growth Finance Corp. Common Stock,$12.75,0.35,2.823%,527602829,64832,,,
RXDX,Prometheus Biosciences Inc. Common Stock,$41.79,-4.03,-8.795%,1632894186,681002,Health Care,Biotechnology: Pharmaceutical Preparations,
RXRA,RXR Acquisition Corp. Class A Common Stock,$9.73,-0.01,-0.103%,419606250,18303,,,
RXRAU,RXR Acquisition Corp. Units,$9.80,0,0.00%,0,433,,,
RXRAW,RXR Acquisition Corp. Warrants to purchase Class A common stock,$0.3664,-0.0466,-11.283%,0,1429,,,
RXRX,Recursion Pharmaceuticals Inc. Class A Common Stock,$6.25,0.09,1.461%,1056206706,1423143,Health Care,Biotechnology: Pharmaceutical Preparations,
RXST,RxSight Inc. Common Stock,$12.09,0.59,5.13%,331483535,136767,Health Care,Biotechnology: Electromedical & Electrotherapeutic Apparatus,
RXT,Rackspace Technology Inc. Common Stock,$10.38,0.3,2.976%,2200247593,770959,Technology,EDP Services,
RYTM,Rhythm Pharmaceuticals Inc. Common Stock,$9.77,0.36,3.826%,491721296,590702,Health Care,Biotechnology: Pharmaceutical Preparations,
RZLT,Rezolute Inc. Common Stock (NV),$2.27,-0.02,-0.873%,35313291,2815,Health Care,Biotechnology: Pharmaceutical Preparations,
SABR,Sabre Corporation Common Stock,$9.59,0.52,5.733%,3102561298,10194578,Transportation,Other Consumer Services,
SABRP,Sabre Corporation 6.50% Series A Mandatory Convertible Preferred Stock,$120.50,-1.55,-1.27%,0,6873,Transportation,Other Consumer Services,
SABS,SAB Biotherapeutics Inc. Common Stock,$1.82,0.03,1.676%,79124098,132052,Health Care,Biotechnology: Pharmaceutical Preparations,
SABSW,SAB Biotherapeutics Inc. Warrant,$0.2466,0.0166,7.217%,0,1881,Health Care,Biotechnology: Pharmaceutical Preparations,
SAFM,Sanderson Farms Inc. Common Stock,$178.80,0.33,0.185%,3991369744,194424,,,
SAFT,Safety Insurance Group Inc. Common Stock,$86.78,0.09,0.104%,1273226875,62214,Finance,Property-Casualty Insurers,
SAGA,Sagaliam Acquisition Corp. Class A Common Stock,$9.88,0,0.00%,146965000,2,,,
SAGAR,Sagaliam Acquisition Corp. Rights,$0.20,0,0.00%,0,11234,,,
SAGAU,Sagaliam Acquisition Corp. Units,$10.00,0.04,0.402%,0,209,,,
SAGE,Sage Therapeutics Inc. Common Stock,$31.37,0.66,2.149%,1852516106,476199,Health Care,Biotechnology: Pharmaceutical Preparations,
SAIA,Saia Inc. Common Stock,$258.79,7.76,3.091%,6832555723,326487,Transportation,Trucking Freight/Courier Services,
SAL,Salisbury Bancorp Inc. Common Stock,$53.39,0.23,0.433%,152786003,1196,Finance,Savings Institutions,
SALM,Salem Media Group Inc. Class A Common Stock,$3.47,0.09,2.663%,94241799,118424,Consumer Services,Broadcasting,
SAMA,Schultze Special Purpose Acquisition Corp. II Class A Common Stock,$9.78,0,0.00%,201712500,77131,,,
SAMAU,Schultze Special Purpose Acquisition Corp. II Units,$9.87,-0.01,-0.101%,0,2602,,,
SAMAW,Schultze Special Purpose Acquisition Corp. II Warrant,$0.4297,0.1439,50.35%,0,1600,,,
SAMG,Silvercrest Asset Management Group Inc. Class A Common Stock,$18.62,-0.18,-0.957%,269406710,84677,Finance,Investment Managers,
SANA,Sana Biotechnology Inc. Common Stock,$5.74,0.46,8.712%,1083901156,1049465,Consumer Durables,Specialty Chemicals,
SANB,Sanaby Health Acquisition Corp. I Class A Common Stock,$9.99,0,0.00%,224025750,1,,,
SANBU,Sanaby Health Acquisition Corp. I Unit,$10.17,0,0.00%,0,1,,,
SANBW,Sanaby Health Acquisition Corp. I Warrant,$0.21,0.02,10.526%,0,2100,,,
SANM,Sanmina Corporation Common Stock,$40.00,0.31,0.781%,2542259160,495593,Technology,Electrical Products,
SANW,S&W Seed Company Common Stock (NV),$2.07,-0.11,-5.046%,80538972,673724,,Farming/Seeds/Milling,
SASR,Sandy Spring Bancorp Inc. Common Stock,$45.39,-0.24,-0.526%,2048521281,147148,Finance,Major Banks,
SATS,EchoStar  Corporation Common Stock,$24.32,1.04,4.467%,2088037303,403074,Technology,Radio And Television Broadcasting And Communications Equipment,
SAVA,Cassava Sciences Inc. Common Stock,$34.85,2.25,6.902%,1394585201,702873,Health Care,Biotechnology: Pharmaceutical Preparations,
SBAC,SBA Communications Corporation Class A Common Stock,$322.24,1.54,0.48%,34776024149,527680,Consumer Services,Real Estate Investment Trusts,
SBCF,Seacoast Banking Corporation of Florida Common Stock,$35.22,-0.51,-1.427%,2155421032,649244,Finance,Major Banks,
SBFG,SB Financial Group Inc. Common Stock,$18.56,-0.04,-0.215%,133846349,2416,Finance,Major Banks,
SBGI,Sinclair Broadcast Group Inc. Class A Common Stock,$25.84,0.99,3.984%,1851862644,567285,Consumer Services,Broadcasting,
SBNY,Signature Bank Common Stock,$294.96,5.18,1.788%,18509108110,800271,Finance,Major Banks,
SBNYP,Signature Bank Depositary shares each representing a 1/40th ownership interest in a share of 5.000% Noncumulative Perpetual Series A Preferred Stock,$21.79,0.0232,0.107%,0,132195,Finance,Major Banks,
SBRA,Sabra Health Care REIT Inc. Common Stock,$13.81,-0.19,-1.357%,3188787251,5122458,Consumer Services,Real Estate Investment Trusts,
SBSI,Southside Bancshares Inc. Common Stock,$41.21,-0.66,-1.576%,1333621289,92785,Finance,Major Banks,
SBT,Sterling Bancorp Inc. Common Stock,$6.78,-0.08,-1.166%,342044647,17661,Finance,Savings Institutions,
SBTX,Silverback Therapeutics Inc. Common Stock,$3.75,0.15,4.167%,131752253,136051,Consumer Durables,Specialty Chemicals,
SBUX,Starbucks Corporation Common Stock,$83.12,3.83,4.83%,95612936000,12539624,,,
SCAQ,Stratim Cloud Acquisition Corp. Class A Common Stock,$9.75,0,0.00%,304687500,3,,,
SCAQU,Stratim Cloud Acquisition Corp. Unit,$9.89,0,0.00%,0,2,,,
SCAQW,Stratim Cloud Acquisition Corp. Warrant,$0.313,-0.0103,-3.186%,0,4110,,,
SCHL,Scholastic Corporation Common Stock,$42.72,0.74,1.763%,1463445540,84815,Consumer Services,Books,
SCHN,Schnitzer Steel Industries Inc. Class A Common Stock,$48.00,0.95,2.019%,1335537984,235648,Basic Industries,Steel/Iron Ore,
SCKT,Socket Mobile Inc. Common Stock,$3.65,0.11,3.107%,26204179,16715,Technology,Computer Manufacturing,
SCLE,Broadscale Acquisition Corp. Class A common stock,$9.845,-0.005,-0.051%,424565625,36846,,,
SCLEU,Broadscale Acquisition Corp. Units,$9.97,0,0.00%,0,22,,,
SCLEW,Broadscale Acquisition Corp. Warrant,$0.4901,0.0187,3.967%,0,177802,,,
SCMA,Seaport Calibre Materials Acquisition Corp. Class A Common Stock,$9.92,0,0.00%,166036000,2,Consumer Services,Other Pharmaceuticals,
SCMAU,Seaport Calibre Materials Acquisition Corp. Unit,$10.02,0,0.00%,0,2,Consumer Services,Other Pharmaceuticals,
SCMAW,Seaport Calibre Materials Acquisition Corp. Warrant,$0.16,0.0597,59.521%,0,400,Consumer Services,Other Pharmaceuticals,
SCOR,comScore Inc. Common Stock,$2.53,0.06,2.429%,228809633,253974,Miscellaneous,Business Services,
SCPH,scPharmaceuticals Inc. Common Stock,$4.85,0.33,7.301%,132673952,21485,Health Care,Biotechnology: Pharmaceutical Preparations,
SCPL,SciPlay Corporation Class A Common Stock,$12.69,0.27,2.174%,311682910,266320,Technology,Computer Software: Prepackaged Software,
SCPS,Scopus BioPharma Inc. Common Stock,$0.6204,-0.0796,-11.371%,13086881,355931,Health Care,Biotechnology: Pharmaceutical Preparations,
SCRM,Screaming Eagle Acquisition Corp. Class A Ordinary Shares,$9.63,0.02,0.208%,929896875,48862,,,
SCRMU,Screaming Eagle Acquisition Corp. Unit,$9.8789,-0.0211,-0.213%,0,151516,,,
SCRMW,Screaming Eagle Acquisition Corp. Warrant,$0.6154,-0.0023,-0.372%,0,12613,,,
SCSC,ScanSource Inc. Common Stock,$33.62,0.28,0.84%,860807489,83569,Technology,Retail: Computer Software & Peripheral Equipment,
SCVL,Shoe Carnival Inc. Common Stock,$31.43,1.23,4.073%,885234530,468184,Consumer Services,Clothing/Shoe/Accessory Stores,
SCWX,SecureWorks Corp. Class A Common Stock,$12.39,-0.16,-1.275%,1043265816,119263,Technology,EDP Services,
SCYX,SCYNEXIS Inc. Common Stock,$4.04,0.05,1.253%,96758489,108158,Health Care,Biotechnology: Pharmaceutical Preparations,
SDAC,Sustainable Development Acquisition I Corp. Class A Common Stock,$9.765,0.015,0.154%,386022656,8603,,,
SDACU,Sustainable Development Acquisition I Corp. Unit,$9.9884,0,0.00%,0,3,,,
SDACW,Sustainable Development Acquisition I Corp. Warrant,$0.25,-0.05,-16.667%,0,2100,,,
SDC,SmileDirectClub Inc. Class A Common Stock,$2.18,0.13,6.341%,262369963,4075696,Health Care,Medical/Dental Instruments,
SDGR,Schrodinger Inc. Common Stock,$28.81,1.47,5.377%,2046591412,788527,Technology,Computer Software: Prepackaged Software,
SDIG,Stronghold Digital Mining Inc. Class A Common Stock,$8.95,0.15,1.705%,179143800,477161,Finance,Investment Bankers/Brokers/Service,
SEAC,SeaChange International Inc. Common Stock,$1.10,0.01,0.917%,40929277,722663,Technology,Radio And Television Broadcasting And Communications Equipment,
SEAT,Vivid Seats Inc. Class A Common Stock,$11.00,0.32,2.996%,2146632763,769605,Capital Goods,Industrial Machinery/Components,
SEATW,Vivid Seats Inc. Warrant,$3.15,0.23,7.877%,0,23409,Capital Goods,Industrial Machinery/Components,
SEEL,Seelos Therapeutics Inc. Common Stock,$0.8897,0.0348,4.071%,93869307,1282826,Health Care,Biotechnology: Pharmaceutical Preparations,
SEER,Seer Inc. Class A Common Stock,$12.01,0.13,1.094%,745860741,640321,Consumer Durables,Specialty Chemicals,
SEIC,SEI Investments Company Common Stock,$57.89,0.93,1.633%,8009316012,521911,Finance,Investment Bankers/Brokers/Service,
SELB,Selecta Biosciences Inc. Common Stock,$1.46,-0.01,-0.68%,181461721,600018,Health Care,Biotechnology: Pharmaceutical Preparations,
SELF,Global Self Storage Inc. Common Stock,$5.33,0.01,0.188%,57076907,21339,Consumer Services,Real Estate Investment Trusts,
SENEA,Seneca Foods Corp. Class A Common Stock,$51.05,0.16,0.314%,430963334,23874,Consumer Non-Durables,Packaged Foods,
SENEB,Seneca Foods Corp. Class B Common Stock,$51.00,0,0.00%,430541235,20,Consumer Non-Durables,Packaged Foods,
SERA,Sera Prognostics Inc. Class A Common Stock,$3.71,-0.29,-7.25%,113893624,24788,Health Care,Precision Instruments,
SESN,Sesen Bio Inc. Common Stock,$0.6125,0.0145,2.425%,122171483,1270908,Health Care,Biotechnology: Pharmaceutical Preparations,
SEVN,Seven Hills Realty Trust Common Stock,$10.60,-0.07,-0.656%,154729037,16836,Consumer Services,Real Estate Investment Trusts,
SFBC,Sound Financial Bancorp Inc. Common Stock,$37.51,0.15,0.401%,98042438,2156,Finance,Savings Institutions,
SFIX,Stitch Fix Inc. Class A Common Stock,$9.91,0.73,7.952%,1061644674,3068119,Consumer Non-Durables,Apparel,
SFM,Sprouts Farmers Market Inc. Common Stock,$31.47,0.33,1.06%,3490203764,1332469,Consumer Non-Durables,Specialty Foods,
SFNC,Simmons First National Corporation Class A Common Stock,$28.14,-0.18,-0.636%,3162228645,434766,Finance,Major Banks,
SFST,Southern First Bancshares Inc. Common Stock,$54.78,-0.32,-0.581%,436979731,17209,Finance,Major Banks,
SFT,Shift Technologies Inc. Class A Common Stock,$1.93,0.33,20.625%,156923572,6752599,Miscellaneous,Diversified Commercial Services,
SGA,Saga Communications Inc. Class A Common Stock (FL),$22.50,0.2,0.897%,134558843,13914,Consumer Services,Broadcasting,
SGBX,SG Blocks Inc. Common Stock,$1.64,-0.01,-0.606%,19658472,35641,Basic Industries,Metal Fabrications,
SGC,Superior Group of Companies Inc. Common Stock,$17.41,-0.18,-1.023%,280779862,28757,,,
SGEN,Seagen Inc. Common Stock,$137.60,0.74,0.541%,25266946406,902936,Health Care,Biotechnology: Biological Products (No Diagnostic Substances),
SGH,SMART Global Holdings Inc. Ordinary Shares,$25.19,0.46,1.86%,1243989006,534964,Technology,Semiconductors,
SGHT,Sight Sciences Inc. Common Stock,$13.39,0.14,1.057%,633447117,184597,Health Care,Medical Specialities,
SGII,Seaport Global Acquisition II Corp. Class A Common Stock,$9.89,0.01,0.101%,177710938,2602,,,
SGIIU,Seaport Global Acquisition II Corp. Unit,$9.97,-0.06,-0.598%,0,3426,,,
SGIIW,Seaport Global Acquisition II Corp. Warrants,$0.34,0.01,3.03%,0,1800,,,
SGLB,Sigma Labs Inc. Common Stock,$1.83,-0.06,-3.175%,10668900,93121,Technology,EDP Services,
SGLY,Singularity Future Technology Ltd. Common Stock,$7.44,-0.15,-1.976%,163533678,454168,Transportation,Oil Refining/Marketing,
SGMA,SigmaTron International Inc. Common Stock,$8.78,0.11,1.269%,51984369,75815,Technology,Electrical Products,
SGMO,Sangamo Therapeutics Inc. Common Stock,$5.24,0.01,0.191%,764873027,1079972,Health Care,Biotechnology: Biological Products (No Diagnostic Substances),
SGMS,Scientific Games Corp Common Stock,$59.24,2.73,4.831%,5727110588,1294632,Consumer Services,Movies/Entertainment,
SGRP,SPAR Group Inc. Common Stock,$1.31,0.01,0.769%,27858571,20154,Miscellaneous,Business Services,
SGRY,Surgery Partners Inc. Common Stock,$50.87,0.43,0.852%,4545567749,571301,Health Care,Managed Health Care,
SGTX,Sigilon Therapeutics Inc. Common Stock,$1.35,0.06,4.651%,43617567,94052,Consumer Durables,Specialty Chemicals,
SHAC,SCP & CO Healthcare Acquisition Company Class A Common Stock,$9.77,0,0.00%,280887500,11,,,
SHACU,SCP & CO Healthcare Acquisition Company Unit,$9.865,0,0.00%,0,2,,,
SHBI,Shore Bancshares Inc Common Stock,$20.48,-0.2,-0.967%,405667840,81394,Finance,Major Banks,
SHC,Sotera Health Company Common Stock,$19.07,0.01,0.052%,5395457880,817348,Health Care,Medical Specialities,
SHCA,Spindletop Health Acquisition Corp. Class A Common Stock,$9.96,0,0.00%,286350000,1,,,
SHCAU,Spindletop Health Acquisition Corp. Unit,$10.05,0,0.00%,0,1097,,,
SHCAW,Spindletop Health Acquisition Corp. Warrant,$0.26,-0.0999,-27.758%,0,100,,,
SHCR,Sharecare Inc. Class A Common Stock,$2.79,0.09,3.333%,945906004,612261,Technology,Computer Software: Prepackaged Software,
SHCRW,Sharecare Inc. Warrant,$0.3201,-0.0283,-8.123%,0,3954,Technology,Computer Software: Prepackaged Software,
SHEN,Shenandoah Telecommunications Co Common Stock,$21.28,0.04,0.188%,1065035293,322544,Public Utilities,Telecommunications Equipment,
SHLS,Shoals Technologies Group Inc. Class A Common Stock,$18.21,1.11,6.491%,2044498450,1945689,Technology,Semiconductors,
SHOO,Steven Madden Ltd. Common Stock,$38.79,1.09,2.891%,3110067614,822257,Consumer Non-Durables,Shoe Manufacturing,
SHQA,Shelter Acquisition Corporation I Class A Common Stock,$9.79,0,0.00%,271241055,6,,,
SHQAU,Shelter Acquisition Corporation I Units,$9.95,0,0.00%,0,3,,,
SHQAW,Shelter Acquisition Corporation I Warrants,$0.3799,0,0.00%,0,911,,,
SHYF,The Shyft Group Inc. Common Stock,$38.80,0.66,1.73%,1358082062,158409,Capital Goods,Auto Manufacturing,
SIBN,SI-BONE Inc. Common Stock,$19.16,0.84,4.585%,648385321,213448,Health Care,Biotechnology: Electromedical & Electrotherapeutic Apparatus,
SIDU,Sidus Space Inc. Class A Common Stock,$3.74,-0.26,-6.50%,60588000,96896,,,
SIEB,Siebert Financial Corp. Common Stock,$2.03,0.03,1.50%,65778567,8907,Finance,Investment Bankers/Brokers/Service,
SIEN,Sientra Inc. Common Stock,$2.13,0.05,2.404%,132173146,373662,Health Care,Medical Electronics,
SIER,Sierra Lake Acquisition Corp. Class A Common Stock,$9.85,0,0.00%,380456250,1888,,,
SIERU,Sierra Lake Acquisition Corp. Unit,$9.92,0,0.00%,0,2,,,
SIERW,Sierra Lake Acquisition Corp. Warrant,$0.255,-0.0049,-1.885%,0,1800,,,
SIGA,SIGA Technologies Inc. Common Stock,$7.11,0.19,2.746%,519242603,114126,Health Care,Biotechnology: Pharmaceutical Preparations,
SIGI,Selective Insurance Group Inc. Common Stock,$85.41,0.11,0.129%,5140491641,276846,Finance,Property-Casualty Insurers,
SIGIP,Selective Insurance Group Inc. Depositary Shares each representing a 1/1000th interest in a share of 4.60% Non-Cumulative Preferred Stock Series B,$20.89,0.23,1.113%,0,7376,Finance,Property-Casualty Insurers,
SILK,Silk Road Medical Inc. Common Stock,$32.63,1.14,3.62%,1142380738,161043,Health Care,Medical/Dental Instruments,
SINT,SiNtx Technologies Inc. Common Stock,$0.428,-0.002,-0.465%,10574842,146942,Health Care,Industrial Specialties,
SIRI,Sirius XM Holdings Inc. Common Stock,$6.24,0.08,1.299%,24635066995,16841110,Consumer Services,Broadcasting,
SITM,SiTime Corporation Common Stock,$196.38,18.94,10.674%,4089562441,207750,Technology,Semiconductors,
SIVB,SVB Financial Group Common Stock,$526.66,14.54,2.839%,30972654456,590497,Finance,Major Banks,
SIVBP,SVB Financial Group Depositary Shs each representing a 1/40th interest in a share of 5.25% Fixed-Rate Non-Cumulative Perpetual Preferred Stock Series A,$23.16,-0.1218,-0.523%,0,49682,Finance,Major Banks,
SKIN,The Beauty Health Company Class A Common Stock,$15.63,-0.12,-0.762%,2353847475,1854551,Consumer Non-Durables,Package Goods/Cosmetics,
SKYA,Skydeck Acquisition Corp. Class A Ordinary Shares,$9.73,-0.02,-0.205%,269593518,100000,Finance,Business Services,
SKYAU,Skydeck Acquisition Corp. Units,$9.90,0.07,0.712%,0,201103,Finance,Business Services,
SKYAW,Skydeck Acquisition Corp. Warrants,$0.3344,-0.0455,-11.977%,0,78460,Finance,Business Services,
SKYT,SkyWater Technology Inc. Common Stock,$9.15,0.45,5.172%,365127914,133728,Technology,Semiconductors,
SKYW,SkyWest Inc. Common Stock,$25.98,0.86,3.424%,1312503313,658728,Transportation,Air Freight/Delivery Services,
SKYX,SQL Technologies Corp. Common Stock,$13.58,1.09,8.727%,1046921650,136075,Consumer Durables,Home Furnishings,
SLAB,Silicon Laboratories Inc. Common Stock,$139.82,6.02,4.499%,5335493029,671106,Technology,Semiconductors,
SLAM,Slam Corp. Class A Ordinary Share,$9.75,-0.01,-0.102%,700781250,831853,Finance,Business Services,
SLAMU,Slam Corp. Unit,$9.8168,-0.0032,-0.033%,0,1000,Finance,Business Services,
SLAMW,Slam Corp. warrant,$0.289,0.004,1.404%,0,300,Finance,Business Services,
SLDB,Solid Biosciences Inc. Common Stock,$0.9854,-0.0099,-0.995%,108685284,1002906,Health Care,Biotechnology: Biological Products (No Diagnostic Substances),
SLDP,Solid Power Inc. Class A Common Stock,$7.99,0.48,6.391%,1379466764,1110388,Consumer Durables,Electrical Products,
SLDPW,Solid Power Inc. Warrant,$1.80,0.08,4.651%,0,110896,Consumer Durables,Electrical Products,
SLGC,SomaLogic Inc. Class A Common Stock,$7.58,0.51,7.214%,1373289513,792343,Health Care,Biotechnology: Commercial Physical & Biological Resarch,
SLGCW,SomaLogic Inc. Warrant,$1.81,-0.04,-2.162%,0,1087,Health Care,Biotechnology: Commercial Physical & Biological Resarch,
SLGG,Super League Gaming Inc. Common Stock,$1.64,-0.2,-10.87%,24656498,584405,Capital Goods,Industrial Machinery/Components,
SLGN,Silgan Holdings Inc. Common Stock,$44.53,0.45,1.021%,4916567497,482901,Consumer Durables,Containers/Packaging,
SLM,SLM Corporation Common Stock,$17.54,0.14,0.805%,4900552325,2259657,Finance,Finance: Consumer Services,
SLMBP,SLM Corporation Floating Rate Non-Cumulative Preferred Stock Series B,$54.65,-0.4,-0.727%,0,9880,Finance,Finance: Consumer Services,
SLNG,Stabilis Solutions Inc. Common Stock,$4.38,0.06,1.389%,77487754,240710,Public Utilities,Oil/Gas Transmission,
SLNH,Soluna Holdings Inc. Common Stock,$10.09,0.15,1.509%,139766236,61813,Capital Goods,Industrial Machinery/Components,
SLNHP,Soluna Holdings Inc 9.0% Series A Cumulative Perpetual Preferred Stock ,$19.2029,0.1679,0.882%,0,7045,Capital Goods,Industrial Machinery/Components,
SLNO,Soleno Therapeutics Inc. Common Stock,$0.271,0.0038,1.422%,21627558,116386,Health Care,Biotechnology: Pharmaceutical Preparations,
SLP,Simulations Plus Inc. Common Stock,$40.21,0.81,2.056%,811253879,76057,Technology,Computer Software: Prepackaged Software,
SLRC,SLR Investment Corp. Common Stock,$18.15,0.14,0.777%,767033992,326293,Finance,Finance/Investors Services,
SLRX,Salarius Pharmaceuticals Inc. Common Stock,$0.3441,-0.0259,-7.00%,15567706,954277,Health Care,Biotechnology: Pharmaceutical Preparations,
SLS,SELLAS Life Sciences Group Inc. Common Stock,$5.38,0.15,2.868%,85464216,68325,Health Care,Biotechnology: Pharmaceutical Preparations,
SLVR,SilverSPAC Inc. Class A Ordinary Share,$9.65,0.01,0.104%,310609375,223,,,
SLVRU,SilverSPAC Inc. Unit,$9.7437,-0.0363,-0.371%,0,500,,,
SLVRW,SilverSPAC Inc. Warrant,$0.4044,-0.0388,-8.755%,0,73336,,,
SMAP,SportsMap Tech Acquisition Corp. Common Stock,$9.94,0.03,0.303%,149597000,387753,,,
SMAPW,SportsMap Tech Acquisition Corp. Warrants,$0.28,0,0.00%,0,1300,,,
SMBC,Southern Missouri Bancorp Inc. Common Stock,$50.60,-0.48,-0.94%,450118170,16719,Finance,Banks,
SMBK,SmartFinancial Inc. Common Stock,$25.86,-0.03,-0.116%,434525321,16134,Finance,Major Banks,
SMCI,Super Micro Computer Inc. Common Stock,$41.82,1.3,3.208%,2156377875,158697,Technology,Computer Manufacturing,
SMED,Sharps Compliance Corp. Common Stock,$5.40,0.03,0.559%,103935112,85891,Public Utilities,Environmental Services,
SMFL,Smart for Life Inc. Common Stock,$0.9586,0.1236,14.802%,22397082,2727779,Consumer Non-Durables,Farming/Seeds/Milling,
SMFR,Sema4 Holdings Corp. Class A Common Stock,$2.64,-0.01,-0.377%,640408095,1601872,Technology,Retail: Computer Software & Peripheral Equipment,
SMFRW,Sema4 Holdings Corp. Warrant,$0.58,0.01,1.754%,0,14864,Technology,Retail: Computer Software & Peripheral Equipment,
SMID,Smith-Midland Corporation Common Stock,$22.14,-0.04,-0.18%,115371341,13709,Capital Goods,Building Materials,
SMIT,Schmitt Industries Inc. Common Stock,$4.24,0,0.00%,16159242,5117,Capital Goods,Industrial Machinery/Components,
SMLR,Semler Scientific Inc. Common Stock,$46.95,3.45,7.931%,318276773,124802,Health Care,Medical/Dental Instruments,
SMMF,Summit Financial Group Inc. Common Stock,$25.15,-0.29,-1.14%,321066484,10131,Finance,Major Banks,
SMPL,The Simply Good Foods Company Common Stock,$36.12,1.1,3.141%,3646814262,616905,Consumer Non-Durables,Packaged Foods,
SMSI,Smith Micro Software Inc. Common Stock,$3.00,-0.02,-0.662%,163696053,665935,Technology,Computer Software: Prepackaged Software,
SMTC,Semtech Corporation Common Stock,$63.24,2.29,3.757%,4074985129,369604,Technology,Semiconductors,
SMTI,Sanara MedTech Inc. Common Stock,$26.00,-0.06,-0.23%,198433144,15651,Health Care,Medical/Dental Instruments,
SNAX,Stryve Foods Inc. Class A Common Stock,$2.50,0.015,0.604%,27826723,113108,Consumer Non-Durables,Specialty Foods,
SNAXW,Stryve Foods Inc. Warrant,$0.2997,-0.0151,-4.797%,0,13405,Consumer Non-Durables,Specialty Foods,
SNBR,Sleep Number Corporation Common Stock,$61.66,0.23,0.374%,1398757100,218535,Consumer Durables,Home Furnishings,
SNCE,Science 37 Holdings Inc. Common Stock,$4.58,0.06,1.327%,525358747,174078,Technology,Computer Software: Prepackaged Software,
SNCR,Synchronoss Technologies Inc. Common Stock,$1.54,0.23,17.557%,136044940,1433285,Technology,EDP Services,
SNCRL,Synchronoss Technologies Inc. 8.375% Senior Notes due 2026,$21.28,0.18,0.853%,0,1113,,,
SNCY,Sun Country Airlines Holdings Inc. Common Stock,$23.57,0.78,3.423%,1364053694,304871,Transportation,Air Freight/Delivery Services,
SND,Smart Sand Inc. Common Stock,$2.88,0,0.00%,129041257,548527,Energy,Metal Fabrications,
SNDX,Syndax Pharmaceuticals Inc. Common Stock,$16.08,0.31,1.966%,884596900,639444,Health Care,Biotechnology: Pharmaceutical Preparations,
SNES,SenesTech Inc. Common Stock,$0.664,-0.0281,-4.06%,8105636,170451,Basic Industries,Multi-Sector Companies,
SNEX,StoneX Group Inc. Common Stock,$71.69,-0.42,-0.582%,1443291111,74651,Finance,Investment Bankers/Brokers/Service,
SNFCA,Security National Financial Corporation Class A Common Stock,$9.70,-0.05,-0.513%,196125008,4147,Finance,Finance: Consumer Services,
SNGX,Soligenix Inc. Common Stock,$0.69,0.01,1.471%,29582672,43796,Health Care,Biotechnology: Pharmaceutical Preparations,
SNOA,Sonoma Pharmaceuticals Inc. Common Stock,$2.80,0.13,4.869%,8673487,27020,Health Care,Biotechnology: Pharmaceutical Preparations,
SNPO,Snap One Holdings Corp. Common Stock,$18.19,0.11,0.608%,1380425967,94535,Consumer Services,Electronics Distribution,
SNPS,Synopsys Inc. Common Stock,$285.50,6.52,2.337%,43709683704,2278189,Technology,EDP Services,
SNPX,Synaptogenix Inc. Common Stock,$6.31,-0.08,-1.252%,42115918,75452,Consumer Durables,Specialty Chemicals,
SNRH,Senior Connect Acquisition Corp. I Class A Common Stock,$9.79,-0.01,-0.102%,506632500,188901,,,
SNRHU,Senior Connect Acquisition Corp. I Unit,$9.92,0,0.00%,0,150,,,
SNRHW,Senior Connect Acquisition Corp. I Warrant,$0.2899,0.0222,8.293%,0,32470,,,
SNSE,Sensei Biotherapeutics Inc. Common Stock,$2.43,-0.21,-7.955%,74350292,181325,Health Care,Biotechnology: Pharmaceutical Preparations,
SOFI,SoFi Technologies Inc. Common Stock  ,$8.20,0.27,3.405%,6651378529,51806987,Finance,Diversified Financial Services,
SOFO,Sonic Foundry Inc. Common Stock,$3.57,-0.03,-0.833%,32489438,25911,Technology,Computer Software: Prepackaged Software,
SOHO,Sotherly Hotels Inc. Common Stock,$2.10,0.02,0.962%,36626222,13509,Consumer Services,Real Estate Investment Trusts,
SOHOB,Sotherly Hotels Inc. 8.0% Series B Cumulative Redeemable Perpetual Preferred Stock,$18.41,-0.09,-0.486%,0,154,Consumer Services,Real Estate Investment Trusts,
SOHON,Sotherly Hotels Inc. 8.25% Series D Cumulative Redeemable Perpetual Preferred Stock,$19.195,0.195,1.026%,0,2159,Consumer Services,Real Estate Investment Trusts,
SOHOO,Sotherly Hotels Inc. 7.875% Series C Cumulative Redeemable Perpetual Preferred Stock,$18.5001,0.0001,0.001%,0,350,Consumer Services,Real Estate Investment Trusts,
SOND,Sonder Holdings Inc. Class A Common Stock,$4.75,0.03,0.636%,,419564,,,
SONDW,Sonder Holdings Inc. Warrants,$0.7111,0,0.00%,0,122,,,
SONM,Sonim Technologies Inc. Common Stock,$1.22,0.62,103.333%,19601034,88966164,Capital Goods,Telecommunications Equipment,
SONN,Sonnet BioTherapeutics Holdings Inc. Common Stock,$0.2758,-0.0032,-1.147%,16617126,383409,Health Care,Biotechnology: Commercial Physical & Biological Resarch,
SONO,Sonos Inc. Common Stock,$24.49,1.21,5.198%,3125134908,1928677,Consumer Services,Consumer Electronics/Video Chains,
SOPA,Society Pass Incorporated Common Stock,$2.17,0.12,5.854%,58518935,736196,Technology,EDP Services,
SOTK,Sono-Tek Corporation Common Stock,$4.45,0.14,3.248%,69952754,10351,Capital Goods,Industrial Machinery/Components,
SOVO,Sovos Brands Inc. Common Stock,$10.84,-0.41,-3.644%,1093675209,1207647,Consumer Non-Durables,Specialty Foods,
SP,SP Plus Corporation Common Stock,$30.44,0.07,0.23%,706952532,39980,Miscellaneous,Other Consumer Services,
SPCMU,Sound Point Acquisition Corp I Ltd Unit,$10.05,0,0.00%,0,50,,,
SPFI,South Plains Financial Inc. Common Stock,$27.61,-0.42,-1.498%,488521373,7854,Finance,Major Banks,
SPKB,Silver Spike Acquisition Corp II Class A Ordinary Shares,$9.73,-0.04,-0.409%,349671875,32846,Finance,Business Services,
SPKBU,Silver Spike Acquisition Corp II Units,$9.77,-0.08,-0.812%,0,308,Finance,Business Services,
SPKBW,Silver Spike Acquisition Corp II Warrant,$0.28,0.019,7.28%,0,514,Finance,Business Services,
SPLK,Splunk Inc. Common Stock,$111.93,1.71,1.551%,17773048610,2403182,Technology,Computer Software: Prepackaged Software,
SPNE,SeaSpine Holdings Corporation Common Stock,$11.26,0.15,1.35%,410334420,99301,Health Care,Medical Specialities,
SPOK,Spok Holdings Inc. Common Stock,$8.20,-0.1725,-2.06%,161888598,164312,Technology,Retail: Computer Software & Peripheral Equipment,
SPPI,Spectrum Pharmaceuticals Inc.Common Stock,$0.7322,0.0182,2.549%,129201333,1594284,Health Care,Biotechnology: Pharmaceutical Preparations,
SPRB,Spruce Biosciences Inc. Common Stock,$1.85,-0.03,-1.596%,43406715,89658,Consumer Durables,Specialty Chemicals,
SPRO,Spero Therapeutics Inc. Common Stock,$8.14,0.16,2.005%,263114242,130281,Health Care,Biotechnology: Pharmaceutical Preparations,
SPSC,SPS Commerce Inc. Common Stock,$121.17,2.06,1.729%,4362727425,124783,Technology,EDP Services,
SPT,Sprout Social Inc Class A Common Stock,$60.96,2.35,4.01%,3304992608,428156,Technology,EDP Services,
SPTK,SportsTek Acquisition Corp. Class A Common Stock,$9.745,-0.025,-0.256%,210126563,21695,,,
SPTKU,SportsTek Acquisition Corp. Unit,$9.80,-0.07,-0.709%,0,169887,,,
SPTKW,SportsTek Acquisition Corp. Warrant,$0.2201,0,0.00%,0,25,,,
SPTN,SpartanNash Company Common Stock,$30.27,-0.23,-0.754%,1087349375,279166,Consumer Non-Durables,Food Distributors,
SPWH,Sportsman's Warehouse Holdings Inc. Common Stock,$11.29,0.22,1.987%,495405019,576935,Consumer Services,Other Specialty Stores,
SPWR,SunPower Corporation Common Stock,$19.15,0.475,2.544%,3315170711,4475790,Technology,Semiconductors,
SQFT,Presidio Property Trust Inc. Class A Common Stock,$3.72,-0.085,-2.234%,44261271,42785,Consumer Services,Real Estate Investment Trusts,
SQFTP,Presidio Property Trust Inc. 9.375% Series D Cumulative Redeemable Perpetual Preferred Stock $0.01 par value per share,$22.96,-0.39,-1.67%,0,2211,Consumer Services,Real Estate Investment Trusts,
SQFTW,Presidio Property Trust Inc. Series A Common Stock Purchase Warrants,$0.1961,-0.0239,-10.864%,0,34238,Consumer Services,Real Estate Investment Trusts,
SQL,SeqLL Inc. Common stock,$1.08,0.0048,0.446%,12837289,57531,Health Care,Medical Specialities,
SQLLW,SeqLL Inc. Warrant,$0.4639,0,0.00%,0,200,Health Care,Medical Specialities,
SRAX,SRAX Inc. Class A Common Stock,$4.47,0.01,0.224%,116886173,103100,Technology,Advertising,
SRCE,1st Source Corporation Common Stock,$49.31,-0.04,-0.081%,1220432510,34487,Finance,Major Banks,
SRCL,Stericycle Inc. Common Stock,$56.92,1.13,2.025%,5231716818,373532,Public Utilities,Environmental Services,
SRDX,Surmodics Inc. Common Stock,$41.62,0.63,1.537%,581681120,30636,Health Care,Biotechnology: Electromedical & Electrotherapeutic Apparatus,
SREV,ServiceSource International Inc. Common Stock,$1.27,0,0.00%,125872281,37105,Technology,Retail: Computer Software & Peripheral Equipment,
SRGA,Surgalign Holdings Inc. Common Stock,$0.33,0.0184,5.905%,63973450,5856704,Health Care,Industrial Specialties,
SRNE,Sorrento Therapeutics Inc.  Common Stock,$2.16,0.16,8.00%,742624459,8142768,Health Care,Biotechnology: Commercial Physical & Biological Resarch,
SRPT,Sarepta Therapeutics Inc. Common Stock (DE),$76.17,1.63,2.187%,6638184194,464970,Health Care,Biotechnology: Pharmaceutical Preparations,
SRRK,Scholar Rock Holding Corporation Common Stock,$12.05,-0.38,-3.057%,425334333,305807,Health Care,Biotechnology: Pharmaceutical Preparations,
SRSA,Sarissa Capital Acquisition Corp. Class A Ordinary Shares,$9.96,0.13,1.322%,249000000,1076,Finance,Business Services,
SRSAU,Sarissa Capital Acquisition Corp. Unit,$9.86,0.03,0.305%,0,100,Finance,Business Services,
SRTS,Sensus Healthcare Inc. Common Stock,$9.52,-0.37,-3.741%,158196448,439817,Health Care,Medical/Dental Instruments,
SRZN,Surrozen Inc. Common Stock,$3.17,-0.16,-4.805%,111353880,105063,Consumer Durables,Specialty Chemicals,
SRZNW,Surrozen Inc. Warrant,$0.4679,0.1179,33.686%,0,1100,Consumer Durables,Specialty Chemicals,
SSAA,Science Strategic Acquisition Corp. Alpha Class A Common Stock,$9.76,-0.02,-0.204%,378810000,1025053,,,
SSAAU,Science Strategic Acquisition Corp. Alpha Unit,$9.81,-0.01,-0.102%,0,300,,,
SSAAW,Science Strategic Acquisition Corp. Alpha Warrant,$0.1901,-0.0599,-23.96%,0,193072,,,
SSB,SouthState Corporation Common Stock,$84.90,-0.69,-0.806%,6473323520,415617,Finance,Major Banks,
SSBI,Summit State Bank Common Stock,$16.13,-0.02,-0.124%,107825163,2959,Finance,Major Banks,
SSBK,Southern States Bancshares Inc. Common Stock,$21.91,0.11,0.505%,197471697,20020,Finance,Commercial Banks,
SSIC,Silver Spike Investment Corp. Common Stock,$13.1215,-0.3785,-2.804%,81540754,2839,Consumer Durables,Specialty Chemicals,
SSKN,Strata Skin Sciences Inc. Common Stock,$1.45,-0.01,-0.685%,50348417,7920,Health Care,Medical/Dental Instruments,
SSNC,SS&C Technologies Holdings Inc. Common Stock,$76.76,0.57,0.748%,19681208272,1293459,Technology,EDP Services,
SSNT,SilverSun Technologies Inc. Common Stock,$3.27,0,0.00%,14719156,76157,Technology,Computer Software: Prepackaged Software,
SSP,E.W. Scripps Company (The) Class A Common Stock,$20.38,0.1,0.493%,1684371743,256311,Consumer Services,Broadcasting,
SSSS,SuRo Capital Corp. Common Stock,$8.78,0.51,6.167%,273220922,480828,Finance,Finance/Investors Services,
SSSSL,SuRo Capital Corp. 6.00% Notes due 2026,$25.50,0.09,0.354%,0,300,,,
SSTI,ShotSpotter Inc. Common Stock,$27.82,0.22,0.797%,324822425,67062,Technology,Computer Software: Prepackaged Software,
SSYS,Stratasys Ltd. Ordinary Shares (Israel),$22.83,1.12,5.159%,1500738543,528489,Technology,Computer peripheral equipment,
STAA,STAAR Surgical Company Common Stock,$59.51,1.53,2.639%,2841879995,690414,Health Care,Ophthalmic Goods,
STAB,Statera Biopharma Inc. Common Stock,$0.6065,-0.0841,-12.178%,21793822,796860,Health Care,Biotechnology: Pharmaceutical Preparations,
STAF,Staffing 360 Solutions Inc. Common Stock (DE),$0.6802,-0.0163,-2.34%,11732872,24751,Technology,Diversified Commercial Services,
STBA,S&T Bancorp Inc. Common Stock,$31.15,-0.23,-0.733%,1143323245,102691,Finance,Major Banks,
STCN,Steel Connect Inc. Common Stock,$1.27,-0.05,-3.788%,76755821,172430,Technology,Advertising,
STEP,StepStone Group Inc. Class A Common Stock,$31.41,0.4,1.29%,1909454921,198373,Finance,Finance/Investors Services,
STER,Sterling Check Corp. Common Stock,$22.46,0.97,4.514%,2150477059,193326,Technology,Computer Software: Prepackaged Software,
STIM,Neuronetics Inc. Common Stock,$2.89,-0.13,-4.305%,76954359,251597,Health Care,Managed Health Care,
STKS,The ONE Group Hospitality Inc. Common Stock,$10.60,0.41,4.024%,340340931,141410,Consumer Services,Restaurants,
STLD,Steel Dynamics Inc.,$73.11,1.62,2.266%,13985881734,2046431,Basic Industries,Steel/Iron Ore,
STOK,Stoke Therapeutics Inc. Common Stock,$20.34,0.85,4.361%,759886494,118889,Health Care,Biotechnology: Pharmaceutical Preparations,
STRA,Strategic Education Inc. Common Stock,$61.47,3.06,5.239%,1511676264,225306,Miscellaneous,Service to the Health Industry,
STRC,Sarcos Technology and Robotics Corporation Common Stock,$5.45,0.06,1.113%,778525851,72585,Capital Goods,Wholesale Distributors,
STRCW,Sarcos Technology and Robotics Corporation Warrants,$0.80,-0.1,-11.111%,0,9813,Capital Goods,Wholesale Distributors,
STRL,Sterling Construction Company Inc Common Stock,$27.69,-0.67,-2.362%,826236427,135676,Capital Goods,Oilfield Services/Equipment,
STRM,Streamline Health Solutions Inc. Common Stock,$1.33,0,0.00%,63308843,29597,Technology,EDP Services,
STRN,Stran & Company Inc. Common Stock,$1.54,0.04,2.667%,30809129,801393,Technology,Advertising,
STRNW,Stran & Company Inc. Warrant,$0.2601,-0.0345,-11.711%,0,271,Technology,Advertising,
STRO,Sutro Biopharma Inc. Common Stock,$8.10,0.32,4.113%,375687817,306554,Health Care,Biotechnology: Pharmaceutical Preparations,
STRR,Star Equity Holdings Inc. Common Stock,$1.13,0.04,3.67%,16928435,304581,Health Care,Biotechnology: In Vitro & In Vivo Diagnostic Substances,
STRRP,Star Equity Holdings Inc. Series A Cumulative Perpetual Preferred Stock,$9.97,-0.055,-0.549%,0,1636,Health Care,Biotechnology: In Vitro & In Vivo Diagnostic Substances,
STRS,Stratus Properties Inc. Common Stock,$39.90,0.13,0.327%,328983600,29252,Consumer Services,Homebuilding,
STRT,STRATTEC SECURITY CORPORATION Common Stock,$37.53,0.03,0.08%,148386039,2554,Capital Goods,Auto Parts:O.E.M.,
STSA,Satsuma Pharmaceuticals Inc. Common Stock,$3.79,0.01,0.265%,119496490,19175,Health Care,Biotechnology: Pharmaceutical Preparations,
STTK,Shattuck Labs Inc. Common Stock,$4.43,0.14,3.263%,187152168,144054,Health Care,Biotechnology: Pharmaceutical Preparations,
STXB,Spirit of Texas Bancshares Inc. Common Stock,$28.31,-0.14,-0.492%,494176161,23739,Finance,Commercial Banks,
SUMO,Sumo Logic Inc. Common Stock,$9.02,-0.13,-1.421%,1010275981,1744097,Technology,Retail: Computer Software & Peripheral Equipment,
SUMR,Summer Infant Inc. Common Stock,$8.50,1.45,20.567%,18400018,42010,Capital Goods,Office Equipment/Supplies/Services,
SUNS,SLR Senior Investment Corp. Common Stock,$13.45,0.06,0.448%,215859507,22380,Finance,Finance/Investors Services,
SUNW,Sunworks Inc. Common Stock,$3.04,0.52,20.635%,50552136,2723417,Technology,Semiconductors,
SUPN,Supernus Pharmaceuticals Inc. Common Stock,$30.18,0.07,0.232%,1604995578,176201,Health Care,Biotechnology: Pharmaceutical Preparations,
SURF,Surface Oncology Inc. Common Stock,$2.70,-0.02,-0.735%,107746378,435106,Health Care,Biotechnology: Pharmaceutical Preparations,
SURG,SurgePays Inc. Common Stock,$3.73,0.27,7.803%,44933549,79544,Technology,Computer Software: Prepackaged Software,
SURGW,SurgePays Inc. Warrant,$0.815,0.045,5.844%,0,8500,Technology,Computer Software: Prepackaged Software,
SV,Spring Valley Acquisition Corp. Class A Ordinary Share,$10.06,-0.02,-0.198%,289225000,310153,Finance,Business Services,
SVC,Service Properties Trust Common Stock,$8.25,0.12,1.476%,1362011747,1261506,Consumer Services,Real Estate Investment Trusts,
SVFA,SVF Investment Corp. Class A Ordinary Shares,$9.78,0,0.00%,738084375,76294,Finance,Business Services,
SVFAU,SVF Investment Corp. Unit,$9.86,-0.01,-0.101%,0,27447,Finance,Business Services,
SVFAW,SVF Investment Corp. Warrant,$0.5106,-0.0021,-0.41%,0,29464,Finance,Business Services,
SVFB,SVF Investment Corp. 2 Class A Ordinary Shares,$9.76,-0.01,-0.102%,288017600,66776,Finance,Business Services,
SVFC,SVF Investment Corp. 3 Class A Ordinary Shares,$9.92,0.04,0.405%,407116800,137685,Finance,Business Services,
SVNAW,7 Acquisition Corporation Warrant,$0.30,-0.04,-11.765%,0,2600,,,
SVRA,Savara Inc. Common Stock,$1.08,0.03,2.857%,122978314,97725,Health Care,Biotechnology: Pharmaceutical Preparations,
SVSVU,Spring Valley Acquisition Corp. Unit,$10.855,-0.145,-1.318%,0,227,Finance,Business Services,
SVSVW,Spring Valley Acquisition Corp. Warrant,$1.40,-0.04,-2.778%,0,64268,Finance,Business Services,
SVVC,Firsthand Technology Value Fund Inc. Common Stock,$3.34,0.035,1.059%,23022807,4031,Finance,Finance/Investors Services,
SWAG,Software Acquisition Group Inc. III Class A Common Stock,$9.98,0,0.00%,284528153,1,,,
SWAGW,Software Acquisition Group Inc. III Warrant,$0.24,-0.0096,-3.846%,0,1160,,,
SWAV,ShockWave Medical Inc. Common Stock,$153.72,5.01,3.369%,5480665704,264377,Health Care,Medical/Dental Instruments,
SWBI,Smith & Wesson Brands Inc. Common Stock,$15.71,-0.33,-2.057%,714970191,749022,Consumer Non-Durables,Ordnance And Accessories,
SWET,Athlon Acquisition Corp. Class A Common stock,$9.77,0.005,0.051%,337065000,1176,,,
SWETU,Athlon Acquisition Corp. Unit,$9.93,0.03,0.303%,0,945,,,
SWETW,Athlon Acquisition Corp. Warrant,$0.21,0,0.00%,0,1800,,,
SWIM,Latham Group Inc. Common Stock,$13.48,-0.5,-3.577%,1623347832,1383285,Capital Goods,Engineering & Construction,
SWKH,SWK Holdings Corporation Common Stock,$18.48,-0.07,-0.377%,236718414,3561,Finance,Finance/Investors Services,
SWKS,Skyworks Solutions Inc. Common Stock,$125.49,4.93,4.089%,20581083575,2366411,Technology,Semiconductors,
SWSS,Springwater Special Situations Corp. Common stock,$9.84,0.01,0.102%,221221296,4680,,,
SWSSU,Springwater Special Situations Corp. Unit,$10.01,0.01,0.10%,0,6920,,,
SWSSW,Springwater Special Situations Corp. Warrant,$0.395,-0.0249,-5.93%,0,14206,,,
SWTX,SpringWorks Therapeutics Inc. Common Stock,$53.21,-3.18,-5.639%,2625584875,498512,Health Care,Biotechnology: Pharmaceutical Preparations,
SYBT,Stock Yards Bancorp Inc. Common Stock,$53.75,0.05,0.093%,1567667018,58858,Finance,Major Banks,
SYBX,Synlogic Inc. Common Stock,$1.94,-0.19,-8.92%,135235918,73348,Health Care,Biotechnology: Pharmaceutical Preparations,
SYNA,Synaptics Incorporated Common Stock $0.001 Par Value,$213.82,15.87,8.017%,8450958603,373752,Technology,Computer peripheral equipment,
SYNH,Syneos Health Inc. Class A Common Stock,$76.97,1.44,1.907%,8021900992,581456,Health Care,Biotechnology: Commercial Physical & Biological Resarch,
SYNL,Synalloy Corporation Common Stock,$18.34,1.18,6.876%,186397820,94467,Basic Industries,Steel/Iron Ore,
SYPR,Sypris Solutions Inc. Common Stock,$2.30,-0.04,-1.709%,50254365,112029,Capital Goods,Auto Parts:O.E.M.,
SYRS,Syros Pharmaceuticals Inc. Common Stock,$1.11,0.04,3.738%,68761337,267023,Health Care,Biotechnology: Pharmaceutical Preparations,
SZZL,Sizzle Acquisition Corp. Common stock,$9.95,0.01,0.101%,216617470,401,,,
SZZLU,Sizzle Acquisition Corp. Unit,$10.038,-0.0121,-0.12%,0,1200,,,
SZZLW,Sizzle Acquisition Corp. Warrant,$0.1414,-0.0487,-25.618%,0,2410,,,
TA,TravelCenters of America Inc. Common Stock,$43.31,3.41,8.546%,631416490,231468,Consumer Services,Food Chains,
TACT,TransAct Technologies Incorporated Common Stock,$7.01,-0.3,-4.104%,68946007,95399,Technology,Computer peripheral equipment,
TAIT,Taitron Components Incorporated Class A Common Stock,$3.73,-0.09,-2.356%,21880851,65592,Technology,Electronic Components,
TALK,Talkspace Inc. Common Stock,$1.40,0.07,5.263%,213158030,262819,Health Care,Managed Health Care,
TALKW,Talkspace Inc. Warrant,$0.1949,0.0139,7.68%,0,13229,Health Care,Managed Health Care,
TALS,Talaris Therapeutics Inc. Common Stock,$7.46,-0.09,-1.192%,308505637,22273,Health Care,Biotechnology: Pharmaceutical Preparations,
TANNI,TravelCenters of America Inc. 8.25% Senior Notes due 2028,$25.70,0.0128,0.05%,0,4367,Consumer Services,Food Chains,
TANNL,TravelCenters of America Inc. 8.00% Senior Notes due 2029,$25.2999,0.1198,0.476%,0,2646,Consumer Services,Food Chains,
TANNZ,TravelCenters of America Inc. 8.00% Senior Notes due 2030,$25.3701,-0.0219,-0.086%,0,4641,Consumer Services,Food Chains,
TARA,Protara Therapeutics Inc.  Common Stock,$4.47,0.22,5.176%,50296114,17176,Health Care,Biotechnology: Pharmaceutical Preparations,
TARS,Tarsus Pharmaceuticals Inc. Common Stock,$17.71,0.18,1.027%,366189528,45169,Consumer Durables,Specialty Chemicals,
TASK,TaskUs Inc. Class A Common Stock,$32.36,1.56,5.065%,3153933681,236227,Technology,Retail: Computer Software & Peripheral Equipment,
TAST,Carrols Restaurant Group Inc. Common Stock,$2.11,0.09,4.455%,115132137,250257,Consumer Services,Restaurants,
TAYD,Taylor Devices Inc. Common Stock,$9.78,-0.11,-1.112%,34202068,2416,Capital Goods,Industrial Machinery/Components,
TBBK,The Bancorp Inc Common Stock,$28.56,0.33,1.169%,1639297761,356222,Finance,Major Banks,
TBCP,Thunder Bridge Capital Partners III Inc. Class A Common Stock,$9.75,0,0.00%,514341750,8529,,,
TBCPU,Thunder Bridge Capital Partners III Inc. Units,$9.81,0,0.00%,0,1101,,,
TBCPW,Thunder Bridge Capital Partners III Inc. Warrant,$0.4646,-0.0254,-5.184%,0,1489,,,
TBK,Triumph Bancorp Inc. Common Stock,$94.21,1.29,1.388%,2371733547,128638,Finance,Major Banks,
TBKCP,Triumph Bancorp Inc. Depositary Shares Each Representing a 1/40th Interest in a Share of 7.125% Series C Fixed-Rate Non-Cumulative Perpetual Preferred Stock,$25.44,-0.07,-0.274%,0,1801,Finance,Major Banks,
TBLD,Thornburg Income Builder Opportunities Trust Common Stock,$16.13,0.15,0.939%,517480773,79807,Finance,Investment Managers,
TBLT,ToughBuilt Industries Inc. Common Stock,$0.1632,0.0087,5.631%,21101775,2911212,Capital Goods,Diversified Manufacture,
TBLTW,ToughBuilt Industries Inc. Warrant,$0.079,-0.001,-1.25%,0,1253,Capital Goods,Diversified Manufacture,
TBNK,Territorial Bancorp Inc. Common Stock,$24.93,0.03,0.12%,232897556,4504,Finance,Savings Institutions,
TCAC,Tuatara Capital Acquisition Corporation Class A Ordinary Shares,$9.90,0.04,0.406%,247500000,15388,Finance,Business Services,
TCACU,Tuatara Capital Acquisition Corporation Unit,$10.00,0,0.00%,0,5,Finance,Business Services,
TCACW,Tuatara Capital Acquisition Corporation Warrant,$0.1013,-0.0808,-44.371%,0,348452,Finance,Business Services,
TCBC,TC Bancshares Inc. Common Stock,$13.41,-0.02,-0.149%,65686874,3675,Finance,Major Banks,
TCBI,Texas Capital Bancshares Inc. Common Stock,$60.91,-0.26,-0.425%,3087583937,273438,Finance,Major Banks,
TCBIO,Texas Capital Bancshares Inc. Depositary Shares 5.75% Fixed Rate Non-Cumulative Perpetual Preferred Stock Series B,$24.40,0.51,2.135%,0,17680,Finance,Major Banks,
TCBK,TriCo Bancshares Common Stock,$42.17,-0.48,-1.125%,1253731980,132453,Finance,Major Banks,
TCBS,Texas Community Bancshares Inc. Common Stock,$17.10,-0.21,-1.213%,51362466,3507,Finance,Banks,
TCBX,Third Coast Bancshares Inc. Common Stock,$22.70,0.15,0.665%,303126084,39868,Finance,Major Banks,
TCDA,Tricida Inc. Common Stock,$8.72,0.13,1.513%,483088000,226710,Health Care,Biotechnology: Pharmaceutical Preparations,
TCFC,The Community Financial Corporation Common Stock,$40.13,-0.08,-0.199%,228315823,406,Finance,Major Banks,
TCMD,Tactile Systems Technology Inc. Common Stock,$16.86,0.56,3.436%,335256447,149886,Health Care,Medical/Dental Instruments,
TCON,TRACON Pharmaceuticals Inc. Common Stock,$2.70,0.04,1.504%,52503938,111429,Health Care,Biotechnology: Biological Products (No Diagnostic Substances),
TCPC,BlackRock TCP Capital Corp. Common Stock,$13.99,0,0.00%,808164023,437815,Finance,Finance/Investors Services,
TCRR,TCR2 Therapeutics Inc. Common Stock,$2.46,0.06,2.50%,94022292,498612,Health Care,Biotechnology: Pharmaceutical Preparations,
TCRT,Alaunos Therapeutics Inc. Common Stock,$0.6697,0.0016,0.239%,144752860,3117615,Health Care,Biotechnology: Pharmaceutical Preparations,
TCRX,TScan Therapeutics Inc. Common Stock,$3.61,-0.03,-0.824%,86556761,20541,Health Care,Biotechnology: Pharmaceutical Preparations,
TCVA,TCV Acquisition Corp. Class A Ordinary Shares,$9.71,0.01,0.103%,496181000,4196,Finance,Business Services,
TDUP,ThredUp Inc. Class A Common Stock,$6.67,0.46,7.407%,650272574,845118,Consumer Non-Durables,Department/Specialty Retail Stores,
TECH,Bio-Techne Corp Common Stock,$405.60,13.39,3.414%,15935315822,224781,Health Care,Biotechnology: Biological Products (No Diagnostic Substances),
TECTP,Tectonic Financial Inc. 9.00% Fixed-to-Floating Rate Series B Non-Cumulative Perpetual Preferred Stock,$10.56,0,0.00%,0,65,Finance,Commercial Banks,
TEKK,Tekkorp Digital Acquisition Corp. Class A Ordinary Shares,$9.84,0.02,0.204%,307500000,4335,Finance,Business Services,
TEKKU,Tekkorp Digital Acquisition Corp. Unit,$10.00,0,0.00%,0,50,Finance,Business Services,
TEKKW,Tekkorp Digital Acquisition Corp. Warrant,$0.246,-0.004,-1.60%,0,36122,Finance,Business Services,
TELA,TELA Bio Inc. Common Stock,$11.68,-0.03,-0.256%,169401698,1679,Health Care,Biotechnology: Electromedical & Electrotherapeutic Apparatus,
TENB,Tenable Holdings Inc. Common Stock,$50.16,1.89,3.915%,5506579045,1041032,Technology,EDP Services,
TENX,Tenax Therapeutics Inc. Common Stock,$0.53,-0.006,-1.119%,13359664,20122,Health Care,Biotechnology: Commercial Physical & Biological Resarch,
TER,Teradyne Inc. Common Stock,$110.51,4.94,4.679%,17948707753,1523197,Capital Goods,Electrical Products,
TERN,Terns Pharmaceuticals Inc. Common Stock,$2.93,-0.07,-2.333%,74038964,38471,Health Care,Biotechnology: Pharmaceutical Preparations,
TESS,TESSCO Technologies Incorporated Common Stock,$5.71,0.14,2.513%,51296162,42308,Capital Goods,Telecommunications Equipment,
TETC,Tech and Energy Transition Corporation Class A Common Stock,$9.75,0,0.00%,469218750,61,,,
TETCU,Tech and Energy Transition Corporation Unit,$9.82,-0.05,-0.507%,0,150001,,,
TETCW,Tech and Energy Transition Corporation Warrant,$0.3502,0.0001,0.029%,0,900,,,
TFFP,TFF Pharmaceuticals Inc. Common Stock,$5.81,0.13,2.289%,147410048,57152,Consumer Durables,Specialty Chemicals,
TFSL,TFS Financial Corporation Common Stock,$16.42,-0.01,-0.061%,4611567722,151332,Finance,Savings Institutions,
TGAN,Transphorm Inc. Common Stock,$7.00,-0.14,-1.961%,373386706,68346,Technology,Semiconductors,
TGTX,TG Therapeutics Inc. Common Stock,$7.99,0.18,2.305%,1141110459,2153599,Health Care,Biotechnology: Pharmaceutical Preparations,
TGVC,TG Venture Acquisition Corp. Class A Common Stock,$9.92,0.02,0.202%,143310758,190701,,,
TGVCU,TG Venture Acquisition Corp. Units,$10.05,0,0.00%,0,1329,,,
TGVCW,TG Venture Acquisition Corp. Warrants,$0.1797,-0.0203,-10.15%,0,3331,,,
TH,Target Hospitality Corp. Common Stock,$5.255,-0.565,-9.708%,535154996,1115164,Energy,Oil & Gas Production,
THAC,Thrive Acquisition Corporation Class A ordinary shares,$9.99,0,0.00%,215409375,7,,,
THACW,Thrive Acquisition Corporation Warrant,$0.2954,0.0654,28.435%,0,600,,,
THCA,Tuscan Holdings Corp. II Common Stock,$10.2001,-0.0099,-0.097%,143261884,6216,,,
THCAU,Tuscan Holdings Corp. II Unit,$10.236,0,0.00%,0,5,,,
THCAW,Tuscan Holdings Corp. II Warrant,$0.2314,0.0679,41.529%,0,2200,,,
THCPU,Thunder Bridge Capital Partners IV Inc. Unit,$9.8001,0,0.00%,0,194,,,
THFF,First Financial Corporation Indiana Common Stock,$45.62,-0.9,-1.935%,568923644,128161,Finance,Major Banks,
THMO,ThermoGenesis Holdings Inc. Common Stock,$0.5672,0.0232,4.265%,6756364,57385,Capital Goods,Medical Specialities,
THRM,Gentherm Inc Common Stock,$70.13,1.79,2.619%,2315800320,185468,Capital Goods,Auto Parts:O.E.M.,
THRN,Thorne Healthtech Inc. Common Stock,$4.73,0.37,8.486%,248539293,66242,Consumer Non-Durables,Farming/Seeds/Milling,
THRX,Theseus Pharmaceuticals Inc. Common Stock,$9.54,0.04,0.421%,369223281,18783,Health Care,Biotechnology: Pharmaceutical Preparations,
THRY,Thryv Holdings Inc. Common Stock,$29.85,0.85,2.931%,1019237533,187474,Capital Goods,Industrial Machinery/Components,
THWWW,Target Hospitality Corp. Warrant expiring 3/15/2024,$0.434,-0.0191,-4.215%,0,22472,Energy,Oil & Gas Production,
TIG,Trean Insurance Group Inc. Common Stock,$3.97,0.48,13.754%,203164301,943788,,,
TIL,Instil Bio Inc. Common Stock,$9.88,0.31,3.239%,1275804351,188747,Health Care,Biotechnology: Pharmaceutical Preparations,
TILE,Interface Inc. Common Stock,$13.17,0.42,3.294%,780753304,195278,,,
TIPT,Tiptree Inc. Common Stock,$12.34,0.02,0.162%,421092048,38593,Finance,Accident &Health Insurance,
TITN,Titan Machinery Inc. Common Stock,$27.84,0.19,0.687%,628931101,78439,,,
TIVC,Tivic Health Systems Inc. Common Stock,$1.5183,-0.0317,-2.045%,14750640,54855,Health Care,Biotechnology: Electromedical & Electrotherapeutic Apparatus,
TKNO,Alpha Teknova Inc. Common Stock,$14.84,-0.28,-1.852%,415696848,66882,Consumer Durables,Specialty Chemicals,
TLGYU,TLGY Acquisition Corporation Unit,$10.05,0.04,0.40%,0,230000,,,
TLGYW,TLGY Acquisition Corporation Warrant,$0.17,-0.0325,-16.049%,0,253303,,,
TLIS,Talis Biomedical Corporation Common Stock,$1.69,0.07,4.321%,90150600,383302,Health Care,Biotechnology: Electromedical & Electrotherapeutic Apparatus,
TLMD,SOC Telemed Inc. Class A Common Stock,$2.93,0.01,0.342%,296688905,626059,Health Care,Managed Health Care,
TLMDW,SOC Telemed Inc. Warrants,$0.7542,0.004,0.533%,0,1004,Health Care,Managed Health Care,
TLS,Telos Corporation Common Stock,$10.27,0.48,4.903%,685576212,984839,Technology,EDP Services,
TMCI,Treace Medical Concepts Inc. Common Stock,$18.85,1.15,6.497%,1032003570,332562,Health Care,Biotechnology: Electromedical & Electrotherapeutic Apparatus,
TMDX,TransMedics Group Inc. Common Stock,$17.76,0.72,4.225%,496604303,153179,Health Care,Biotechnology: Electromedical & Electrotherapeutic Apparatus,
TMKR,Tastemaker Acquisition Corp. Class A Common Stock,$9.90,0.01,0.101%,341550000,39719,,,
TMKRU,Tastemaker Acquisition Corp. Unit,$9.93,-0.05,-0.501%,0,43605,,,
TMKRW,Tastemaker Acquisition Corp. Warrant to purchase Class A common stock,$0.2001,-0.0073,-3.52%,0,25450,,,
TMPM,Turmeric Acquisition Corp. Class A Ordinary Shares,$9.84,0,0.00%,124321020,50000,Finance,Business Services,
TMPMW,Turmeric Acquisition Corp. Warrant,$0.31,0,0.00%,0,12,Finance,Business Services,
TMUS,T-Mobile US Inc. Common Stock,$126.28,2.21,1.781%,157760335391,3878657,Public Utilities,Telecommunications Equipment,
TNDM,Tandem Diabetes Care Inc. Common Stock,$102.46,0.57,0.559%,6544356883,701511,Health Care,Medical/Dental Instruments,
TNGX,Tango Therapeutics Inc.,$8.83,0.5,6.002%,773034977,673753,Health Care,Biotechnology: Pharmaceutical Preparations,
TNXP,Tonix Pharmaceuticals Holding Corp. Common Stock,$0.2126,0.0026,1.238%,105501807,14005983,Health Care,Biotechnology: Pharmaceutical Preparations,
TNYA,Tenaya Therapeutics Inc. Common Stock,$11.48,0.72,6.691%,473908291,148036,Consumer Durables,Specialty Chemicals,
TOAC,Talon 1 Acquisition Corp. Class A Ordinary Shares,$10.02,0,0.00%,288075000,13,,,
TOACU,Talon 1 Acquisition Corp. Unit,$10.18,0,0.00%,0,55,,,
TOACW,Talon 1 Acquisition Corp. Warrant,$0.2514,-0.0086,-3.308%,0,1400,,,
TOI,The Oncology Institute Inc. Common Stock,$6.84,0.81,13.433%,572167300,132216,Health Care,Medical Specialities,
TOIIW,The Oncology Institute Inc. Warrant,$0.90,-0.0648,-6.716%,0,11093,Health Care,Medical Specialities,
TOMZ,TOMI Environmental Solutions Inc. Common Stock,$0.8601,-0.0199,-2.261%,16927589,17474,,,
TOWN,TowneBank Common Stock,$31.01,-0.22,-0.704%,2253704591,172307,Finance,Major Banks,
TPBA,TPB Acquisition Corporation I Class A Ordinary Share,$9.63,0.02,0.208%,217111942,29644,,,
TPG,TPG Inc. Class A Common Stock,$27.38,0.49,1.822%,2116341344,1069967,Finance,Trusts Except Educational Religious and Charitable,
TPIC,TPI Composites Inc. Common Stock,$13.14,0.68,5.457%,488545253,1080641,Technology,Industrial Machinery/Components,
TPST,Tempest Therapeutics Inc. Common Stock,$2.31,0.04,1.762%,15962848,10104,Health Care,Biotechnology: Pharmaceutical Preparations,
TPTX,Turning Point Therapeutics Inc. Common Stock,$25.11,0.38,1.537%,1246025947,670268,Health Care,Biotechnology: Pharmaceutical Preparations,
TRDA,Entrada Therapeutics Inc. Common Stock,$8.98,0.8,9.78%,280291447,383068,Health Care,Biotechnology: Pharmaceutical Preparations,
TREE,LendingTree Inc. Common Stock,$101.61,5.68,5.921%,1317549232,174841,Finance,Finance/Investors Services,
TRHC,Tabula Rasa HealthCare Inc. Common Stock,$4.70,0.07,1.512%,120939493,1015307,Miscellaneous,Business Services,
TRIN,Trinity Capital Inc. Common Stock,$17.30,0.29,1.705%,472090773,37078,Finance,Finance/Investors Services,
TRIP,TripAdvisor Inc. Common Stock,$24.08,0.35,1.475%,3339250271,2301011,,,
TRKA,Troika Media Group Inc. Common Stock,$1.04,-0.02,-1.887%,45406001,199560,Technology,Advertising,
TRKAW,Troika Media Group Inc. Warrant,$0.22,-0.0299,-11.965%,0,1434,Technology,Advertising,
TRMB,Trimble Inc. Common Stock,$66.22,1.99,3.098%,16635494582,899801,Capital Goods,Industrial Machinery/Components,
TRMK,Trustmark Corporation Common Stock,$31.61,-0.13,-0.41%,1943813486,205531,Finance,Major Banks,
TRNS,Transcat Inc. Common Stock,$78.39,4.24,5.718%,589593453,44499,Technology,Industrial Machinery/Components,
TRON,Corner Growth Acquisition Corp. 2 Class A Ordinary Share,$9.9221,0.0021,0.021%,229448563,69005,Finance,Business Services,
TRONU,Corner Growth Acquisition Corp. 2 Units,$9.90,0,0.00%,0,2830,,,
TRONW,Corner Growth Acquisition Corp. 2 Warrants,$0.2339,0.0539,29.944%,0,141,Finance,Business Services,
TROW,T. Rowe Price Group Inc. Common Stock,$139.39,2.45,1.789%,31793923693,1774265,Finance,Investment Managers,
TRS,TriMas Corporation Common Stock,$31.95,0.6,1.914%,1368600615,66461,Technology,Industrial Machinery/Components,
TRST,TrustCo Bank Corp NY Common Stock,$33.41,-0.35,-1.037%,642139832,68636,Finance,Major Banks,
TRUE,TrueCar Inc. Common Stock,$3.46,0.04,1.17%,334111129,1126741,,,
TRUP,Trupanion Inc. Common Stock,$76.80,4.39,6.063%,3110807808,397577,Health Care,Medical Specialities,
TRVI,Trevi Therapeutics Inc. Common Stock,$1.46,0.14,10.606%,37736002,124668,Health Care,Biotechnology: Pharmaceutical Preparations,
TRVN,Trevena Inc. Common Stock,$0.4122,0.0022,0.537%,67814407,492871,Health Care,Biotechnology: Pharmaceutical Preparations,
TSBK,Timberland Bancorp Inc. Common Stock,$28.00,-0.13,-0.462%,233799888,5918,Finance,Banks,
TSC,TriState Capital Holdings Inc. Common Stock,$30.58,0.17,0.559%,1026916246,272481,Finance,Major Banks,
TSCAP,TriState Capital Holdings Inc. Dep Shs Rep 1/40th Int 6.75% Srs A Non-Cum Pfd Stock,$25.01,-0.28,-1.107%,733437533,1173,Finance,Major Banks,
TSCBP,TriState Capital Holdings Inc. Depositary Share representing a 1/40th Interest in a Share of 6.375% Fixed-to-Floating Rate Series B Non-Cumulative Perpetual Preferred Stock,$25.00,0.01,0.04%,0,5446,Finance,Major Banks,
TSCO,Tractor Supply Company Common Stock,$227.88,3.54,1.578%,25698562890,740390,Consumer Services,Other Specialty Stores,
TSHA,Taysha Gene Therapies Inc. Common Stock,$5.35,0.125,2.392%,205835606,180473,Health Care,Biotechnology: Pharmaceutical Preparations,
TSIB,Tishman Speyer Innovation Corp. II Class A common stock,$9.75,-0.02,-0.205%,365625000,461,,,
TSIBU,Tishman Speyer Innovation Corp. II Unit,$9.82,0.01,0.102%,0,400,,,
TSIBW,Tishman Speyer Innovation Corp. II Warrant,$0.38,0.0069,1.849%,0,11719,,,
TSLA,Tesla Inc. Common Stock,$801.89,35.52,4.635%,828759418185,22234335,Capital Goods,Auto Manufacturing,
TSP,TuSimple Holdings Inc. Class A Common Stock,$9.52,0.67,7.571%,2114855196,4609523,Capital Goods,Construction/Ag Equipment/Trucks,
TSRI,TSR Inc. Common Stock,$9.10,-0.2,-2.151%,17854764,683,Technology,EDP Services,
TSVT,2seventy bio Inc. Common Stock ,$12.20,0.53,4.542%,285102874,213316,Health Care,Biotechnology: Pharmaceutical Preparations,
TTCF,Tattooed Chef Inc Class A Common Stock,$11.06,0.73,7.067%,283693546,682929,Consumer Non-Durables,Farming/Seeds/Milling,
TTD,The Trade Desk Inc. Class A Common Stock,$53.87,1.39,2.649%,26117931085,8928580,Technology,EDP Services,
TTEC,TTEC Holdings Inc. Common Stock,$78.59,0.64,0.821%,3693265062,133844,Technology,Retail: Computer Software & Peripheral Equipment,
TTEK,Tetra Tech Inc. Common Stock,$161.13,2.79,1.762%,8700924933,143787,Consumer Services,Military/Government/Technical,
TTGT,TechTarget Inc. Common Stock,$73.89,1.53,2.114%,2193189015,204116,,,
TTMI,TTM Technologies Inc. Common Stock,$12.94,0.18,1.411%,1329785803,679477,Technology,Electrical Products,
TTNP,Titan Pharmaceuticals Inc. Common Stock,$0.974,0.0057,0.589%,10727790,81028,Health Care,Biotechnology: Biological Products (No Diagnostic Substances),
TTOO,T2 Biosystems Inc. Common Stock,$0.3681,0.0041,1.126%,61252168,833634,Health Care,Biotechnology: In Vitro & In Vivo Diagnostic Substances,
TTSH,Tile Shop Holdings Inc. Common Stock,$6.54,0.1,1.553%,339591174,341174,Consumer Services,Other Specialty Stores,
TTWO,Take-Two Interactive Software Inc. Common Stock,$142.88,1.06,0.747%,16490661227,3258843,Technology,Computer Software: Prepackaged Software,
TUEM,Tuesday Morning Corp. Common Stock,$1.15,-0.01,-0.862%,98603102,35981,Miscellaneous,Diversified Commercial Services,
TUGC,TradeUP Global Corporation Class A Ordinary Shares,$9.85,0,0.00%,57484728,3699,Finance,Business Services,
TUGCU,TradeUP Global Corporation Unit,$9.95,0.05,0.505%,0,9609,Finance,Business Services,
TUGCW,TradeUP Global Corporation Warrant,$0.22,0.0075,3.529%,0,3000,Finance,Business Services,
TURN,180 Degree Capital Corp. Common Stock,$6.73,0.005,0.074%,69815809,4161,Finance,Finance/Investors Services,
TUSK,Mammoth Energy Services Inc. Common Stock,$1.78,-0.24,-11.881%,83097636,679098,,,
TVTX,Travere Therapeutics Inc. Common Stock,$23.91,0.14,0.589%,1518186252,776280,Health Care,Biotechnology: Pharmaceutical Preparations,
TVTY,Tivity Health Inc. Common Stock,$30.09,0.19,0.635%,1499183458,190703,Health Care,Medical Specialities,
TW,Tradeweb Markets Inc. Class A Common Stock,$86.08,2.34,2.794%,17555413354,595409,Finance,Investment Bankers/Brokers/Service,
TWCBW,Bilander Acquisition Corp. Warrant,$0.4999,0.0107,2.187%,0,510,,,
TWIN,Twin Disc Incorporated Common Stock,$14.89,0.225,1.534%,203429756,46660,Capital Goods,Industrial Machinery/Components,
TWKS,Thoughtworks Holding Inc. Common Stock,$20.09,1.24,6.578%,6130105516,1481746,Technology,EDP Services,
TWLV,Twelve Seas Investment Company II Class A Common Stock,$9.72,0,0.00%,430498800,4572,,,
TWLVU,Twelve Seas Investment Company II Unit,$9.77,-0.02,-0.204%,0,3883,,,
TWLVW,Twelve Seas Investment Company II Warrant,$0.1631,-0.0709,-30.299%,0,944,,,
TWNK,Hostess Brands Inc. Class A Common Stock,$20.44,0.16,0.789%,2832259238,1130219,Consumer Non-Durables,Specialty Foods,
TWOU,2U Inc. Common Stock,$10.57,0.68,6.876%,807026550,1432485,Miscellaneous,Service to the Health Industry,
TWST,Twist Bioscience Corporation Common Stock,$40.41,1.83,4.743%,2267499659,843240,Health Care,Managed Health Care,
TXG,10x Genomics Inc. Class A Common Stock,$56.20,0.5,0.898%,6341887426,1611064,Health Care,Managed Health Care,
TXMD,TherapeuticsMD Inc. Common Stock,$0.3255,0.0592,22.231%,139927893,10971909,Health Care,Biotechnology: Pharmaceutical Preparations,
TXN,Texas Instruments Incorporated Common Stock,$172.32,5.6,3.359%,159145629724,5138646,Technology,Semiconductors,
TXRH,Texas Roadhouse Inc. Common Stock,$78.35,-0.76,-0.961%,5415919148,1893229,Consumer Services,Restaurants,
TYME,Tyme Technologies Inc. Common Stock,$0.2853,-0.0026,-0.903%,49130627,359813,Health Care,Biotechnology: Pharmaceutical Preparations,
TYRA,Tyra Biosciences Inc. Common Stock,$10.03,-0.53,-5.019%,417293275,228049,Health Care,Biotechnology: Pharmaceutical Preparations,
TZOO,Travelzoo Common Stock,$5.30,-0.21,-3.811%,64970707,145027,Technology,Advertising,
TZPS,TZP Strategies Acquisition Corp. Class A Ordinary Share,$9.76,-0.02,-0.204%,350750000,81880,Finance,Business Services,
TZPSU,TZP Strategies Acquisition Corp. Unit,$9.85,-0.02,-0.203%,0,133322,Finance,Business Services,
TZPSW,TZP Strategies Acquisition Corp. Warrant,$0.30,-0.0688,-18.655%,0,10502,Finance,Business Services,
UAL,United Airlines Holdings Inc. Common Stock,$38.24,3.22,9.195%,12413710936,23162848,Transportation,Air Freight/Delivery Services,
UBCP,United Bancorp Inc. Common Stock,$16.51,-0.01,-0.061%,98556247,7571,Finance,Major Banks,
UBFO,United Security Bancshares Common Stock,$8.22,0.02,0.244%,139972125,4618,Finance,Major Banks,
UBOH,United Bancshares Inc. Common Stock,$32.55,-0.66,-1.987%,106659775,1169,Finance,Major Banks,
UBSI,United Bankshares Inc. Common Stock,$35.73,-0.17,-0.474%,4877914303,600130,Finance,Major Banks,
UBX,Unity Biotechnology Inc. Common Stock,$0.82,0.049,6.355%,47333827,871050,Consumer Durables,Specialty Chemicals,
UCBI,United Community Banks Inc. Common Stock,$37.32,-0.48,-1.27%,3955197261,502910,Finance,Major Banks,
UCBIO,United Community Banks Inc. Depositary Shares each representing 1/1000th interest in a share of Series I Non-CumulativePreferred Stock,$26.05,0.1,0.385%,0,5954,Finance,Major Banks,
UCTT,Ultra Clean Holdings Inc. Common Stock,$39.15,1.25,3.298%,1759790738,455086,Technology,Semiconductors,
UDMY,Udemy Inc. Common Stock,$10.85,0.56,5.442%,1507552306,270723,,,
UEIC,Universal Electronics Inc. Common Stock,$32.05,0.21,0.66%,410655945,83289,Consumer Non-Durables,Consumer Electronics/Appliances,
UFCS,United Fire Group Inc. Common Stock,$28.10,-0.04,-0.142%,705230702,68594,Finance,Property-Casualty Insurers,
UFPI,UFP Industries Inc. Common Stock,$85.66,2.52,3.031%,5318262176,378244,Basic Industries,Forest Products,
UFPT,UFP Technologies Inc. Common Stock,$57.35,-0.3,-0.52%,431926019,22106,Health Care,Medical/Dental Instruments,
UG,United-Guardian Inc. Common Stock,$18.58,-0.42,-2.211%,85362447,3867,Consumer Non-Durables,Package Goods/Cosmetics,
UGRO,urban-gro Inc. Common Stock,$9.85,-0.03,-0.304%,105984227,66450,Capital Goods,Industrial Machinery/Components,
UHAL,Amerco Common Stock,$612.64,15.82,2.651%,12012515240,77189,Miscellaneous,Rental/Leasing Companies,
UIHC,United Insurance Holdings Corp. Common Stock,$3.44,-0.05,-1.433%,149194320,70901,Finance,Property-Casualty Insurers,
UK,Ucommune International Ltd Ordinary Shares,$0.244,0.0188,8.348%,21323188,1894817,Miscellaneous,Business Services,
UKOMW,Ucommune International Ltd Warrant expiring 11/17/2025,$0.0722,0.0041,6.021%,0,16684,Miscellaneous,Business Services,
ULBI,Ultralife Corporation Common Stock,$5.49,0.04,0.734%,88537680,18336,Technology,Electronic Components,
ULCC,Frontier Group Holdings Inc. Common Stock,$11.08,0.84,8.203%,2405483878,2728320,Transportation,Air Freight/Delivery Services,
ULH,Universal Logistics Holdings Inc. Common Stock,$21.15,-0.22,-1.029%,569346473,61440,Transportation,Trucking Freight/Courier Services,
ULTA,Ulta Beauty Inc. Common Stock,$371.38,13.86,3.877%,20099149849,710290,,,
UMBF,UMB Financial Corporation Common Stock,$100.42,0.06,0.06%,4865893578,151300,Finance,Commercial Banks,
UMPQ,Umpqua Holdings Corporation Common Stock,$20.04,0.05,0.25%,4341198367,1526453,Finance,Commercial Banks,
UNAM,Unico American Corporation Common Stock,$2.73,0.06,2.247%,14482276,249,Finance,Property-Casualty Insurers,
UNB,Union Bankshares Inc. Common Stock,$30.50,-0.09,-0.294%,136797258,477,Finance,Major Banks,
UNCY,Unicycive Therapeutics Inc. Common Stock,$1.07,-0.1,-8.547%,16020631,114102,Health Care,Biotechnology: Pharmaceutical Preparations,
UNIT,Uniti Group Inc. Common Stock,$12.88,-0.1,-0.77%,3043868950,2745104,Consumer Services,Real Estate Investment Trusts,
UNTY,Unity Bancorp Inc. Common Stock,$28.18,-0.12,-0.424%,292818380,7975,Finance,Major Banks,
UONE,Urban One Inc. Class A Common Stock,$5.12,0.03,0.589%,262804695,78306,Consumer Services,Broadcasting,
UONEK,Urban One Inc. Class D Common Stock,$4.17,-0.05,-1.185%,214042105,28288,Consumer Services,Broadcasting,
UPLD,Upland Software Inc. Common Stock,$15.99,-0.11,-0.683%,497809203,243600,Technology,EDP Services,
UPST,Upstart Holdings Inc. Common stock,$97.48,8.14,9.111%,8193791650,17644513,Finance,Finance: Consumer Services,
UPTDU,TradeUP Acquisition Corp. Unit,$10.0899,-0.0001,-0.001%,0,2157,,,
UPTDW,TradeUP Acquisition Corp. Warrant,$0.2349,-0.005,-2.084%,0,400,,,
UPWK,Upwork Inc. Common Stock,$18.38,0.38,2.111%,2374983188,892493,,,
URBN,Urban Outfitters Inc. Common Stock,$26.02,0.02,0.077%,2509135765,1397367,Consumer Services,Clothing/Shoe/Accessory Stores,
USAK,USA Truck Inc. Common Stock,$20.44,0.16,0.789%,181826309,91963,Transportation,Trucking Freight/Courier Services,
USAP,Universal Stainless & Alloy Products Inc. Common Stock,$9.13,-0.17,-1.828%,81604771,75675,Basic Industries,Steel/Iron Ore,
USAU,U.S. Gold Corp. Common Stock,$8.60,0.47,5.781%,64340590,291628,Basic Industries,Precious Metals,
USCB,USCB Financial Holdings Inc. Class A Common Stock,$13.77,-0.33,-2.34%,275286439,22420,Finance,Major Banks,
USCTU,TKB Critical Technologies 1 Unit,$10.16,0.045,0.445%,0,800,,,
USCTW,TKB Critical Technologies 1 Warrant,$0.35,0,0.00%,0,1800,,,
USEG,U.S. Energy Corp. Common Stock,$6.39,-0.16,-2.443%,163469216,924083,Energy,Oil & Gas Production,
USIO,Usio Inc. Common Stock,$3.23,0.2,6.601%,81155430,47998,Technology,EDP Services,
USLM,United States Lime & Minerals Inc. Common Stock,$114.81,-0.73,-0.632%,650762024,2669,Energy,Other Metals and Minerals,
USWS,U.S. Well Services Inc. Class A Common Stock,$1.03,-0.07,-6.364%,53922321,8090990,Energy,Metal Fabrications,
USWSW,U.S. Well Services Inc. Warrants,$0.1312,-0.007,-5.065%,0,176991,Energy,Metal Fabrications,
UTAA,UTA Acquisition Corporation Class A Ordinary Shares,$9.84,-0.01,-0.102%,282900000,220005,,,
UTAAU,UTA Acquisition Corporation Units,$9.98,0,0.00%,0,50,,,
UTAAW,UTA Acquisition Corporation Warrants,$0.2912,-0.0488,-14.353%,0,800,,,
UTHR,United Therapeutics Corporation Common Stock,$178.82,3.82,2.183%,8070522480,394698,Health Care,Biotechnology: Pharmaceutical Preparations,
UTMD,Utah Medical Products Inc. Common Stock,$87.05,-0.26,-0.298%,318144856,7041,Health Care,Medical/Dental Instruments,
UTRS,Minerva Surgical Inc. Common Stock,$4.86,-0.21,-4.142%,140076295,2710,Technology,Computer Software: Prepackaged Software,
UVSP,Univest Financial Corporation Common Stock,$28.21,-0.26,-0.913%,832963666,84677,Finance,Major Banks,
VABK,Virginia National Bankshares Corporation Common Stock,$34.43,0.12,0.35%,182765974,1090,Finance,Major Banks,
VALU,Value Line Inc. Common Stock,$61.05,1.05,1.75%,582270480,14723,Technology,Advertising,
VAQC,Vector Acquisition Corporation II Class A Ordinary Shares,$9.72,-0.015,-0.154%,546750000,178286,Finance,Business Services,
VAXX,Vaxxinity Inc. Class A Common Stock,$3.76,0.06,1.622%,471481872,41369,Health Care,Biotechnology: Pharmaceutical Preparations,
VBFC,Village Bank and Trust Financial Corp. Common Stock,$57.47,1.16,2.06%,84680263,509,Finance,Major Banks,
VBIV,VBI Vaccines Inc. New Common Stock (Canada),$1.40,0.13,10.236%,361560492,2122484,,,
VBOC,Viscogliosi Brothers Acquisition Corp Common Stock,$9.88,0,0.00%,106518750,23,,,
VBOCU,Viscogliosi Brothers Acquisition Corp Unit,$9.99,0,0.00%,0,183,,,
VBTX,Veritex Holdings Inc. Common Stock,$40.50,-0.01,-0.025%,2167963947,442420,Finance,Major Banks,
VC,Visteon Corporation Common Stock,$100.74,1.58,1.593%,2821128904,281364,Capital Goods,Auto Parts:O.E.M.,
VCEL,Vericel Corporation Common Stock,$33.73,1.14,3.498%,1584219880,548877,Health Care,Biotechnology: Biological Products (No Diagnostic Substances),
VCNX,Vaccinex Inc. Common Stock,$1.36,0.18,15.254%,53786441,509277,Health Care,Biotechnology: Pharmaceutical Preparations,
VCSA,Vacasa Inc. Class A Common Stock,$6.27,0.58,10.193%,2829753866,517601,Technology,Computer Software: Prepackaged Software,
VCTR,Victory Capital Holdings Inc. Class A Common Stock,$32.17,0.42,1.323%,2190842562,174995,Finance,Investment Managers,
VCXA,10X Capital Venture Acquisition Corp. II Class A Ordinary Share,$9.82,0.01,0.102%,278118770,3832,,,
VCXAU,10X Capital Venture Acquisition Corp. II Unit,$10.13,-0.0001,-0.001%,0,550,,,
VCXAW,10X Capital Venture Acquisition Corp. II Warrant,$1.04,-0.01,-0.952%,0,2009,,,
VCYT,Veracyte Inc. Common Stock,$23.53,1.59,7.247%,1675766387,890440,Health Care,Biotechnology: Pharmaceutical Preparations,
VECO,Veeco Instruments Inc. Common Stock,$27.72,0.66,2.439%,1404112331,304738,Technology,Semiconductors,
VEEE,Twin Vee PowerCats Co. Common Stock,$3.49,0.24,7.385%,24430000,15318,Consumer Services,Other Specialty Stores,
VELO,Velocity Acquisition Corp. Class A Common Stock,$9.722,-0.018,-0.185%,279507500,3696,,,
VELOW,Velocity Acquisition Corp. Warrant,$0.2457,0,0.00%,0,25,,,
VENA,Venus Acquisition Corporation Ordinary Shares,$10.11,-0.02,-0.197%,61165500,5225,Finance,Business Services,
VENAR,Venus Acquisition Corporation Rights,$0.2047,-0.0005,-0.244%,0,122,Finance,Business Services,
VENAW,Venus Acquisition Corporation Warrant,$0.125,0.0001,0.08%,0,38583,Finance,Business Services,
VERA,Vera Therapeutics Inc. Class A Common Stock,$24.01,0.98,4.255%,648741556,74628,Health Care,Biotechnology: Pharmaceutical Preparations,
VERB,Verb Technology Company Inc. Common Stock,$0.96,-0.0031,-0.322%,71368947,575182,Technology,EDP Services,
VERBW,Verb Technology Company Inc. Warrant,$0.4901,-0.0099,-1.98%,0,24687,Technology,EDP Services,
VERI,Veritone Inc. Common Stock,$15.18,0.57,3.901%,530996780,377424,Technology,EDP Services,
VERO,Venus Concept Inc. Common Stock,$1.29,-0.01,-0.769%,82537528,69812,Health Care,Medical/Dental Instruments,
VERU,Veru Inc. Common Stock,$4.79,-0.03,-0.622%,383441172,754656,Health Care,Biotechnology: Pharmaceutical Preparations,
VERV,Verve Therapeutics Inc. Common Stock,$21.00,-2.78,-11.69%,1011591210,1828396,Consumer Durables,Specialty Chemicals,
VERX,Vertex Inc. Class A Common Stock,$13.18,0.41,3.211%,1965045740,192587,Technology,EDP Services,
VERY,Vericity Inc. Common Stock,$4.92,-0.55,-10.055%,73185000,391,Finance,Life Insurance,
VG,Vonage Holdings Corp. Common Stock,$20.11,0.04,0.199%,5109055984,3977491,Public Utilities,Telecommunications Equipment,
VHNAW,Vahanna Tech Edge Acquisition I Corp. Warrants,$0.3499,0.1699,94.389%,0,200,,,
VIA,Via Renewables Inc. Class A Common Stock,$8.55,-0.04,-0.466%,133890290,303831,Public Utilities,Power Generation,
VIASP,Via Renewables Inc. 8.75% Series A Fixed-to-Floating Rate Cumulative Redeemable Perpetual Preferred Stock,$25.32,0.08,0.317%,0,7396,Public Utilities,Power Generation,
VIAV,Viavi Solutions Inc. Common Stock,$15.59,0.33,2.163%,3585891508,2026320,Technology,Radio And Television Broadcasting And Communications Equipment,
VICR,Vicor Corporation Common Stock,$70.74,2.05,2.984%,3107681982,483924,Capital Goods,Industrial Machinery/Components,
VIEW,View Inc. Class A Common Stock,$1.46,0.14,10.606%,316932000,2728127,,,
VIEWW,View Inc. Warrant,$0.1625,0.0017,1.057%,0,1284,,,
VIGL,Vigil Neuroscience Inc. Common Stock,$11.06,-0.88,-7.37%,312599431,143232,Health Care,Biotechnology: Pharmaceutical Preparations,
VII,7GC & Co. Holdings Inc. Class A common stock,$9.77,-0.02,-0.204%,280887500,468501,,,
VIIAU,7GC & Co. Holdings Inc. Unit,$9.90,-0.02,-0.202%,0,8599,,,
VIIAW,7GC & Co. Holdings Inc. Warrant,$0.1901,0,0.00%,0,163202,,,
VINC,Vincerx Pharma Inc. Common Stock,$4.08,0.02,0.493%,85914845,100893,Health Care,Biotechnology: Biological Products (No Diagnostic Substances),
VINO,Gaucho Group Holdings Inc. Common Stock,$2.28,0.01,0.441%,25484709,26303,Finance,Real Estate,
VIR,Vir Biotechnology Inc. Common Stock,$22.99,0.9,4.074%,3041658867,1528456,Health Care,Biotechnology: Pharmaceutical Preparations,
VIRC,Virco Manufacturing Corporation Common Stock,$2.88,-0.03,-1.031%,46373826,686,Consumer Durables,Industrial Specialties,
VIRI,Virios Therapeutics Inc. Common Stock,$5.01,-0.25,-4.753%,41735254,37679,Health Care,Biotechnology: Pharmaceutical Preparations,
VIRT,Virtu Financial Inc. Class A Common Stock,$34.45,0.74,2.195%,6276578580,1094255,Finance,Investment Bankers/Brokers/Service,
VIRX,Viracta Therapeutics Inc. Common Stock,$2.23,-0.02,-0.889%,83205069,69534,Health Care,Biotechnology: Pharmaceutical Preparations,
VISL,Vislink Technologies Inc. Common Stock,$0.8899,-0.0001,-0.011%,40779747,290352,Capital Goods,Telecommunications Equipment,
VITL,Vital Farms Inc. Common Stock,$12.06,0.66,5.789%,488810336,198244,,Farming/Seeds/Milling,
VIVE,Viveve Medical Inc. Common Stock,$0.7951,-0.0049,-0.613%,8430095,73631,Health Care,Biotechnology: Electromedical & Electrotherapeutic Apparatus,
VIVK,Vivakor Inc. Common Stock,$2.30,-0.06,-2.542%,34066926,50240,Energy,Oilfield Services/Equipment,
VIVO,Meridian Bioscience Inc. Common Stock,$24.99,0.12,0.483%,1088099886,276175,Health Care,Biotechnology: In Vitro & In Vivo Diagnostic Substances,
VKTX,Viking Therapeutics Inc. Common Stock,$3.03,0.02,0.664%,237439599,1253387,Health Care,Biotechnology: Pharmaceutical Preparations,
VLCN,Volcon Inc. Common stock,$2.55,0.04,1.594%,61265928,143656,,,
VLDR,Velodyne Lidar Inc. Common Stock,$2.17,0.13,6.373%,429967164,9149308,Capital Goods,Industrial Machinery/Components,
VLDRW,Velodyne Lidar Inc. Warrants ,$1.06,0.1599,17.765%,0,23382,Capital Goods,Industrial Machinery/Components,
VLGEA,Village Super Market Inc. Class A Common Stock,$24.60,0.57,2.372%,357812018,28982,Consumer Services,Food Chains,
VLON,Vallon Pharmaceuticals Inc. Common Stock,$7.66,0.71,10.216%,52186324,543079,Consumer Durables,Specialty Chemicals,
VLY,Valley National Bancorp Common Stock,$13.54,0.1,0.744%,5705595659,3036311,Finance,Major Banks,
VLYPO,Valley National Bancorp 5.50% Fixed-to-Floating Rate Non-Cumulative Perpetual Preferred Stock Series B,$24.30,-0.01,-0.041%,0,3349,Finance,Major Banks,
VLYPP,Valley National Bancorp 6.25% Fixed-to-Floating Rate Non-Cumulative Perpetual Preferred Stock Series A,$25.62,0.66,2.644%,0,8128,Finance,Major Banks,
VMCAU,Valuence Merger Corp. I Unit,$10.00,-0.03,-0.299%,0,1323,,,
VMD,Viemed Healthcare Inc. Common Shares,$4.58,-0.09,-1.927%,181735751,107707,,,
VMEO,Vimeo Inc. Common Stock,$11.01,0.77,7.52%,1829797052,2244000,Technology,Computer Software: Prepackaged Software,
VNDA,Vanda Pharmaceuticals Inc. Common Stock,$11.24,0.18,1.627%,628393050,287787,Health Care,Biotechnology: Pharmaceutical Preparations,
VNOM,Viper Energy Partners LP Common Unit,$27.81,-0.44,-1.558%,2140430105,556737,Energy,Oil & Gas Production,
VOR,Vor Biopharma Inc. Common Stock,$7.66,-0.04,-0.519%,285637601,68261,Health Care,Biotechnology: Pharmaceutical Preparations,
VORB,Virgin Orbit Holdings Inc. Common Stock,$6.03,0.71,13.346%,2019567081,401163,,,
VORBW,Virgin Orbit Holdings Inc. Warrant,$0.9678,0.0478,5.196%,0,19668,,,
VOXX,VOXX International Corporation Class A Common Stock,$10.14,0.02,0.198%,242098412,86210,Consumer Non-Durables,Consumer Electronics/Appliances,
VPCB,VPC Impact Acquisition Holdings II Class A ordinary shre,$9.76,0.0182,0.187%,312057290,456347,Finance,Business Services,
VPCBU,VPC Impact Acquisition Holdings II Unit,$9.7667,0.0367,0.377%,0,1900,Finance,Business Services,
VPCBW,VPC Impact Acquisition Holdings II Warrant,$0.19,0.0356,23.057%,0,305500,Finance,Business Services,
VRA,Vera Bradley Inc. Common Stock,$7.69,0.36,4.911%,259384969,363487,Consumer Non-Durables,Apparel,
VRAR,The Glimpse Group Inc. Common Stock,$5.26,0.22,4.365%,66323777,98420,Technology,Retail: Computer Software & Peripheral Equipment,
VRAY,ViewRay Inc. Common Stock,$3.63,0.18,5.217%,651239046,1300143,Health Care,Industrial Specialties,
VRCA,Verrica Pharmaceuticals Inc. Common Stock,$7.97,0.28,3.641%,219326852,46075,Health Care,Biotechnology: Pharmaceutical Preparations,
VRDN,Viridian Therapeutics Inc. Common Stock,$19.91,-0.29,-1.436%,432491969,166017,Health Care,Biotechnology: Pharmaceutical Preparations,
VREX,Varex Imaging Corporation Common Stock,$23.36,-0.25,-1.059%,925056000,344792,Health Care,Medical Electronics,
VRM,Vroom Inc. Common Stock,$2.47,0.14,6.009%,338691076,8121142,Consumer Services,Other Specialty Stores,
VRME,VerifyMe Inc. Common Stock,$2.98,0.06,2.055%,21745865,4982,Miscellaneous,Diversified Manufacture,
VRNS,Varonis Systems Inc. Common Stock,$37.90,1.55,4.264%,4074796670,929599,Technology,Computer Software: Prepackaged Software,
VRNT,Verint Systems Inc. Common Stock,$49.46,0.69,1.415%,3249709157,208146,Technology,EDP Services,
VRPX,Virpax Pharmaceuticals Inc. Common Stock,$2.01,0.11,5.789%,23547240,701829,Consumer Durables,Specialty Chemicals,
VRRM,Verra Mobility Corporation Class A Common Stock,$16.17,0.08,0.497%,2523559585,498848,Miscellaneous,Other Consumer Services,
VRSK,Verisk Analytics Inc. Common Stock,$190.91,4.96,2.667%,30790526457,1097865,Technology,EDP Services,
VRSN,VeriSign Inc. Common Stock,$204.39,4.96,2.487%,22517122653,820866,Technology,EDP Services,
VRTS,Virtus Investment Partners Inc. Common Stock,$218.20,4.55,2.13%,1637842148,58217,Finance,Investment Managers,
VRTX,Vertex Pharmaceuticals Incorporated Common Stock,$246.99,5.31,2.197%,62877896910,1600778,Health Care,Biotechnology: Pharmaceutical Preparations,
VSAC,Vision Sensing Acquisition Corp. Class A Common Stock,$9.98,0,0.00%,130515446,368060,,,
VSACU,Vision Sensing Acquisition Corp. Unit,$10.11,0.02,0.198%,0,133,,,
VSACW,Vision Sensing Acquisition Corp. Warrants,$0.2098,-0.0082,-3.761%,0,3000,,,
VSAT,ViaSat Inc. Common Stock,$46.90,-0.14,-0.298%,3489033576,290255,Technology,Radio And Television Broadcasting And Communications Equipment,
VSEC,VSE Corporation Common Stock,$43.79,0.44,1.015%,556654758,35374,,,
VSTM,Verastem Inc. Common Stock,$1.17,-0.03,-2.50%,213157609,2187287,Health Care,Biotechnology: Pharmaceutical Preparations,
VTAQ,Ventoux CCM Acquisition Corp. Common Stock,$10.09,0,0.00%,217565625,10051,,,
VTAQU,Ventoux CCM Acquisition Corp. Unit,$10.40,0,0.00%,0,30,,,
VTAQW,Ventoux CCM Acquisition Corp. Warrant,$0.18,-0.01,-5.263%,0,120621,,,
VTGN,VistaGen Therapeutics Inc. Common Stock,$1.14,0,0.00%,235441869,2324405,Health Care,Biotechnology: Pharmaceutical Preparations,
VTIQ,VectoIQ Acquisition Corp. II Class A Common Stock,$9.74,-0.01,-0.103%,428803500,2605,,,
VTIQU,VectoIQ Acquisition Corp. II Unit,$9.79,0,0.00%,0,3170,,,
VTIQW,VectoIQ Acquisition Corp. II Warrant,$0.3796,-0.0004,-0.105%,11251344,10238,,,
VTNR,Vertex Energy Inc Common Stock,$8.14,-0.19,-2.281%,515652435,4260714,Energy,Oilfield Services/Equipment,
VTRS,Viatris Inc. Common Stock,$9.96,0.15,1.529%,12047379749,13784080,Consumer Durables,Specialty Chemicals,
VTSI,VirTra Inc. Common Stock,$5.60,-0.17,-2.946%,60519928,20065,Capital Goods,Military/Government/Technical,
VTVT,vTv Therapeutics Inc. Class A Common Stock,$0.5505,0.0209,3.946%,36851999,184078,Health Care,Biotechnology: Pharmaceutical Preparations,
VTYX,Ventyx Biosciences Inc. Common Stock,$10.50,-1,-8.696%,528113313,299141,Consumer Durables,Specialty Chemicals,
VUZI,Vuzix Corporation Common Stock,$5.78,0.14,2.482%,368025709,1148227,Capital Goods,Industrial Machinery/Components,
VVOS,Vivos Therapeutics Inc. Common Stock,$2.69,-0.07,-2.536%,61902600,33721,Health Care,Medical Specialities,
VWE,Vintage Wine Estates Inc. Common Stock,$8.25,0,0.00%,508951196,122205,Consumer Non-Durables,Beverages (Production/Distribution),
VWEWW,Vintage Wine Estates Inc. Warrants,$1.79,-0.21,-10.50%,0,6019,Consumer Non-Durables,Beverages (Production/Distribution),
VWTR,Vidler Water Resources Inc. Common Stock,$11.81,0.03,0.255%,216356472,75128,Public Utilities,Water Supply,
VXRT,Vaxart Inc Common Stock,$4.46,0.17,3.963%,561114353,1887382,Health Care,Biotechnology: Biological Products (No Diagnostic Substances),
VYGR,Voyager Therapeutics Inc. Common Stock,$6.55,0.35,5.645%,249651154,804500,Health Care,Biotechnology: Pharmaceutical Preparations,
VYNE,VYNE Therapeutics Inc. Common Stock,$0.5602,0.0152,2.789%,29980734,179272,Health Care,Biotechnology: Pharmaceutical Preparations,
VYNT,Vyant Bio Inc. Common Stock,$1.00,0,0.00%,28989623,20873,Health Care,Biotechnology: Pharmaceutical Preparations,
WABC,Westamerica Bancorporation Common Stock,$62.40,-0.01,-0.016%,1676540986,164752,Finance,Major Banks,
WAFD,Washington Federal Inc. Common Stock,$34.67,0.45,1.315%,2263999365,486423,Finance,Major Banks,
WAFDP,Washington Federal Inc. Depositary Shares,$21.10,-0.04,-0.189%,0,32225,Finance,Major Banks,
WALD,Waldencast Acquisition Corp. Class A Ordinary Share,$9.88,-0.01,-0.101%,426075000,100129,Finance,Business Services,
WALDU,Waldencast Acquisition Corp. Units,$10.1708,-0.0292,-0.286%,0,37656,Finance,Business Services,
WALDW,Waldencast Acquisition Corp. Warrant ,$0.9716,-0.0034,-0.349%,0,65799,Finance,Business Services,
WASH,Washington Trust Bancorp Inc. Common Stock,$53.62,-0.27,-0.501%,929308703,37942,Finance,Major Banks,
WATT,Energous Corporation Common Stock,$1.03,0.03,3.00%,78977521,518974,Capital Goods,Industrial Machinery/Components,
WAVD,WaveDancer Inc. Common Stock,$5.02,-0.01,-0.199%,86543279,140655,Technology,EDP Services,
WAVSU,Western Acquisition Ventures Corp. Unit,$10.00,0.04,0.402%,0,230000,,,
WBA,Walgreens Boots Alliance Inc. Common Stock,$48.17,0.26,0.543%,41583813541,3850044,Health Care,Medical/Nursing Services,
WDAY,Workday Inc. Class A Common Stock,$221.42,0.51,0.231%,55576420000,2180452,Technology,Computer Software: Prepackaged Software,
WDC,Western Digital Corporation Common Stock,$45.94,1.47,3.306%,14375438541,2384077,Technology,Electronic Components,
WDFC,WD-40 Company Common Stock,$188.61,-0.07,-0.037%,2581574290,111263,Basic Industries,Industrial Specialties,
WEN,Wendy's Company (The) Common Stock,$21.49,0.39,1.848%,4620557035,1884541,Consumer Services,Restaurants,
WERN,Werner Enterprises Inc. Common Stock,$42.58,0.04,0.094%,2801896041,1093423,Transportation,Trucking Freight/Courier Services,
WETF,WisdomTree Investments Inc. Common Stock,$5.29,0.1,1.927%,775441479,611544,Finance,Investment Managers,
WEYS,Weyco Group Inc. Common Stock,$23.77,0.15,0.635%,231766747,10819,Consumer Non-Durables,Shoe Manufacturing,
WFCF,Where Food Comes From Inc. Common Stock,$11.26,-0.04,-0.354%,66981315,9737,Technology,Computer Software: Prepackaged Software,
WFRD,Weatherford International plc Ordinary Shares,$31.83,-1.61,-4.815%,2243789644,478294,Energy,Metal Fabrications,
WHF,WhiteHorse Finance Inc. Common Stock,$14.86,-0.07,-0.469%,344673762,51888,Finance,Finance Companies,
WHLM,Wilhelmina International Inc. Common Stock,$4.28,0.14,3.382%,22073432,13022,Miscellaneous,Business Services,
WHLR,Wheeler Real Estate Investment Trust Inc. Common Stock,$1.97,0.02,1.026%,19149448,22729,Consumer Services,Real Estate Investment Trusts,
WHLRD,Wheeler Real Estate Investment Trust Inc. Series D Cumulative Preferred Stock,$13.75,-0.2499,-1.785%,0,6057,Consumer Services,Real Estate Investment Trusts,
WHLRL,Wheeler Real Estate Investment Trust Inc. 7.00% Senior Subordinated Convertible Notes Due 2031,$29.50,0.37,1.27%,0,7562,,,
WHLRP,Wheeler Real Estate Investment Trust Inc. Class B Preferred Stock,$6.96,0.26,3.881%,0,839,Consumer Services,Real Estate Investment Trusts,
WINA,Winmark Corporation Common Stock,$230.00,3.34,1.474%,824741130,4098,Miscellaneous,Diversified Commercial Services,
WING,Wingstop Inc. Common Stock,$113.24,-3.66,-3.131%,3378899057,948519,Consumer Services,Restaurants,
WINT,Windtree Therapeutics Inc. Common Stock,$0.955,0.0145,1.542%,26996824,61980,Health Care,Biotechnology: Biological Products (No Diagnostic Substances),
WINVR,WinVest Acquisition Corp. Right,$0.0851,-0.0124,-12.718%,0,46611,,,
WINVW,WinVest Acquisition Corp. Warrant,$0.11,0,0.00%,0,3100,,,
WIRE,Encore Wire Corporation Common Stock,$122.64,2.08,1.725%,2480834032,145093,Basic Industries,Metal Fabrications,
WISA,WiSA Technologies Inc. Common Stock,$1.16,0.05,4.505%,18335724,169998,Technology,Electronic Components,
WISH,ContextLogic Inc. Class A Common Stock,$1.70,-0.08,-4.494%,1093100000,29977628,Capital Goods,Recreational Products/Toys,
WKHS,Workhorse Group Inc. Common Stock,$3.23,0.19,6.25%,489910376,4015420,Capital Goods,Auto Manufacturing,
WLDN,Willdan Group Inc. Common Stock,$26.70,-4.33,-13.954%,341866800,306482,Consumer Services,Military/Government/Technical,
WLFC,Willis Lease Finance Corporation Common Stock,$33.27,0,0.00%,200154017,5050,Capital Goods,Aerospace,
WMG,Warner Music Group Corp. Class A Common Stock,$34.99,2.24,6.84%,18013333637,1357541,Consumer Services,Movies/Entertainment,
WMPN,William Penn Bancorporation Common Stock,$12.61,0.16,1.285%,191300837,10961,Finance,Savings Institutions,
WNEB,Western New England Bancorp Inc. Common Stock,$9.02,-0.04,-0.442%,204361765,17041,Finance,Savings Institutions,
WOOF,Petco Health and Wellness Company Inc. Class A Common Stock,$18.88,0.51,2.776%,5003025945,3103346,Miscellaneous,Diversified Commercial Services,
WORX,SCWorx Corp. Common Stock,$0.715,0.015,2.143%,8037176,8750,Health Care,Managed Health Care,
WRAP,Wrap Technologies Inc. Common Stock,$1.76,0.03,1.734%,72053293,208430,Capital Goods,Industrial Machinery/Components,
WRLD,World Acceptance Corporation Common Stock,$176.00,4.97,2.906%,1152131728,30733,Finance,Finance: Consumer Services,
WSBC,WesBanco Inc. Common Stock,$35.31,-0.19,-0.535%,2164883889,199298,Finance,Major Banks,
WSBCP,WesBanco Inc. Depositary Shares Each Representing a 1/40th Interest in a Share of 6.75% Fixed-Rate Reset Non-Cumulative Perpetual Preferred Stock Series A,$26.60,0.5422,2.081%,0,10204,Finance,Major Banks,
WSBF,Waterstone Financial Inc. Common Stock (MD),$19.63,-0.04,-0.203%,475653902,70744,Finance,Savings Institutions,
WSC,WillScot Mobile Mini Holdings Corp. Class A Common Stock,$35.93,0.89,2.54%,8022368947,1316452,Technology,Diversified Commercial Services,
WSFS,WSFS Financial Corporation Common Stock,$50.66,-0.29,-0.569%,3312097860,228000,Finance,Major Banks,
WSTG,Wayside Technology Group Inc. Common Stock,$33.64,1.91,6.02%,149700086,35501,Technology,Retail: Computer Software & Peripheral Equipment,
WTBA,West Bancorporation Common Stock,$28.42,-0.19,-0.664%,470488723,12648,Finance,Major Banks,
WTER,The Alkaline Water Company Inc. Common Stock,$0.7823,-0.0377,-4.598%,85466551,454368,Consumer Non-Durables,Beverages (Production/Distribution),
WTFC,Wintrust Financial Corporation Common Stock,$92.39,0.37,0.402%,5288179554,269214,Finance,Major Banks,
WTFCM,Wintrust Financial Corporation Fixed-to-Floating Rate Non-Cumulative Perpetual Preferred Stock Series D,$25.71,-0.0369,-0.143%,0,4496,Finance,Major Banks,
WTFCP,Wintrust Financial Corporation Depositary Shares Each Representing a 1/1000th Interest in a Share of 6.875% Fixed-Rate Reset Non-Cumulative Perpetual Preferred Stock Series E,$26.49,0.085,0.322%,0,29818,Finance,Major Banks,
WTMA,Welsbach Technology Metals Acquisition Corp. Common Stock,$9.85,0,0.00%,123276808,575,,,
WTMAR,Welsbach Technology Metals Acquisition Corp. one right to receive 1/10th of a share of common stock,$0.20,0,0.00%,0,3000,,,
WTMAU,Welsbach Technology Metals Acquisition Corp. Unit,$9.95,0,0.00%,0,96,,,
WTRH,Waitr Holdings Inc. Common Stock,$0.3159,0.0139,4.603%,45590057,4528406,Technology,Computer Software: Prepackaged Software,
WULF,TeraWulf Inc. Common Stock,$7.81,-0.14,-1.761%,780814536,596146,Finance,Investment Bankers/Brokers/Service,
WVFC,WVS Financial Corp. Common Stock,$15.06,-0.22,-1.44%,28359697,1067,Finance,Banks,
WVVI,Willamette Valley Vineyards Inc. Common Stock,$10.20,-0.15,-1.449%,50638196,8060,Consumer Non-Durables,Beverages (Production/Distribution),
WVVIP,Willamette Valley Vineyards Inc. Series A Redeemable Preferred Stock,$5.13,-0.05,-0.965%,0,4701,Consumer Non-Durables,Beverages (Production/Distribution),
WW,WW International Inc. Common Stock,$9.71,0.22,2.318%,680447214,992746,Miscellaneous,Other Consumer Services,
WWAC,Worldwide Webb Acquisition Corp. Class A Ordinary Share,$9.795,-0.005,-0.051%,281606250,89080,,,
WWACW,Worldwide Webb Acquisition Corp. Warrant,$0.2361,-0.0639,-21.30%,0,2900,,,
WWD,Woodward Inc. Common Stock,$124.24,2.07,1.694%,7840130289,598000,Capital Goods,Military/Government/Technical,
WYNN,Wynn Resorts Limited Common stock,$69.52,2.64,3.947%,8057277902,4772968,Consumer Services,Hotels/Resorts,
XAIR,Beyond Air Inc. Common Stock,$6.41,-0.06,-0.927%,191219274,109333,,,
XBIO,Xenetic Biosciences Inc. Common Stock,$0.89,0,0.00%,5603642,61298,Health Care,Biotechnology: Pharmaceutical Preparations,
XBIOW,Xenetic Biosciences Inc. Warrants,$0.96,-0.02,-2.041%,0,110,Health Care,Biotechnology: Pharmaceutical Preparations,
XBIT,XBiotech Inc. Common Stock,$9.01,0.04,0.446%,273897774,60170,,,
XCUR,Exicure Inc. Common Stock,$0.2172,0.0099,4.776%,23627699,9575440,Health Care,Biotechnology: Pharmaceutical Preparations,
XEL,Xcel Energy Inc. Common Stock,$70.23,0.72,1.036%,38220130258,4454621,Public Utilities,Power Generation,
XELA,Exela Technologies Inc. Common Stock,$0.475,-0.0151,-3.081%,165653365,50963089,Technology,Retail: Computer Software & Peripheral Equipment,
XELB,Xcel Brands Inc. Common Stock,$1.13,-0.06,-5.042%,22101459,52785,Basic Industries,Industrial Specialties,
XENT,Intersect ENT Inc. Common Stock,$27.67,0.1,0.363%,934900263,214956,Health Care,Medical/Dental Instruments,
XERS,Xeris Biopharma Holdings Inc. Common Stock,$2.67,0.1,3.891%,361847774,1631497,Health Care,Biotechnology: Pharmaceutical Preparations,
XFINU,ExcelFin Acquisition Corp Unit,$10.04,-0.06,-0.594%,0,110,,,
XFINW,ExcelFin Acquisition Corp Warrant,$0.38,-0.01,-2.564%,0,800,,,
XFOR,X4 Pharmaceuticals Inc. Common Stock,$1.97,0.17,9.444%,58588901,268009,Health Care,Biotechnology: Biological Products (No Diagnostic Substances),
XGN,Exagen Inc. Common Stock,$7.98,0.45,5.976%,128990571,21833,Health Care,Medical Specialities,
XLO,Xilio Therapeutics Inc. Common Stock,$7.01,-0.04,-0.567%,192557340,12424,Health Care,Biotechnology: Pharmaceutical Preparations,
XM,Qualtrics International Inc. Class A Common Stock,$27.34,1.18,4.511%,15892201078,1259631,Technology,Computer Software: Prepackaged Software,
XMTR,Xometry Inc. Class A Common Stock,$35.91,1.05,3.012%,1669610888,550640,Technology,Industrial Machinery/Components,
XNCR,Xencor Inc. Common Stock,$26.82,0.04,0.149%,1592446082,330856,Health Care,Biotechnology: Pharmaceutical Preparations,
XOMA,XOMA Corporation Common Stock,$26.15,0.19,0.732%,295995093,22004,Health Care,Biotechnology: Pharmaceutical Preparations,
XOMAO,XOMA Corporation Depositary Shares Rep Series B 8.375% Cumulative Preferred Stock,$25.80,0.15,0.585%,0,1299,Health Care,Biotechnology: Pharmaceutical Preparations,
XOMAP,XOMA Corporation 8.625% Series A Cumulative Perpetual Preferred Stock,$25.40,-0.0306,-0.12%,0,913,Health Care,Biotechnology: Pharmaceutical Preparations,
XOS,Xos Inc. Common Stock,$2.48,0.15,6.438%,404004246,326433,Capital Goods,Construction/Ag Equipment/Trucks,
XOSWW,Xos Inc. Warrants,$0.3218,0.013,4.21%,0,26232,Capital Goods,Construction/Ag Equipment/Trucks,
XPAX,XPAC Acquisition Corp. Class A Ordinary Shares,$9.72,0,0.00%,266827744,245,,,
XPAXU,XPAC Acquisition Corp. Unit,$9.76,-0.03,-0.306%,0,1100,,,
XPDB,Power & Digital Infrastructure Acquisition II Corp. Class A Common Stock,$9.76,-0.0298,-0.304%,350750000,375490,,,
XPDBU,Power & Digital Infrastructure Acquisition II Corp. Unit,$10.00,0,0.00%,0,4,,,
XPDBW,Power & Digital Infrastructure Acquisition II Corp. Warrant,$0.5099,0,0.00%,0,80,,,
XPEL,XPEL Inc. Common Stock,$53.69,-0.52,-0.959%,1482520333,288004,Capital Goods,Auto Parts:O.E.M.,
XPER,Xperi Holding Corporation Common Stock,$16.73,0.37,2.262%,1727809856,557356,Technology,Semiconductors,
XRAY,DENTSPLY SIRONA Inc. Common Stock,$47.71,0.02,0.042%,10379515796,2054433,Health Care,Medical/Dental Instruments,
XRX,Xerox Holdings Corporation Common Stock,$19.09,0.46,2.469%,2984808760,1894720,Technology,EDP Services,
XSPA,XpresSpa Group Inc. Common Stock,$1.06,0.0758,7.702%,112002166,2391762,Miscellaneous,Other Consumer Services,
XXII,22nd Century Group Inc. Common Stock,$2.00,-0.08,-3.846%,325876750,1663306,,,
YELL,Yellow Corporation Common Stock,$7.41,0.26,3.636%,380838210,493501,Transportation,Trucking Freight/Courier Services,
YMAB,Y-mAbs Therapeutics Inc. Common Stock,$8.70,0.02,0.23%,380307746,774007,Health Care,Biotechnology: Pharmaceutical Preparations,
YMTX,Yumanity Therapeutics Inc. Common Stock,$1.06,0.06,6.00%,10926851,14489,Health Care,Biotechnology: Pharmaceutical Preparations,
YORW,York Water Company (The) Common Stock,$44.05,0.42,0.963%,577726190,40562,Public Utilities,Water Supply,
YTEN,Yield10 Bioscience Inc. Common Stock,$4.55,-1.12,-19.753%,22212422,737028,,,
Z,Zillow Group Inc. Class C Capital Stock,$47.08,0.95,2.059%,11801638655,2691669,Miscellaneous,Business Services,
ZBRA,Zebra Technologies Corporation Class A Common Stock,$387.08,6.99,1.839%,20546105759,340804,Technology,Computer peripheral equipment,
ZD,Ziff Davis Inc. Common Stock,$93.61,0.88,0.949%,4440871225,248128,Technology,Advertising,
ZEST,Ecoark Holdings Inc. Common Stock,$2.37,-0.33,-12.222%,62482915,252223,Energy,Oil & Gas Production,
ZEUS,Olympic Steel Inc. Common Stock,$29.32,0.42,1.453%,326146884,61615,Basic Industries,Steel/Iron Ore,
ZG,Zillow Group Inc. Class A Common Stock,$46.03,1.02,2.266%,11538433035,685365,Miscellaneous,Business Services,
ZI,ZoomInfo Technologies Inc Class A Common Stock,$51.94,3.21,6.587%,20947500582,3148897,Technology,Computer Software: Prepackaged Software,
ZIMV,ZimVie Inc. Common Stock,$22.94,-0.08,-0.348%,598734000,550553,Health Care,Biotechnology: Electromedical & Electrotherapeutic Apparatus,
ZING,FTAC Zeus Acquisition Corp. Class A Common Stock,$9.79,-0.03,-0.305%,548615280,991,,,
ZINGW,FTAC Zeus Acquisition Corp. Warrant,$0.40,0.0246,6.553%,0,1300,,,
ZION,Zions Bancorporation N.A. Common Stock,$65.36,0.36,0.554%,9906897882,1117439,Finance,Major Banks,
ZIONL,Zions Bancorporation 6.95% Fixed-to-Floating Rate Subordinated Notes,$26.39,-0.1,-0.378%,0,5485,Finance,Major Banks,
ZIONO,Zions Bancorporation N.A. Dep Shs Repstg 1/40th Perp Pfd Ser G,$25.45,0.121,0.478%,0,17113,Finance,Major Banks,
ZIONP,Zions Bancorporation N.A. Depositary Shares (Each representing 1/40th Interest in a Share of Series A Floating-Rate Non-Cumulative Perpetual Preferred Stock),$21.26,-0.0589,-0.276%,0,8180,Finance,Major Banks,
ZIVO,Zivo Bioscience Inc. Common Stock,$3.57,0.06,1.709%,33628186,18983,Health Care,Biotechnology: Pharmaceutical Preparations,
ZIVOW,Zivo Bioscience Inc. Warrants,$0.758,0.0079,1.053%,0,2110,Health Care,Biotechnology: Pharmaceutical Preparations,
ZM,Zoom Video Communications Inc. Class A Common Stock,$98.97,4.33,4.575%,29604298618,6997137,Technology,Computer Software: Prepackaged Software,
ZNGA,Zynga Inc. Class A Common Stock,$8.85,-0.01,-0.113%,10021813782,28152145,Technology,EDP Services,
ZNTE,Zanite Acquisition Corp. Class A Common Stock,$10.25,0.01,0.098%,294687500,19967,,,
ZNTEW,Zanite Acquisition Corp. Warrant,$0.635,-0.0002,-0.031%,0,1100,,,
ZNTL,Zentalis Pharmaceuticals Inc. Common Stock,$42.77,1.19,2.862%,1948720229,408391,Consumer Durables,Specialty Chemicals,
ZS,Zscaler Inc. Common Stock,$196.61,7.08,3.736%,27738787911,2215164,Technology,EDP Services,
ZSAN,Zosano Pharma Corporation Common Stock,$0.1545,-0.0036,-2.277%,26489923,4810720,Health Care,Biotechnology: Pharmaceutical Preparations,
ZT,Zimmer Energy Transition Acquisition Corp. Class A Common Stock,$9.70,0,0.00%,418312500,17857,,,
ZTAQU,Zimmer Energy Transition Acquisition Corp. Units,$9.94,0,0.00%,0,19,,,
ZTAQW,Zimmer Energy Transition Acquisition Corp. Warrants,$0.42,-0.1355,-24.392%,0,200,,,
ZUMZ,Zumiez Inc. Common Stock,$41.09,0.63,1.557%,822416350,500195,,,
ZVO,Zovio Inc. Common Stock,$1.01,0,0.00%,33794292,11011,Miscellaneous,Other Consumer Services,
ZWRK,Z-Work Acquisition Corp. Class A Common Stock,$9.75,0,0.00%,280312500,8010,,,
ZWRKU,Z-Work Acquisition Corp. Units,$9.855,0,0.00%,0,1,,,
ZWRKW,Z-Work Acquisition Corp. Warrant,$0.245,0.0148,6.429%,0,40967,,,
ZY,Zymergen Inc. Common Stock,$3.29,0.12,3.785%,336898616,631082,Basic Industries,Industrial Specialties,
ZYNE,Zynerba Pharmaceuticals Inc. Common Stock,$1.83,-0.16,-8.04%,77678078,380930,Health Care,Biotechnology: Pharmaceutical Preparations,
ZYXI,Zynex Inc. Common Stock,$5.14,-0.02,-0.388%,206108166,215982,Health Care,Other Pharmaceuticals,
